PERMNO,Date,Ticker,PRC,RET
-1,2006-01-31,ABB,83.2806,
-1,2006-02-28,ABB,83.8502,0.00684
-1,2006-03-31,ABB,96.4137,0.149833
-1,2006-04-30,ABB,101.8847,0.056745
-1,2006-05-31,ABB,76.5255,-0.248901
-1,2006-06-30,ABB,83.5159,0.091347
-1,2006-07-31,ABB,80.9807,-0.030356
-1,2006-08-31,ABB,93.1781,0.150621
-1,2006-09-30,ABB,97.556,0.046984
-1,2006-10-31,ABB,119.1168,0.221009
-1,2006-11-30,ABB,116.7634,-0.019757
-1,2006-12-31,ABB,124.1991,0.063682
-1,2007-01-31,ABB,120.8509,-0.026958
-1,2007-02-28,ABB,120.9995,0.00123
-1,2007-03-31,ABB,118.4926,-0.020718
-1,2007-04-30,ABB,136.4332,0.151407
-1,2007-05-31,ABB,153.6762,0.126384
-1,2007-06-30,ABB,925.223,5.0206
-1,2007-07-31,ABB,970.1207,0.048526
-1,2007-08-31,ABB,956.0425,-0.014512
-1,2007-09-30,ABB,1096.1895,0.146591
-1,2007-10-31,ABB,1332.1772,0.21528
-1,2007-11-30,ABB,1315.8585,-0.01225
-1,2007-12-31,ABB,1278.655,-0.028273
-1,2008-01-31,ABB,946.9108,-0.259448
-1,2008-02-29,ABB,976.8425,0.03161
-1,2008-03-31,ABB,997.6851,0.021337
-1,2008-04-30,ABB,964.7516,-0.03301
-1,2008-05-31,ABB,865.4862,-0.102892
-1,2008-06-30,ABB,681.1036,-0.213039
-1,2008-07-31,ABB,653.7272,-0.040194
-1,2008-08-31,ABB,742.4247,0.13568
-1,2008-09-30,ABB,669.1528,-0.098693
-1,2008-10-31,ABB,461.1604,-0.310829
-1,2008-11-30,ABB,371.3608,-0.194725
-1,2008-12-31,ABB,384.6252,0.035718
-1,2009-01-31,ABB,411.1964,0.069083
-1,2009-02-28,ABB,311.226,-0.243121
-1,2009-03-31,ABB,361.6562,0.162037
-1,2009-04-30,ABB,409.8403,0.133232
-1,2009-05-31,ABB,551.7228,0.34619
-1,2009-06-30,ABB,663.1507,0.201964
-1,2009-07-31,ABB,596.8698,-0.099948
-1,2009-08-31,ABB,646.3674,0.082929
-1,2009-09-30,ABB,668.305,0.03394
-1,2009-10-31,ABB,655.611,-0.018994
-1,2009-11-30,ABB,631.3305,-0.037035
-1,2009-12-31,ABB,653.5237,0.035153
-1,2010-01-31,ABB,690.924,0.057229
-1,2010-02-28,ABB,676.9523,-0.020222
-1,2010-03-31,ABB,707.111,0.044551
-1,2010-04-30,ABB,675.0777,-0.045302
-1,2010-05-31,ABB,731.8172,0.084049
-1,2010-06-30,ABB,737.1893,0.007341
-1,2010-07-31,ABB,693.2346,-0.059625
-1,2010-08-31,ABB,665.7684,-0.03962
-1,2010-09-30,ABB,787.5939,0.182985
-1,2010-10-31,ABB,702.4186,-0.108146
-1,2010-11-30,ABB,654.5768,-0.06811
-1,2010-12-31,ABB,679.9073,0.038698
-1,2011-01-31,ABB,625.6582,-0.079789
-1,2011-02-28,ABB,569.5297,-0.089711
-1,2011-03-31,ABB,680.7191,0.19523
-1,2011-04-30,ABB,730.3547,0.072916
-1,2011-05-31,ABB,738.4706,0.011112
-1,2011-06-30,ABB,749.9286,0.015516
-1,2011-07-31,ABB,744.2328,-0.007595
-1,2011-08-31,ABB,716.139,-0.037749
-1,2011-09-30,ABB,593.7416,-0.170913
-1,2011-10-31,ABB,608.0886,0.024164
-1,2011-11-30,ABB,511.0445,-0.159589
-1,2011-12-31,ABB,499.6098,-0.022375
-1,2012-01-31,ABB,699.1797,0.399452
-1,2012-02-29,ABB,693.7838,-0.007717
-1,2012-03-31,ABB,719.8647,0.037592
-1,2012-04-30,ABB,696.1818,-0.032899
-1,2012-05-31,ABB,628.8163,-0.096764
-1,2012-06-30,ABB,689.8646,0.097084
-1,2012-07-31,ABB,684.5325,-0.007729
-1,2012-08-31,ABB,614.0109,-0.103022
-1,2012-09-30,ABB,688.5747,0.121437
-1,2012-10-31,ABB,634.5654,-0.078436
-1,2012-11-30,ABB,613.5379,-0.033137
-1,2012-12-31,ABB,602.6588,-0.017732
-1,2013-01-31,ABB,558.2386,-0.073707
-1,2013-02-28,ABB,493.7802,-0.115467
-1,2013-03-31,ABB,420.3346,-0.148741
-1,2013-04-30,ABB,448.2422,0.066394
-1,2013-05-31,ABB,554.9411,0.238038
-1,2013-06-30,ABB,530.055,-0.044845
-1,2013-07-31,ABB,432.6741,-0.183718
-1,2013-08-31,ABB,388.1819,-0.102831
-1,2013-09-30,ABB,469.5489,0.20961
-1,2013-10-31,ABB,544.727,0.160107
-1,2013-11-30,ABB,582.4241,0.069204
-1,2013-12-31,ABB,600.1259,0.030393
-1,2014-01-31,ABB,501.9659,-0.163566
-1,2014-02-28,ABB,620.5542,0.236248
-1,2014-03-31,ABB,739.1425,0.191101
-1,2014-04-30,ABB,731.0058,-0.011008
-1,2014-05-31,ABB,787.0203,0.076627
-1,2014-06-30,ABB,974.3566,0.238032
-1,2014-07-31,ABB,904.0024,-0.072206
-1,2014-08-31,ABB,856.636,-0.052396
-1,2014-09-30,ABB,999.7781,0.167098
-1,2014-10-31,ABB,1015.7699,0.015995
-1,2014-11-30,ABB,967.5776,-0.047444
-1,2014-12-31,ABB,1119.6718,0.157191
-1,2015-01-31,ABB,1115.8473,-0.003416
-1,2015-02-28,ABB,1225.1375,0.097944
8115,2015-03-31,ABB,990.65,-0.191397
8116,2015-04-30,ABB,1041.7,0.051532
8117,2015-05-31,ABB,1040.95,-0.00072
8118,2015-06-30,ABB,1034.7,-0.006004
8119,2015-07-31,ABB,1083.35,0.047018
8120,2015-08-31,ABB,963.2,-0.110906
8121,2015-09-30,ABB,832.55,-0.135642
8122,2015-10-31,ABB,961.7,0.155126
8123,2015-11-30,ABB,915.2,-0.048352
8124,2015-12-31,ABB,874.15,-0.044854
8125,2016-01-31,ABB,759.6,-0.131042
8126,2016-02-29,ABB,786.75,0.035742
8127,2016-03-31,ABB,1000.85,0.272132
8128,2016-04-30,ABB,1008.7,0.007843
8129,2016-05-31,ABB,966.45,-0.041886
8130,2016-06-30,ABB,953.9,-0.012986
8131,2016-07-31,ABB,989.9,0.03774
8132,2016-08-31,ABB,906.0,-0.084756
8133,2016-09-30,ABB,891.3,-0.016225
8134,2016-10-31,ABB,859.65,-0.03551
8135,2016-11-30,ABB,830.4,-0.034025
8136,2016-12-31,ABB,817.0,-0.016137
8137,2017-01-31,ABB,855.1,0.046634
8138,2017-02-28,ABB,934.35,0.092679
8139,2017-03-31,ABB,1000.85,0.071172
8140,2017-04-30,ABB,1098.75,0.097817
8141,2017-05-31,ABB,1141.55,0.038953
8142,2017-06-30,ABB,1135.3,-0.005475
8143,2017-07-31,ABB,1111.75,-0.020743
8144,2017-08-31,ABB,1044.6,-0.0604
8145,2017-09-30,ABB,1092.3,0.045663
8146,2017-10-31,ABB,1083.7,-0.007873
8147,2017-11-30,ABB,1087.6,0.003599
8148,2017-12-31,ABB,1097.0,0.008643
8149,2018-01-31,ABB,1293.25,0.178897
8150,2018-02-28,ABB,1200.2,-0.071951
8151,2018-03-31,ABB,1008.65,-0.159598
8152,2018-04-30,ABB,1060.55,0.051455
8153,2018-05-31,ABB,962.5,-0.092452
8154,2018-06-30,ABB,930.45,-0.033299
8155,2018-07-31,ABB,950.0,0.021011
8156,2018-08-31,ABB,1024.3,0.078211
8157,2018-09-30,ABB,1107.15,0.080885
8158,2018-10-31,ABB,1000.85,-0.096012
8159,2018-11-30,ABB,1093.3,0.092371
8160,2018-12-31,ABB,1039.95,-0.048797
8161,2019-01-31,ABB,993.0,-0.045146
8162,2019-02-28,ABB,961.75,-0.03147
8163,2019-03-31,ABB,1027.4,0.068261
8164,2019-04-30,ABB,1154.15,0.12337
8165,2019-05-31,ABB,1228.0,0.063986
8166,2019-06-30,ABB,1258.7,0.025
8167,2019-07-31,ABB,1071.2,-0.148963
8168,2019-08-31,ABB,1045.4,-0.024085
8169,2019-09-30,ABB,1187.65,0.136072
8170,2019-10-31,ABB,1133.75,-0.045384
8171,2019-11-30,ABB,1129.85,-0.00344
8172,2019-12-31,ABB,1289.0,0.140859
8173,2020-01-31,ABB,1304.95,0.012374
8174,2020-02-29,ABB,1185.1,-0.091843
8175,2020-03-31,ABB,934.3,-0.211628
8176,2020-04-30,ABB,904.0,-0.032431
8177,2020-05-31,ABB,744.0,-0.176991
8178,2020-06-30,ABB,946.0,0.271505
8179,2020-07-31,ABB,896.5,-0.052326
8180,2020-08-31,ABB,952.2,0.062131
8181,2020-09-30,ABB,863.35,-0.09331
8182,2020-10-31,ABB,889.0,0.02971
8183,2020-11-30,ABB,1069.0,0.202475
8184,2020-12-31,ABB,1211.0,0.132834
8185,2021-01-31,ABB,1387.1,0.145417
8186,2021-02-28,ABB,1525.0,0.099416
8187,2021-03-31,ABB,1398.0,-0.083279
8188,2021-04-30,ABB,1390.0,-0.005722
8189,2021-05-31,ABB,1650.0,0.18705
8190,2021-06-30,ABB,1810.0,0.09697
8191,2021-07-31,ABB,1694.25,-0.06395
8192,2021-08-31,ABB,1897.0,0.119669
8193,2021-09-30,ABB,1868.0,-0.015287
8194,2021-10-31,ABB,2095.2,0.121627
8195,2021-11-30,ABB,2039.95,-0.02637
8196,2021-12-31,ABB,2239.0,0.097576
8197,2022-01-31,ABB,2302.0,0.028138
8198,2022-02-28,ABB,2153.3,-0.064596
8199,2022-03-31,ABB,2140.0,-0.006177
8200,2022-04-30,ABB,2107.0,-0.015421
8201,2022-05-31,ABB,2429.9,0.153251
8202,2022-06-30,ABB,2290.0,-0.057574
8203,2022-07-31,ABB,2731.65,0.19286
8204,2022-08-31,ABB,3261.3,0.193894
8205,2022-09-30,ABB,3074.75,-0.057201
8206,2022-10-31,ABB,3059.95,-0.004813
8207,2022-11-30,ABB,3005.0,-0.017958
8208,2022-12-31,ABB,2677.0,-0.109151
8209,2023-01-31,ABB,2850.0,0.064625
8210,2023-02-28,ABB,3214.9,0.128035
8211,2023-03-31,ABB,3355.0,0.043578
8212,2023-04-30,ABB,3411.7,0.0169
8213,2023-05-31,ABB,4294.9,0.258874
8214,2023-06-30,ABB,4419.0,0.028895
8215,2023-07-31,ABB,4557.0,0.031229
8216,2023-08-31,ABB,4385.0,-0.037744
8217,2023-09-30,ABB,4099.0,-0.065222
8218,2023-10-31,ABB,4113.0,0.003415
8219,2023-11-30,ABB,4450.0,0.081935
8220,2023-12-31,ABB,4671.0,0.049663
8221,2024-01-31,ABB,4660.0,-0.002355
8222,2024-02-29,ABB,5474.0,0.174678
8223,2024-03-31,ABB,6366.0,0.162952
8224,2024-04-30,ABB,6533.35,0.026288
8225,2024-05-31,ABB,8289.05,0.268729
8226,2024-06-30,ABB,8501.0,0.02557
8227,2024-07-31,ABB,7903.65,-0.070268
8228,2024-08-31,ABB,7930.0,0.003334
8229,2024-09-30,ABB,8075.0,0.018285
8230,2024-10-31,ABB,7439.85,-0.078656
8231,2024-11-30,ABB,7403.0,-0.004953
8232,2024-12-31,ABB,6914.95,-0.065926
8233,2025-01-31,ABB,5891.35,-0.148027
8234,2025-02-28,ABB,4940.0,-0.161483
8235,2025-03-31,ABB,5530.0,0.119433
8236,2025-04-30,ABB,5479.0,-0.009222
8237,2025-05-31,ABB,5952.0,0.08633
8238,2025-06-30,ABB,6079.5,0.021421
8239,2025-07-31,ABB,5514.0,-0.093018
8240,2025-08-31,ABB,5097.0,-0.075626
-1,2006-01-31,ACC,410.9174,
-1,2006-02-28,ACC,448.2019,0.090735
-1,2006-03-31,ACC,559.7693,0.248922
-1,2006-04-30,ACC,732.9952,0.309459
-1,2006-05-31,ACC,551.6174,-0.247447
-1,2006-06-30,ACC,566.8376,0.027592
-1,2006-07-31,ACC,610.1124,0.076344
-1,2006-08-31,ACC,657.7978,0.078158
-1,2006-09-30,ACC,718.3173,0.092003
-1,2006-10-31,ACC,699.048,-0.026826
-1,2006-11-30,ACC,816.3273,0.16777
-1,2006-12-31,ACC,785.6335,-0.0376
-1,2007-01-31,ACC,737.8038,-0.06088
-1,2007-02-28,ACC,652.1942,-0.116033
-1,2007-03-31,ACC,531.6249,-0.184867
-1,2007-04-30,ACC,619.1807,0.164695
-1,2007-05-31,ACC,627.7764,0.013882
-1,2007-06-30,ACC,689.8271,0.098842
-1,2007-07-31,ACC,784.9324,0.137868
-1,2007-08-31,ACC,787.5887,0.003384
-1,2007-09-30,ACC,892.4759,0.133175
-1,2007-10-31,ACC,803.1611,-0.100075
-1,2007-11-30,ACC,812.9276,0.01216
-1,2007-12-31,ACC,764.0208,-0.060161
-1,2008-01-31,ACC,572.6428,-0.250488
-1,2008-02-29,ACC,593.4058,0.036258
-1,2008-03-31,ACC,615.9209,0.037942
-1,2008-04-30,ACC,565.5974,-0.081704
-1,2008-05-31,ACC,499.1054,-0.117561
-1,2008-06-30,ACC,396.6127,-0.205353
-1,2008-07-31,ACC,440.3119,0.110181
-1,2008-08-31,ACC,431.7203,-0.019513
-1,2008-09-30,ACC,472.1017,0.093536
-1,2008-10-31,ACC,379.0556,-0.197089
-1,2008-11-30,ACC,311.3822,-0.178532
-1,2008-12-31,ACC,368.6148,0.183802
-1,2009-01-31,ACC,388.7671,0.05467
-1,2009-02-28,ACC,414.6003,0.066449
-1,2009-03-31,ACC,440.9712,0.063606
-1,2009-04-30,ACC,512.0161,0.16111
-1,2009-05-31,ACC,611.6834,0.194657
-1,2009-06-30,ACC,598.5898,-0.021406
-1,2009-07-31,ACC,688.525,0.150245
-1,2009-08-31,ACC,638.2593,-0.073005
-1,2009-09-30,ACC,648.7388,0.016419
-1,2009-10-31,ACC,593.6918,-0.084852
-1,2009-11-30,ACC,630.8644,0.062613
-1,2009-12-31,ACC,690.024,0.093775
-1,2010-01-31,ACC,689.4308,-0.00086
-1,2010-02-28,ACC,730.0831,0.058965
-1,2010-03-31,ACC,752.189,0.030279
-1,2010-04-30,ACC,725.5311,-0.03544
-1,2010-05-31,ACC,656.1885,-0.095575
-1,2010-06-30,ACC,703.9266,0.072751
-1,2010-07-31,ACC,666.169,-0.053639
-1,2010-08-31,ACC,706.0353,0.059844
-1,2010-09-30,ACC,802.9747,0.137301
-1,2010-10-31,ACC,799.3243,-0.004546
-1,2010-11-30,ACC,798.0668,-0.001573
-1,2010-12-31,ACC,872.5359,0.093312
-1,2011-01-31,ACC,804.435,-0.078049
-1,2011-02-28,ACC,786.3449,-0.022488
-1,2011-03-31,ACC,871.6841,0.108526
-1,2011-04-30,ACC,920.8326,0.056383
-1,2011-05-31,ACC,850.0405,-0.076878
-1,2011-06-30,ACC,786.4893,-0.074763
-1,2011-07-31,ACC,837.0904,0.064338
-1,2011-08-31,ACC,829.8084,-0.008699
-1,2011-09-30,ACC,919.0748,0.107575
-1,2011-10-31,ACC,999.8089,0.087843
-1,2011-11-30,ACC,957.3502,-0.042467
-1,2011-12-31,ACC,951.1593,-0.006467
-1,2012-01-31,ACC,998.2614,0.049521
-1,2012-02-29,ACC,1092.6747,0.094578
-1,2012-03-31,ACC,1137.3501,0.040886
-1,2012-04-30,ACC,1048.5479,-0.078078
-1,2012-05-31,ACC,967.0134,-0.077759
-1,2012-06-30,ACC,1074.7374,0.111399
-1,2012-07-31,ACC,1122.3269,0.04428
-1,2012-08-31,ACC,1109.0208,-0.011856
-1,2012-09-30,ACC,1256.379,0.132872
-1,2012-10-31,ACC,1178.6061,-0.061902
-1,2012-11-30,ACC,1182.7511,0.003517
-1,2012-12-31,ACC,1224.0305,0.034901
-1,2013-01-31,ACC,1130.7883,-0.076176
-1,2013-02-28,ACC,1087.5857,-0.038206
-1,2013-03-31,ACC,990.7107,-0.089073
-1,2013-04-30,ACC,1071.7793,0.081829
-1,2013-05-31,ACC,1059.1348,-0.011798
-1,2013-06-30,ACC,1062.5237,0.0032
-1,2013-07-31,ACC,1019.8544,-0.040158
-1,2013-08-31,ACC,845.6229,-0.17084
-1,2013-09-30,ACC,975.3036,0.153355
-1,2013-10-31,ACC,995.3895,0.020595
-1,2013-11-30,ACC,961.8401,-0.033705
-1,2013-12-31,ACC,972.4971,0.01108
-1,2014-01-31,ACC,886.6278,-0.088298
-1,2014-02-28,ACC,969.1202,0.093041
-1,2014-03-31,ACC,1227.5612,0.266676
-1,2014-04-30,ACC,1134.1046,-0.076132
-1,2014-05-31,ACC,1172.6978,0.03403
-1,2014-06-30,ACC,1288.6958,0.098916
-1,2014-07-31,ACC,1224.3597,-0.049923
-1,2014-08-31,ACC,1322.9128,0.080494
-1,2014-09-30,ACC,1240.4828,-0.062309
-1,2014-10-31,ACC,1328.8513,0.071237
-1,2014-11-30,ACC,1307.6675,-0.015941
-1,2014-12-31,ACC,1241.0143,-0.050971
-1,2015-01-31,ACC,1383.0955,0.114488
-1,2015-02-28,ACC,1483.2523,0.072415
-1,2015-03-31,ACC,1385.1339,-0.066151
12436,2015-04-30,ACC,1433.7,0.035062
12437,2015-05-31,ACC,1512.4,0.054893
12438,2015-06-30,ACC,1444.55,-0.044862
12439,2015-07-31,ACC,1387.4,-0.039562
12440,2015-08-31,ACC,1334.85,-0.037877
12441,2015-09-30,ACC,1346.75,0.008915
12442,2015-10-31,ACC,1379.6,0.024392
12443,2015-11-30,ACC,1344.25,-0.025623
12444,2015-12-31,ACC,1360.65,0.0122
12445,2016-01-31,ACC,1240.05,-0.088634
12446,2016-02-29,ACC,1193.9,-0.037216
12447,2016-03-31,ACC,1381.9,0.157467
12448,2016-04-30,ACC,1443.15,0.044323
12449,2016-05-31,ACC,1529.05,0.059523
12450,2016-06-30,ACC,1616.05,0.056898
12451,2016-07-31,ACC,1688.7,0.044955
12452,2016-08-31,ACC,1709.8,0.012495
12453,2016-09-30,ACC,1599.85,-0.064306
12454,2016-10-31,ACC,1517.75,-0.051317
12455,2016-11-30,ACC,1342.4,-0.115533
12456,2016-12-31,ACC,1331.05,-0.008455
12457,2017-01-31,ACC,1413.5,0.061944
12458,2017-02-28,ACC,1411.5,-0.001415
12459,2017-03-31,ACC,1446.05,0.024478
12460,2017-04-30,ACC,1626.55,0.124823
12461,2017-05-31,ACC,1637.05,0.006455
12462,2017-06-30,ACC,1568.05,-0.042149
12463,2017-07-31,ACC,1733.2,0.105322
12464,2017-08-31,ACC,1800.25,0.038686
12465,2017-09-30,ACC,1656.9,-0.079628
12466,2017-10-31,ACC,1809.5,0.0921
12467,2017-11-30,ACC,1667.9,-0.078254
12468,2017-12-31,ACC,1758.4,0.05426
12469,2018-01-31,ACC,1715.25,-0.024539
12470,2018-02-28,ACC,1623.05,-0.053753
12471,2018-03-31,ACC,1507.5,-0.071193
12472,2018-04-30,ACC,1587.15,0.052836
12473,2018-05-31,ACC,1354.6,-0.14652
12474,2018-06-30,ACC,1339.9,-0.010852
12475,2018-07-31,ACC,1529.75,0.14169
12476,2018-08-31,ACC,1638.75,0.071253
12477,2018-09-30,ACC,1552.35,-0.052723
12478,2018-10-31,ACC,1374.8,-0.114375
12479,2018-11-30,ACC,1485.5,0.080521
12480,2018-12-31,ACC,1508.1,0.015214
12481,2019-01-31,ACC,1423.35,-0.056197
12482,2019-02-28,ACC,1422.3,-0.000738
12483,2019-03-31,ACC,1666.3,0.171553
12484,2019-04-30,ACC,1632.05,-0.020555
12485,2019-05-31,ACC,1686.0,0.033057
12486,2019-06-30,ACC,1562.15,-0.073458
12487,2019-07-31,ACC,1560.4,-0.00112
12488,2019-08-31,ACC,1519.85,-0.025987
12489,2019-09-30,ACC,1608.15,0.058098
12490,2019-10-31,ACC,1568.05,-0.024935
12491,2019-11-30,ACC,1522.15,-0.029272
12492,2019-12-31,ACC,1445.65,-0.050258
12493,2020-01-31,ACC,1504.6,0.040778
12494,2020-02-29,ACC,1320.85,-0.122125
12495,2020-03-31,ACC,968.5,-0.26676
12496,2020-04-30,ACC,1179.1,0.21745
12497,2020-05-31,ACC,1270.2,0.077262
12498,2020-06-30,ACC,1332.25,0.048851
12499,2020-07-31,ACC,1425.45,0.069957
12500,2020-08-31,ACC,1321.8,-0.072714
12501,2020-09-30,ACC,1393.45,0.054206
12502,2020-10-31,ACC,1649.0,0.183394
12503,2020-11-30,ACC,1705.05,0.03399
12504,2020-12-31,ACC,1617.65,-0.051259
12505,2021-01-31,ACC,1603.85,-0.008531
12506,2021-02-28,ACC,1733.2,0.08065
12507,2021-03-31,ACC,1903.25,0.098113
12508,2021-04-30,ACC,1882.75,-0.010771
12509,2021-05-31,ACC,1986.05,0.054867
12510,2021-06-30,ACC,2014.8,0.014476
12511,2021-07-31,ACC,2394.1,0.188257
12512,2021-08-31,ACC,2413.2,0.007978
12513,2021-09-30,ACC,2254.5,-0.065763
12514,2021-10-31,ACC,2333.4,0.034997
12515,2021-11-30,ACC,2286.4,-0.020142
12516,2021-12-31,ACC,2215.75,-0.0309
12517,2022-01-31,ACC,2338.95,0.055602
2942,2015-08-31,ADANIENSOL,31.05,
2943,2015-09-30,ADANIENSOL,26.75,-0.138486
2944,2015-10-31,ADANIENSOL,36.3,0.357009
2945,2015-11-30,ADANIENSOL,38.6,0.063361
2946,2015-12-31,ADANIENSOL,37.1,-0.03886
2947,2016-01-31,ADANIENSOL,36.65,-0.012129
2948,2016-02-29,ADANIENSOL,26.7,-0.271487
2949,2016-03-31,ADANIENSOL,34.5,0.292135
2950,2016-04-30,ADANIENSOL,31.6,-0.084058
2951,2016-05-31,ADANIENSOL,31.65,0.001582
2952,2016-06-30,ADANIENSOL,39.0,0.232227
2953,2016-07-31,ADANIENSOL,39.05,0.001282
2954,2016-08-31,ADANIENSOL,39.85,0.020487
2955,2016-09-30,ADANIENSOL,38.2,-0.041405
2956,2016-10-31,ADANIENSOL,45.4,0.188482
2957,2016-11-30,ADANIENSOL,58.2,0.281938
2958,2016-12-31,ADANIENSOL,56.45,-0.030069
2959,2017-01-31,ADANIENSOL,63.2,0.119575
2960,2017-02-28,ADANIENSOL,61.85,-0.021361
2961,2017-03-31,ADANIENSOL,63.9,0.033145
2962,2017-04-30,ADANIENSOL,78.25,0.22457
2963,2017-05-31,ADANIENSOL,121.05,0.546965
2964,2017-06-30,ADANIENSOL,124.1,0.025196
2965,2017-07-31,ADANIENSOL,125.1,0.008058
2966,2017-08-31,ADANIENSOL,126.45,0.010791
2967,2017-09-30,ADANIENSOL,153.6,0.214709
2968,2017-10-31,ADANIENSOL,208.0,0.354167
2969,2017-11-30,ADANIENSOL,184.5,-0.112981
2970,2017-12-31,ADANIENSOL,223.85,0.213279
2971,2018-01-31,ADANIENSOL,208.2,-0.069913
2972,2018-02-28,ADANIENSOL,205.0,-0.01537
2973,2018-03-31,ADANIENSOL,198.4,-0.032195
2974,2018-04-30,ADANIENSOL,168.3,-0.151714
2975,2018-05-31,ADANIENSOL,135.55,-0.194593
2976,2018-06-30,ADANIENSOL,158.9,0.172261
2977,2018-07-31,ADANIENSOL,168.85,0.062618
2978,2018-08-31,ADANIENSOL,228.3,0.352088
2979,2018-09-30,ADANIENSOL,160.4,-0.297416
2980,2018-10-31,ADANIENSOL,165.3,0.030549
2981,2018-11-30,ADANIENSOL,223.0,0.349062
2982,2018-12-31,ADANIENSOL,198.7,-0.108969
2983,2019-01-31,ADANIENSOL,212.75,0.07071
2984,2019-02-28,ADANIENSOL,207.0,-0.027027
2985,2019-03-31,ADANIENSOL,217.4,0.050242
2986,2019-04-30,ADANIENSOL,218.0,0.00276
2987,2019-05-31,ADANIENSOL,235.9,0.08211
2988,2019-06-30,ADANIENSOL,223.0,-0.054684
2989,2019-07-31,ADANIENSOL,207.3,-0.070404
2990,2019-08-31,ADANIENSOL,232.55,0.121804
2991,2019-09-30,ADANIENSOL,228.5,-0.017416
2992,2019-10-31,ADANIENSOL,275.85,0.207221
2993,2019-11-30,ADANIENSOL,308.0,0.116549
2994,2019-12-31,ADANIENSOL,331.05,0.074838
2995,2020-01-31,ADANIENSOL,334.0,0.008911
2996,2020-02-29,ADANIENSOL,250.1,-0.251198
2997,2020-03-31,ADANIENSOL,190.0,-0.240304
2998,2020-04-30,ADANIENSOL,206.5,0.086842
2999,2020-05-31,ADANIENSOL,173.0,-0.162228
3000,2020-06-30,ADANIENSOL,260.0,0.50289
3001,2020-07-31,ADANIENSOL,236.5,-0.090385
3002,2020-08-31,ADANIENSOL,251.0,0.061311
3003,2020-09-30,ADANIENSOL,241.0,-0.039841
3004,2020-10-31,ADANIENSOL,289.0,0.19917
3005,2020-11-30,ADANIENSOL,376.0,0.301038
3006,2020-12-31,ADANIENSOL,436.0,0.159574
3007,2021-01-31,ADANIENSOL,461.95,0.059518
3008,2021-02-28,ADANIENSOL,749.95,0.623444
3009,2021-03-31,ADANIENSOL,909.65,0.212948
3010,2021-04-30,ADANIENSOL,1046.75,0.150717
3011,2021-05-31,ADANIENSOL,1475.7,0.409792
3012,2021-06-30,ADANIENSOL,1059.45,-0.28207
3013,2021-07-31,ADANIENSOL,891.05,-0.15895
3014,2021-08-31,ADANIENSOL,1580.6,0.773862
3015,2021-09-30,ADANIENSOL,1552.6,-0.017715
3016,2021-10-31,ADANIENSOL,1790.1,0.152969
3017,2021-11-30,ADANIENSOL,1799.5,0.005251
3018,2021-12-31,ADANIENSOL,1748.0,-0.028619
3019,2022-01-31,ADANIENSOL,1978.8,0.132037
3020,2022-02-28,ADANIENSOL,2134.45,0.078659
3021,2022-03-31,ADANIENSOL,2367.4,0.109138
3022,2022-04-30,ADANIENSOL,2779.0,0.173862
3023,2022-05-31,ADANIENSOL,2053.9,-0.260921
3024,2022-06-30,ADANIENSOL,2472.0,0.203564
3025,2022-07-31,ADANIENSOL,3130.0,0.266181
3026,2022-08-31,ADANIENSOL,3979.0,0.271246
3027,2022-09-30,ADANIENSOL,3295.95,-0.171664
3028,2022-10-31,ADANIENSOL,3351.95,0.016991
3029,2022-11-30,ADANIENSOL,2950.0,-0.119915
3030,2022-12-31,ADANIENSOL,2570.0,-0.128814
3031,2023-01-31,ADANIENSOL,1758.85,-0.315623
3032,2023-02-28,ADANIENSOL,642.9,-0.634477
3033,2023-03-31,ADANIENSOL,1002.55,0.559418
3034,2023-04-30,ADANIENSOL,1031.4,0.028777
3035,2023-05-31,ADANIENSOL,808.0,-0.216599
3036,2023-06-30,ADANIENSOL,767.85,-0.049691
3037,2023-07-31,ADANIENSOL,820.0,0.067917
3038,2023-08-31,ADANIENSOL,811.65,-0.010183
3039,2023-09-30,ADANIENSOL,811.8,0.000185
3040,2023-10-31,ADANIENSOL,768.5,-0.053338
3041,2023-11-30,ADANIENSOL,872.0,0.134678
3042,2023-12-31,ADANIENSOL,1044.0,0.197248
3043,2024-01-31,ADANIENSOL,1070.0,0.024904
3044,2024-02-29,ADANIENSOL,1069.0,-0.000935
3045,2024-03-31,ADANIENSOL,1024.0,-0.042095
3046,2024-04-30,ADANIENSOL,1064.9,0.039941
3047,2024-05-31,ADANIENSOL,1120.0,0.051742
3048,2024-06-30,ADANIENSOL,1000.25,-0.10692
3049,2024-07-31,ADANIENSOL,1133.5,0.133217
3050,2024-08-31,ADANIENSOL,1007.0,-0.111601
3051,2024-09-30,ADANIENSOL,1010.0,0.002979
3052,2024-10-31,ADANIENSOL,977.0,-0.032673
3053,2024-11-30,ADANIENSOL,825.0,-0.155578
3054,2024-12-31,ADANIENSOL,803.65,-0.025879
3055,2025-01-31,ADANIENSOL,752.0,-0.064269
3056,2025-02-28,ADANIENSOL,651.45,-0.13371
3057,2025-03-31,ADANIENSOL,870.0,0.335482
3058,2025-04-30,ADANIENSOL,895.15,0.028908
3059,2025-05-31,ADANIENSOL,867.8,-0.030554
3060,2025-06-30,ADANIENSOL,880.65,0.014808
3061,2025-07-31,ADANIENSOL,808.0,-0.082496
3062,2025-08-31,ADANIENSOL,794.95,-0.016151
6081,2015-03-31,ADANIENT,612.9,
6082,2015-04-30,ADANIENT,678.75,0.10744
6083,2015-05-31,ADANIENT,706.95,0.041547
6084,2015-06-30,ADANIENT,90.9,-0.871419
6085,2015-07-31,ADANIENT,86.9,-0.044004
6086,2015-08-31,ADANIENT,75.1,-0.135788
6087,2015-09-30,ADANIENT,80.95,0.077896
6088,2015-10-31,ADANIENT,91.95,0.135886
6089,2015-11-30,ADANIENT,82.15,-0.10658
6090,2015-12-31,ADANIENT,83.8,0.020085
6091,2016-01-31,ADANIENT,72.8,-0.131265
6092,2016-02-29,ADANIENT,58.85,-0.191621
6093,2016-03-31,ADANIENT,73.7,0.252336
6094,2016-04-30,ADANIENT,86.45,0.172999
6095,2016-05-31,ADANIENT,72.7,-0.159051
6096,2016-06-30,ADANIENT,87.1,0.198074
6097,2016-07-31,ADANIENT,80.55,-0.075201
6098,2016-08-31,ADANIENT,72.9,-0.094972
6099,2016-09-30,ADANIENT,65.85,-0.096708
6100,2016-10-31,ADANIENT,66.95,0.016705
6101,2016-11-30,ADANIENT,68.3,0.020164
6102,2016-12-31,ADANIENT,76.75,0.123719
6103,2017-01-31,ADANIENT,87.05,0.134202
6104,2017-02-28,ADANIENT,98.45,0.130959
6105,2017-03-31,ADANIENT,108.4,0.101067
6106,2017-04-30,ADANIENT,109.0,0.005535
6107,2017-05-31,ADANIENT,117.1,0.074312
6108,2017-06-30,ADANIENT,132.6,0.132365
6109,2017-07-31,ADANIENT,138.05,0.041101
6110,2017-08-31,ADANIENT,131.6,-0.046722
6111,2017-09-30,ADANIENT,115.9,-0.119301
6112,2017-10-31,ADANIENT,132.5,0.143227
6113,2017-11-30,ADANIENT,147.0,0.109434
6114,2017-12-31,ADANIENT,165.5,0.12585
6115,2018-01-31,ADANIENT,212.5,0.283988
6116,2018-02-28,ADANIENT,203.0,-0.044706
6117,2018-03-31,ADANIENT,157.25,-0.225369
6118,2018-04-30,ADANIENT,140.3,-0.10779
6119,2018-05-31,ADANIENT,121.0,-0.137562
6120,2018-06-30,ADANIENT,112.75,-0.068182
6121,2018-07-31,ADANIENT,194.6,0.725942
6122,2018-08-31,ADANIENT,224.0,0.151079
6123,2018-09-30,ADANIENT,130.1,-0.419196
6124,2018-10-31,ADANIENT,170.0,0.306687
6125,2018-11-30,ADANIENT,165.05,-0.029118
6126,2018-12-31,ADANIENT,160.45,-0.02787
6127,2019-01-31,ADANIENT,136.0,-0.152384
6128,2019-02-28,ADANIENT,128.25,-0.056985
6129,2019-03-31,ADANIENT,146.6,0.14308
6130,2019-04-30,ADANIENT,126.7,-0.135744
6131,2019-05-31,ADANIENT,154.0,0.21547
6132,2019-06-30,ADANIENT,150.0,-0.025974
6133,2019-07-31,ADANIENT,128.3,-0.144667
6134,2019-08-31,ADANIENT,137.45,0.071317
6135,2019-09-30,ADANIENT,145.5,0.058567
6136,2019-10-31,ADANIENT,197.45,0.357045
6137,2019-11-30,ADANIENT,213.6,0.081793
6138,2019-12-31,ADANIENT,207.7,-0.027622
6139,2020-01-31,ADANIENT,228.55,0.100385
6140,2020-02-29,ADANIENT,217.1,-0.050098
6141,2020-03-31,ADANIENT,136.0,-0.373561
6142,2020-04-30,ADANIENT,141.4,0.039706
6143,2020-05-31,ADANIENT,147.75,0.044908
6144,2020-06-30,ADANIENT,156.2,0.057191
6145,2020-07-31,ADANIENT,175.45,0.123239
6146,2020-08-31,ADANIENT,278.0,0.584497
6147,2020-09-30,ADANIENT,295.7,0.063669
6148,2020-10-31,ADANIENT,335.7,0.135272
6149,2020-11-30,ADANIENT,399.9,0.191242
6150,2020-12-31,ADANIENT,477.0,0.192798
6151,2021-01-31,ADANIENT,503.45,0.055451
6152,2021-02-28,ADANIENT,833.85,0.656272
6153,2021-03-31,ADANIENT,1031.0,0.236433
6154,2021-04-30,ADANIENT,1146.0,0.111542
6155,2021-05-31,ADANIENT,1316.45,0.148735
6156,2021-06-30,ADANIENT,1507.0,0.144745
6157,2021-07-31,ADANIENT,1426.0,-0.053749
6158,2021-08-31,ADANIENT,1585.0,0.111501
6159,2021-09-30,ADANIENT,1464.0,-0.076341
6160,2021-10-31,ADANIENT,1424.0,-0.027322
6161,2021-11-30,ADANIENT,1651.2,0.159551
6162,2021-12-31,ADANIENT,1707.1,0.033854
6163,2022-01-31,ADANIENT,1713.0,0.003456
6164,2022-02-28,ADANIENT,1639.0,-0.043199
6165,2022-03-31,ADANIENT,2017.0,0.230628
6166,2022-04-30,ADANIENT,2337.0,0.158651
6167,2022-05-31,ADANIENT,2160.0,-0.075738
6168,2022-06-30,ADANIENT,2190.0,0.013889
6169,2022-07-31,ADANIENT,2565.9,0.171644
6170,2022-08-31,ADANIENT,3192.6,0.244242
6171,2022-09-30,ADANIENT,3440.0,0.077492
6172,2022-10-31,ADANIENT,3350.0,-0.026163
6173,2022-11-30,ADANIENT,3924.7,0.171552
6174,2022-12-31,ADANIENT,3850.0,-0.019033
6175,2023-01-31,ADANIENT,2948.0,-0.234286
6176,2023-02-28,ADANIENT,1371.95,-0.534617
6177,2023-03-31,ADANIENT,1742.1,0.269798
6178,2023-04-30,ADANIENT,1922.0,0.103266
6179,2023-05-31,ADANIENT,2494.0,0.297607
6180,2023-06-30,ADANIENT,2390.0,-0.0417
6181,2023-07-31,ADANIENT,2490.05,0.041862
6182,2023-08-31,ADANIENT,2425.0,-0.026124
6183,2023-09-30,ADANIENT,2415.0,-0.004124
6184,2023-10-31,ADANIENT,2297.0,-0.048861
6185,2023-11-30,ADANIENT,2364.55,0.029408
6186,2023-12-31,ADANIENT,2849.05,0.204902
6187,2024-01-31,ADANIENT,3141.0,0.102473
6188,2024-02-29,ADANIENT,3299.9,0.050589
6189,2024-03-31,ADANIENT,3197.0,-0.031183
6190,2024-04-30,ADANIENT,3052.5,-0.045199
6191,2024-05-31,ADANIENT,3416.0,0.119083
6192,2024-06-30,ADANIENT,3174.0,-0.070843
6193,2024-07-31,ADANIENT,3168.0,-0.00189
6194,2024-08-31,ADANIENT,3033.0,-0.042614
6195,2024-09-30,ADANIENT,3131.0,0.032311
6196,2024-10-31,ADANIENT,2948.95,-0.058144
6197,2024-11-30,ADANIENT,2457.0,-0.166822
6198,2024-12-31,ADANIENT,2530.0,0.029711
6199,2025-01-31,ADANIENT,2297.0,-0.092095
6200,2025-02-28,ADANIENT,2097.55,-0.086831
6201,2025-03-31,ADANIENT,2316.65,0.104455
6202,2025-04-30,ADANIENT,2290.0,-0.011504
6203,2025-05-31,ADANIENT,2524.0,0.102183
6204,2025-06-30,ADANIENT,2623.0,0.039223
6205,2025-07-31,ADANIENT,2430.0,-0.07358
6206,2025-08-31,ADANIENT,2300.3,-0.053374
9984,2018-07-31,ADANIGREEN,60.4,
9985,2018-08-31,ADANIGREEN,57.15,-0.053808
9986,2018-09-30,ADANIGREEN,40.85,-0.285214
9987,2018-10-31,ADANIGREEN,39.55,-0.031824
9988,2018-11-30,ADANIGREEN,46.4,0.173198
9989,2018-12-31,ADANIGREEN,41.95,-0.095905
9990,2019-01-31,ADANIGREEN,35.15,-0.162098
9991,2019-02-28,ADANIGREEN,33.2,-0.055477
9992,2019-03-31,ADANIGREEN,37.1,0.11747
9993,2019-04-30,ADANIGREEN,39.85,0.074124
9994,2019-05-31,ADANIGREEN,43.3,0.086575
9995,2019-06-30,ADANIGREEN,44.8,0.034642
9996,2019-07-31,ADANIGREEN,46.7,0.042411
9997,2019-08-31,ADANIGREEN,45.75,-0.020343
9998,2019-09-30,ADANIGREEN,58.25,0.273224
9999,2019-10-31,ADANIGREEN,89.65,0.539056
10000,2019-11-30,ADANIGREEN,137.15,0.529838
10001,2019-12-31,ADANIGREEN,166.45,0.213635
10002,2020-01-31,ADANIGREEN,189.45,0.13818
10003,2020-02-29,ADANIGREEN,154.85,-0.182634
10004,2020-03-31,ADANIGREEN,154.0,-0.005489
10005,2020-04-30,ADANIGREEN,211.0,0.37013
10006,2020-05-31,ADANIGREEN,247.0,0.170616
10007,2020-06-30,ADANIGREEN,358.85,0.452834
10008,2020-07-31,ADANIGREEN,341.7,-0.047792
10009,2020-08-31,ADANIGREEN,450.5,0.318408
10010,2020-09-30,ADANIGREEN,738.45,0.639179
10011,2020-10-31,ADANIGREEN,856.4,0.159726
10012,2020-11-30,ADANIGREEN,1078.8,0.259692
10013,2020-12-31,ADANIGREEN,1049.0,-0.027623
10014,2021-01-31,ADANIGREEN,1028.0,-0.020019
10015,2021-02-28,ADANIGREEN,1148.0,0.116732
10016,2021-03-31,ADANIGREEN,1099.8,-0.041986
10017,2021-04-30,ADANIGREEN,1023.95,-0.068967
10018,2021-05-31,ADANIGREEN,1270.15,0.240441
10019,2021-06-30,ADANIGREEN,1115.0,-0.122151
10020,2021-07-31,ADANIGREEN,878.85,-0.211794
10021,2021-08-31,ADANIGREEN,1067.1,0.2142
10022,2021-09-30,ADANIGREEN,1144.9,0.072908
10023,2021-10-31,ADANIGREEN,1155.0,0.008822
10024,2021-11-30,ADANIGREEN,1285.15,0.112684
10025,2021-12-31,ADANIGREEN,1330.0,0.034899
10026,2022-01-31,ADANIGREEN,1871.0,0.406767
10027,2022-02-28,ADANIGREEN,1842.0,-0.0155
10028,2022-03-31,ADANIGREEN,1927.0,0.046145
10029,2022-04-30,ADANIGREEN,2878.0,0.493513
10030,2022-05-31,ADANIGREEN,1849.95,-0.35721
10031,2022-06-30,ADANIGREEN,1930.0,0.043271
10032,2022-07-31,ADANIGREEN,2162.0,0.120207
10033,2022-08-31,ADANIGREEN,2450.0,0.13321
10034,2022-09-30,ADANIGREEN,2253.3,-0.080286
10035,2022-10-31,ADANIGREEN,2105.95,-0.065393
10036,2022-11-30,ADANIGREEN,2123.05,0.00812
10037,2022-12-31,ADANIGREEN,1922.0,-0.094699
10038,2023-01-31,ADANIGREEN,1222.0,-0.364204
10039,2023-02-28,ADANIGREEN,485.3,-0.602864
10040,2023-03-31,ADANIGREEN,890.0,0.833917
10041,2023-04-30,ADANIGREEN,951.0,0.068539
10042,2023-05-31,ADANIGREEN,984.0,0.0347
10043,2023-06-30,ADANIGREEN,944.0,-0.04065
10044,2023-07-31,ADANIGREEN,1090.0,0.154661
10045,2023-08-31,ADANIGREEN,934.0,-0.143119
10046,2023-09-30,ADANIGREEN,989.4,0.059315
10047,2023-10-31,ADANIGREEN,908.0,-0.082272
10048,2023-11-30,ADANIGREEN,1030.75,0.135187
10049,2023-12-31,ADANIGREEN,1603.0,0.555178
10050,2024-01-31,ADANIGREEN,1672.0,0.043044
10051,2024-02-29,ADANIGREEN,1920.0,0.148325
10052,2024-03-31,ADANIGREEN,1830.0,-0.046875
10053,2024-04-30,ADANIGREEN,1799.0,-0.01694
10054,2024-05-31,ADANIGREEN,1912.9,0.063313
10055,2024-06-30,ADANIGREEN,1791.0,-0.063725
10056,2024-07-31,ADANIGREEN,1845.0,0.030151
10057,2024-08-31,ADANIGREEN,1833.4,-0.006287
10058,2024-09-30,ADANIGREEN,1910.0,0.04178
10059,2024-10-31,ADANIGREEN,1598.9,-0.16288
10060,2024-11-30,ADANIGREEN,1320.0,-0.174432
10061,2024-12-31,ADANIGREEN,1039.45,-0.212538
10062,2025-01-31,ADANIGREEN,1006.0,-0.03218
10063,2025-02-28,ADANIGREEN,764.0,-0.240557
10064,2025-03-31,ADANIGREEN,948.0,0.240838
10065,2025-04-30,ADANIGREEN,895.65,-0.055222
10066,2025-05-31,ADANIGREEN,1016.0,0.134372
10067,2025-06-30,ADANIGREEN,1025.5,0.00935
10068,2025-07-31,ADANIGREEN,987.0,-0.037543
10069,2025-08-31,ADANIGREEN,957.55,-0.029838
3945,2015-03-31,ADANIPORTS,308.0,
3946,2015-04-30,ADANIPORTS,319.15,0.036201
3947,2015-05-31,ADANIPORTS,323.05,0.01222
3948,2015-06-30,ADANIPORTS,307.85,-0.047052
3949,2015-07-31,ADANIPORTS,325.4,0.057008
3950,2015-08-31,ADANIPORTS,348.1,0.06976
3951,2015-09-30,ADANIPORTS,299.25,-0.140333
3952,2015-10-31,ADANIPORTS,295.5,-0.012531
3953,2015-11-30,ADANIPORTS,267.8,-0.093739
3954,2015-12-31,ADANIPORTS,260.7,-0.026512
3955,2016-01-31,ADANIPORTS,210.75,-0.1916
3956,2016-02-29,ADANIPORTS,196.15,-0.069276
3957,2016-03-31,ADANIPORTS,248.3,0.265868
3958,2016-04-30,ADANIPORTS,237.85,-0.042086
3959,2016-05-31,ADANIPORTS,193.1,-0.188144
3960,2016-06-30,ADANIPORTS,207.0,0.071983
3961,2016-07-31,ADANIPORTS,232.65,0.123913
3962,2016-08-31,ADANIPORTS,262.3,0.127445
3963,2016-09-30,ADANIPORTS,255.5,-0.025925
3964,2016-10-31,ADANIPORTS,304.1,0.190215
3965,2016-11-30,ADANIPORTS,276.7,-0.090102
3966,2016-12-31,ADANIPORTS,267.45,-0.03343
3967,2017-01-31,ADANIPORTS,293.55,0.097588
3968,2017-02-28,ADANIPORTS,301.15,0.02589
3969,2017-03-31,ADANIPORTS,340.9,0.131994
3970,2017-04-30,ADANIPORTS,326.5,-0.042241
3971,2017-05-31,ADANIPORTS,341.75,0.046708
3972,2017-06-30,ADANIPORTS,364.9,0.06774
3973,2017-07-31,ADANIPORTS,395.5,0.083859
3974,2017-08-31,ADANIPORTS,395.15,-0.000885
3975,2017-09-30,ADANIPORTS,378.0,-0.043401
3976,2017-10-31,ADANIPORTS,430.75,0.13955
3977,2017-11-30,ADANIPORTS,400.0,-0.071387
3978,2017-12-31,ADANIPORTS,406.35,0.015875
3979,2018-01-31,ADANIPORTS,428.15,0.053648
3980,2018-02-28,ADANIPORTS,408.5,-0.045895
3981,2018-03-31,ADANIPORTS,356.0,-0.128519
3982,2018-04-30,ADANIPORTS,406.25,0.141152
3983,2018-05-31,ADANIPORTS,393.5,-0.031385
3984,2018-06-30,ADANIPORTS,372.05,-0.054511
3985,2018-07-31,ADANIPORTS,401.0,0.077812
3986,2018-08-31,ADANIPORTS,382.6,-0.045885
3987,2018-09-30,ADANIPORTS,328.75,-0.140748
3988,2018-10-31,ADANIPORTS,318.45,-0.031331
3989,2018-11-30,ADANIPORTS,366.5,0.150887
3990,2018-12-31,ADANIPORTS,386.3,0.054025
3991,2019-01-31,ADANIPORTS,338.0,-0.125032
3992,2019-02-28,ADANIPORTS,326.35,-0.034467
3993,2019-03-31,ADANIPORTS,379.8,0.163781
3994,2019-04-30,ADANIPORTS,391.7,0.031332
3995,2019-05-31,ADANIPORTS,416.0,0.062037
3996,2019-06-30,ADANIPORTS,410.2,-0.013942
3997,2019-07-31,ADANIPORTS,377.6,-0.079473
3998,2019-08-31,ADANIPORTS,364.2,-0.035487
3999,2019-09-30,ADANIPORTS,415.0,0.139484
4000,2019-10-31,ADANIPORTS,395.9,-0.046024
4001,2019-11-30,ADANIPORTS,381.0,-0.037636
4002,2019-12-31,ADANIPORTS,366.2,-0.038845
4003,2020-01-31,ADANIPORTS,370.5,0.011742
4004,2020-02-29,ADANIPORTS,344.85,-0.069231
4005,2020-03-31,ADANIPORTS,250.45,-0.273742
4006,2020-04-30,ADANIPORTS,290.65,0.160511
4007,2020-05-31,ADANIPORTS,327.0,0.125065
4008,2020-06-30,ADANIPORTS,346.1,0.05841
4009,2020-07-31,ADANIPORTS,315.15,-0.089425
4010,2020-08-31,ADANIPORTS,353.55,0.121847
4011,2020-09-30,ADANIPORTS,344.4,-0.02588
4012,2020-10-31,ADANIPORTS,357.55,0.038182
4013,2020-11-30,ADANIPORTS,412.7,0.154244
4014,2020-12-31,ADANIPORTS,480.75,0.16489
4015,2021-01-31,ADANIPORTS,510.0,0.060842
4016,2021-02-28,ADANIPORTS,668.25,0.310294
4017,2021-03-31,ADANIPORTS,702.4,0.051104
4018,2021-04-30,ADANIPORTS,726.45,0.03424
4019,2021-05-31,ADANIPORTS,769.0,0.058573
4020,2021-06-30,ADANIPORTS,704.4,-0.084005
4021,2021-07-31,ADANIPORTS,675.0,-0.041738
4022,2021-08-31,ADANIPORTS,747.5,0.107407
4023,2021-09-30,ADANIPORTS,737.05,-0.01398
4024,2021-10-31,ADANIPORTS,698.0,-0.052981
4025,2021-11-30,ADANIPORTS,684.0,-0.020057
4026,2021-12-31,ADANIPORTS,730.35,0.067763
4027,2022-01-31,ADANIPORTS,717.5,-0.017594
4028,2022-02-28,ADANIPORTS,707.2,-0.014355
4029,2022-03-31,ADANIPORTS,773.0,0.093043
4030,2022-04-30,ADANIPORTS,856.8,0.108409
4031,2022-05-31,ADANIPORTS,736.8,-0.140056
4032,2022-06-30,ADANIPORTS,669.6,-0.091205
4033,2022-07-31,ADANIPORTS,764.0,0.14098
4034,2022-08-31,ADANIPORTS,840.0,0.099476
4035,2022-09-30,ADANIPORTS,820.9,-0.022738
4036,2022-10-31,ADANIPORTS,825.4,0.005482
4037,2022-11-30,ADANIPORTS,883.0,0.069784
4038,2022-12-31,ADANIPORTS,819.0,-0.07248
4039,2023-01-31,ADANIPORTS,613.7,-0.250672
4040,2023-02-28,ADANIPORTS,590.7,-0.037478
4041,2023-03-31,ADANIPORTS,631.95,0.069832
4042,2023-04-30,ADANIPORTS,681.0,0.077617
4043,2023-05-31,ADANIPORTS,740.15,0.086858
4044,2023-06-30,ADANIPORTS,739.9,-0.000338
4045,2023-07-31,ADANIPORTS,776.5,0.049466
4046,2023-08-31,ADANIPORTS,792.9,0.02112
4047,2023-09-30,ADANIPORTS,826.0,0.041745
4048,2023-10-31,ADANIPORTS,784.5,-0.050242
4049,2023-11-30,ADANIPORTS,827.0,0.054175
4050,2023-12-31,ADANIPORTS,1024.0,0.23821
4051,2024-01-31,ADANIPORTS,1206.0,0.177734
4052,2024-02-29,ADANIPORTS,1327.0,0.100332
4053,2024-03-31,ADANIPORTS,1342.95,0.01202
4054,2024-04-30,ADANIPORTS,1322.9,-0.01493
4055,2024-05-31,ADANIPORTS,1439.0,0.087762
4056,2024-06-30,ADANIPORTS,1475.0,0.025017
4057,2024-07-31,ADANIPORTS,1573.0,0.066441
4058,2024-08-31,ADANIPORTS,1482.0,-0.057851
4059,2024-09-30,ADANIPORTS,1446.9,-0.023684
4060,2024-10-31,ADANIPORTS,1375.85,-0.049105
4061,2024-11-30,ADANIPORTS,1187.5,-0.136897
4062,2024-12-31,ADANIPORTS,1225.0,0.031579
4063,2025-01-31,ADANIPORTS,1099.0,-0.102857
4064,2025-02-28,ADANIPORTS,1072.0,-0.024568
4065,2025-03-31,ADANIPORTS,1180.5,0.101213
4066,2025-04-30,ADANIPORTS,1215.0,0.029225
4067,2025-05-31,ADANIPORTS,1432.8,0.179259
4068,2025-06-30,ADANIPORTS,1444.1,0.007887
4069,2025-07-31,ADANIPORTS,1374.0,-0.048542
4070,2025-08-31,ADANIPORTS,1367.1,-0.005022
2177,2015-03-31,ADANIPOWER,47.2,
2178,2015-04-30,ADANIPOWER,43.15,-0.085805
2179,2015-05-31,ADANIPOWER,39.2,-0.091541
2180,2015-06-30,ADANIPOWER,29.15,-0.256378
2181,2015-07-31,ADANIPOWER,27.4,-0.060034
2182,2015-08-31,ADANIPOWER,22.5,-0.178832
2183,2015-09-30,ADANIPOWER,24.75,0.1
2184,2015-10-31,ADANIPOWER,31.35,0.266667
2185,2015-11-30,ADANIPOWER,30.75,-0.019139
2186,2015-12-31,ADANIPOWER,32.4,0.053659
2187,2016-01-31,ADANIPOWER,28.6,-0.117284
2188,2016-02-29,ADANIPOWER,27.6,-0.034965
2189,2016-03-31,ADANIPOWER,34.2,0.23913
2190,2016-04-30,ADANIPOWER,32.0,-0.064327
2191,2016-05-31,ADANIPOWER,29.7,-0.071875
2192,2016-06-30,ADANIPOWER,30.8,0.037037
2193,2016-07-31,ADANIPOWER,27.95,-0.092532
2194,2016-08-31,ADANIPOWER,27.7,-0.008945
2195,2016-09-30,ADANIPOWER,24.95,-0.099278
2196,2016-10-31,ADANIPOWER,27.25,0.092184
2197,2016-11-30,ADANIPOWER,28.65,0.051376
2198,2016-12-31,ADANIPOWER,29.95,0.045375
2199,2017-01-31,ADANIPOWER,36.35,0.213689
2200,2017-02-28,ADANIPOWER,38.6,0.061898
2201,2017-03-31,ADANIPOWER,39.9,0.033679
2202,2017-04-30,ADANIPOWER,33.15,-0.169173
2203,2017-05-31,ADANIPOWER,27.9,-0.158371
2204,2017-06-30,ADANIPOWER,29.7,0.064516
2205,2017-07-31,ADANIPOWER,33.45,0.126263
2206,2017-08-31,ADANIPOWER,33.3,-0.004484
2207,2017-09-30,ADANIPOWER,29.55,-0.112613
2208,2017-10-31,ADANIPOWER,32.85,0.111675
2209,2017-11-30,ADANIPOWER,35.5,0.08067
2210,2017-12-31,ADANIPOWER,41.6,0.171831
2211,2018-01-31,ADANIPOWER,36.55,-0.121394
2212,2018-02-28,ADANIPOWER,31.55,-0.136799
2213,2018-03-31,ADANIPOWER,23.95,-0.240887
2214,2018-04-30,ADANIPOWER,25.55,0.066806
2215,2018-05-31,ADANIPOWER,20.25,-0.207436
2216,2018-06-30,ADANIPOWER,16.1,-0.204938
2217,2018-07-31,ADANIPOWER,31.2,0.937888
2218,2018-08-31,ADANIPOWER,35.45,0.136218
2219,2018-09-30,ADANIPOWER,23.6,-0.334274
2220,2018-10-31,ADANIPOWER,45.85,0.942797
2221,2018-11-30,ADANIPOWER,55.2,0.203926
2222,2018-12-31,ADANIPOWER,51.0,-0.076087
2223,2019-01-31,ADANIPOWER,46.3,-0.092157
2224,2019-02-28,ADANIPOWER,48.5,0.047516
2225,2019-03-31,ADANIPOWER,47.95,-0.01134
2226,2019-04-30,ADANIPOWER,44.5,-0.07195
2227,2019-05-31,ADANIPOWER,50.3,0.130337
2228,2019-06-30,ADANIPOWER,51.3,0.019881
2229,2019-07-31,ADANIPOWER,60.75,0.184211
2230,2019-08-31,ADANIPOWER,58.45,-0.03786
2231,2019-09-30,ADANIPOWER,64.25,0.09923
2232,2019-10-31,ADANIPOWER,66.0,0.027237
2233,2019-11-30,ADANIPOWER,63.35,-0.040152
2234,2019-12-31,ADANIPOWER,61.7,-0.026046
2235,2020-01-31,ADANIPOWER,60.7,-0.016207
2236,2020-02-29,ADANIPOWER,47.6,-0.215815
2237,2020-03-31,ADANIPOWER,27.65,-0.419118
2238,2020-04-30,ADANIPOWER,31.5,0.139241
2239,2020-05-31,ADANIPOWER,36.3,0.152381
2240,2020-06-30,ADANIPOWER,35.85,-0.012397
2241,2020-07-31,ADANIPOWER,35.4,-0.012552
2242,2020-08-31,ADANIPOWER,37.2,0.050847
2243,2020-09-30,ADANIPOWER,36.95,-0.00672
2244,2020-10-31,ADANIPOWER,35.7,-0.033829
2245,2020-11-30,ADANIPOWER,38.45,0.077031
2246,2020-12-31,ADANIPOWER,49.75,0.293888
2247,2021-01-31,ADANIPOWER,51.45,0.034171
2248,2021-02-28,ADANIPOWER,55.2,0.072886
2249,2021-03-31,ADANIPOWER,85.05,0.540761
2250,2021-04-30,ADANIPOWER,94.7,0.113463
2251,2021-05-31,ADANIPOWER,92.5,-0.023231
2252,2021-06-30,ADANIPOWER,114.3,0.235676
2253,2021-07-31,ADANIPOWER,96.0,-0.160105
2254,2021-08-31,ADANIPOWER,98.5,0.026042
2255,2021-09-30,ADANIPOWER,97.1,-0.014213
2256,2021-10-31,ADANIPOWER,102.35,0.054068
2257,2021-11-30,ADANIPOWER,100.4,-0.019052
2258,2021-12-31,ADANIPOWER,99.65,-0.00747
2259,2022-01-31,ADANIPOWER,106.6,0.069744
2260,2022-02-28,ADANIPOWER,123.35,0.157129
2261,2022-03-31,ADANIPOWER,186.6,0.512769
2262,2022-04-30,ADANIPOWER,283.7,0.520364
2263,2022-05-31,ADANIPOWER,323.25,0.139408
2264,2022-06-30,ADANIPOWER,262.2,-0.188863
2265,2022-07-31,ADANIPOWER,312.75,0.192792
2266,2022-08-31,ADANIPOWER,413.95,0.323581
2267,2022-09-30,ADANIPOWER,374.75,-0.094697
2268,2022-10-31,ADANIPOWER,335.7,-0.104203
2269,2022-11-30,ADANIPOWER,334.2,-0.004468
2270,2022-12-31,ADANIPOWER,300.8,-0.09994
2271,2023-01-31,ADANIPOWER,223.8,-0.255984
2272,2023-02-28,ADANIPOWER,146.3,-0.346291
2273,2023-03-31,ADANIPOWER,191.6,0.309638
2274,2023-04-30,ADANIPOWER,224.85,0.173539
2275,2023-05-31,ADANIPOWER,251.0,0.1163
2276,2023-06-30,ADANIPOWER,249.95,-0.004183
2277,2023-07-31,ADANIPOWER,273.35,0.093619
2278,2023-08-31,ADANIPOWER,322.0,0.177977
2279,2023-09-30,ADANIPOWER,376.3,0.168634
2280,2023-10-31,ADANIPOWER,365.05,-0.029896
2281,2023-11-30,ADANIPOWER,435.0,0.191618
2282,2023-12-31,ADANIPOWER,523.0,0.202299
2283,2024-01-31,ADANIPOWER,564.85,0.080019
2284,2024-02-29,ADANIPOWER,550.0,-0.02629
2285,2024-03-31,ADANIPOWER,532.0,-0.032727
2286,2024-04-30,ADANIPOWER,615.0,0.156015
2287,2024-05-31,ADANIPOWER,759.0,0.234146
2288,2024-06-30,ADANIPOWER,717.0,-0.055336
2289,2024-07-31,ADANIPOWER,717.1,0.000139
2290,2024-08-31,ADANIPOWER,632.0,-0.118672
2291,2024-09-30,ADANIPOWER,655.8,0.037658
2292,2024-10-31,ADANIPOWER,590.9,-0.098963
2293,2024-11-30,ADANIPOWER,553.3,-0.063632
2294,2024-12-31,ADANIPOWER,526.6,-0.048256
2295,2025-01-31,ADANIPOWER,514.5,-0.022978
2296,2025-02-28,ADANIPOWER,490.0,-0.047619
2297,2025-03-31,ADANIPOWER,508.2,0.037143
2298,2025-04-30,ADANIPOWER,529.5,0.041913
2299,2025-05-31,ADANIPOWER,544.0,0.027384
2300,2025-06-30,ADANIPOWER,585.05,0.07546
2301,2025-07-31,ADANIPOWER,587.35,0.003931
2302,2025-08-31,ADANIPOWER,567.45,-0.033881
-1,2006-01-31,AMBUJACEM,61.4756,
-1,2006-02-28,AMBUJACEM,61.302,-0.002824
-1,2006-03-31,AMBUJACEM,71.7158,0.169877
-1,2006-04-30,AMBUJACEM,86.1908,0.201838
-1,2006-05-31,AMBUJACEM,64.4262,-0.252517
-1,2006-06-30,AMBUJACEM,69.595,0.080228
-1,2006-07-31,AMBUJACEM,73.129,0.05078
-1,2006-08-31,AMBUJACEM,78.6224,0.075119
-1,2006-09-30,AMBUJACEM,81.7715,0.040053
-1,2006-10-31,AMBUJACEM,82.2264,0.005563
-1,2006-11-30,AMBUJACEM,101.051,0.228936
-1,2006-12-31,AMBUJACEM,99.9609,-0.010788
-1,2007-01-31,AMBUJACEM,97.3033,-0.026586
-1,2007-02-28,AMBUJACEM,82.0664,-0.156592
-1,2007-03-31,AMBUJACEM,76.0857,-0.072876
-1,2007-04-30,AMBUJACEM,84.1079,0.105436
-1,2007-05-31,AMBUJACEM,80.8634,-0.038575
-1,2007-06-30,AMBUJACEM,88.7786,0.097884
-1,2007-07-31,AMBUJACEM,93.6988,0.055421
-1,2007-08-31,AMBUJACEM,95.1607,0.015602
-1,2007-09-30,AMBUJACEM,105.0535,0.103959
-1,2007-10-31,AMBUJACEM,105.2353,0.001731
-1,2007-11-30,AMBUJACEM,108.834,0.034197
-1,2007-12-31,AMBUJACEM,106.9074,-0.017702
-1,2008-01-31,AMBUJACEM,87.7869,-0.178851
-1,2008-02-29,AMBUJACEM,87.9323,0.001656
-1,2008-03-31,AMBUJACEM,88.767,0.009493
-1,2008-04-30,AMBUJACEM,83.3771,-0.06072
-1,2008-05-31,AMBUJACEM,69.7376,-0.163588
-1,2008-06-30,AMBUJACEM,55.6948,-0.201366
-1,2008-07-31,AMBUJACEM,59.728,0.072416
-1,2008-08-31,AMBUJACEM,58.8847,-0.014119
-1,2008-09-30,AMBUJACEM,58.455,-0.007297
-1,2008-10-31,AMBUJACEM,45.2998,-0.225048
-1,2008-11-30,AMBUJACEM,38.7966,-0.143559
-1,2008-12-31,AMBUJACEM,52.0632,0.341953
-1,2009-01-31,AMBUJACEM,52.6578,0.011421
-1,2009-02-28,AMBUJACEM,47.2322,-0.103035
-1,2009-03-31,AMBUJACEM,54.0175,0.143658
-1,2009-04-30,AMBUJACEM,61.6304,0.140934
-1,2009-05-31,AMBUJACEM,70.085,0.137182
-1,2009-06-30,AMBUJACEM,66.948,-0.04476
-1,2009-07-31,AMBUJACEM,83.0155,0.24
-1,2009-08-31,AMBUJACEM,75.8616,-0.086175
-1,2009-09-30,AMBUJACEM,77.0937,0.016241
-1,2009-10-31,AMBUJACEM,68.9704,-0.105369
-1,2009-11-30,AMBUJACEM,71.4461,0.035895
-1,2009-12-31,AMBUJACEM,80.6525,0.128858
-1,2010-01-31,AMBUJACEM,78.757,-0.023502
-1,2010-02-28,AMBUJACEM,82.7413,0.05059
-1,2010-03-31,AMBUJACEM,93.7651,0.133232
-1,2010-04-30,AMBUJACEM,94.7039,0.010012
-1,2010-05-31,AMBUJACEM,85.1592,-0.100785
-1,2010-06-30,AMBUJACEM,89.8925,0.055582
-1,2010-07-31,AMBUJACEM,92.1613,0.025239
-1,2010-08-31,AMBUJACEM,98.2245,0.065789
-1,2010-09-30,AMBUJACEM,111.1364,0.131453
-1,2010-10-31,AMBUJACEM,110.7412,-0.003556
-1,2010-11-30,AMBUJACEM,111.334,0.005353
-1,2010-12-31,AMBUJACEM,113.1915,0.016684
-1,2011-01-31,AMBUJACEM,99.7145,-0.119064
-1,2011-02-28,AMBUJACEM,93.1538,-0.065795
-1,2011-03-31,AMBUJACEM,117.9158,0.265818
-1,2011-04-30,AMBUJACEM,126.5555,0.07327
-1,2011-05-31,AMBUJACEM,110.996,-0.122946
-1,2011-06-30,AMBUJACEM,106.9161,-0.036757
-1,2011-07-31,AMBUJACEM,103.4763,-0.032173
-1,2011-08-31,AMBUJACEM,106.4362,0.028605
-1,2011-09-30,AMBUJACEM,120.4748,0.131897
-1,2011-10-31,AMBUJACEM,125.653,0.042982
-1,2011-11-30,AMBUJACEM,120.1512,-0.043786
-1,2011-12-31,AMBUJACEM,125.6935,0.046128
-1,2012-01-31,AMBUJACEM,130.2244,0.036047
-1,2012-02-29,AMBUJACEM,130.0626,-0.001242
-1,2012-03-31,AMBUJACEM,140.8016,0.082568
-1,2012-04-30,AMBUJACEM,123.2218,-0.124855
-1,2012-05-31,AMBUJACEM,123.6716,0.00365
-1,2012-06-30,AMBUJACEM,142.3143,0.150744
-1,2012-07-31,AMBUJACEM,147.5473,0.036771
-1,2012-08-31,AMBUJACEM,152.6878,0.03484
-1,2012-09-30,AMBUJACEM,166.4487,0.090124
-1,2012-10-31,AMBUJACEM,167.0255,0.003465
-1,2012-11-30,AMBUJACEM,171.3927,0.026147
-1,2012-12-31,AMBUJACEM,165.5423,-0.034134
-1,2013-01-31,AMBUJACEM,168.0143,0.014933
-1,2013-02-28,AMBUJACEM,157.8378,-0.060569
-1,2013-03-31,AMBUJACEM,145.2039,-0.080044
-1,2013-04-30,AMBUJACEM,155.4982,0.070895
-1,2013-05-31,AMBUJACEM,151.9973,-0.022514
-1,2013-06-30,AMBUJACEM,155.7483,0.024678
-1,2013-07-31,AMBUJACEM,139.6191,-0.103559
-1,2013-08-31,AMBUJACEM,144.2164,0.032927
-1,2013-09-30,AMBUJACEM,153.419,0.063811
-1,2013-10-31,AMBUJACEM,158.2934,0.031772
-1,2013-11-30,AMBUJACEM,155.7722,-0.015927
-1,2013-12-31,AMBUJACEM,153.503,-0.014567
-1,2014-01-31,AMBUJACEM,133.7531,-0.128661
-1,2014-02-28,AMBUJACEM,141.1908,0.055608
-1,2014-03-31,AMBUJACEM,172.292,0.220278
-1,2014-04-30,AMBUJACEM,168.5002,-0.022008
-1,2014-05-31,AMBUJACEM,185.4141,0.100379
-1,2014-06-30,AMBUJACEM,187.9704,0.013787
-1,2014-07-31,AMBUJACEM,175.8707,-0.06437
-1,2014-08-31,AMBUJACEM,177.3346,0.008324
-1,2014-09-30,AMBUJACEM,183.6957,0.035871
-1,2014-10-31,AMBUJACEM,195.687,0.065278
-1,2014-11-30,AMBUJACEM,197.6211,0.009884
-1,2014-12-31,AMBUJACEM,196.7186,-0.004567
-1,2015-01-31,AMBUJACEM,213.8245,0.086956
-1,2015-02-28,AMBUJACEM,231.6181,0.083216
6679,2015-03-31,AMBUJACEM,254.0,0.096633
6680,2015-04-30,AMBUJACEM,232.65,-0.084055
6681,2015-05-31,AMBUJACEM,238.2,0.023856
6682,2015-06-30,AMBUJACEM,229.8,-0.035264
6683,2015-07-31,AMBUJACEM,232.95,0.013708
6684,2015-08-31,AMBUJACEM,207.2,-0.110539
6685,2015-09-30,AMBUJACEM,205.75,-0.006998
6686,2015-10-31,AMBUJACEM,206.7,0.004617
6687,2015-11-30,AMBUJACEM,199.65,-0.034107
6688,2015-12-31,AMBUJACEM,203.5,0.019284
6689,2016-01-31,AMBUJACEM,195.8,-0.037838
6690,2016-02-29,AMBUJACEM,187.6,-0.041879
6691,2016-03-31,AMBUJACEM,233.0,0.242004
6692,2016-04-30,AMBUJACEM,220.85,-0.052146
6693,2016-05-31,AMBUJACEM,228.0,0.032375
6694,2016-06-30,AMBUJACEM,255.85,0.122149
6695,2016-07-31,AMBUJACEM,271.4,0.060778
6696,2016-08-31,AMBUJACEM,281.2,0.036109
6697,2016-09-30,AMBUJACEM,251.7,-0.104908
6698,2016-10-31,AMBUJACEM,239.55,-0.048272
6699,2016-11-30,AMBUJACEM,211.0,-0.119182
6700,2016-12-31,AMBUJACEM,206.0,-0.023697
6701,2017-01-31,AMBUJACEM,229.85,0.115777
6702,2017-02-28,AMBUJACEM,228.5,-0.005873
6703,2017-03-31,AMBUJACEM,237.2,0.038074
6704,2017-04-30,AMBUJACEM,245.55,0.035202
6705,2017-05-31,AMBUJACEM,241.25,-0.017512
6706,2017-06-30,AMBUJACEM,246.0,0.019689
6707,2017-07-31,AMBUJACEM,263.05,0.069309
6708,2017-08-31,AMBUJACEM,281.25,0.069188
6709,2017-09-30,AMBUJACEM,267.5,-0.048889
6710,2017-10-31,AMBUJACEM,282.55,0.056262
6711,2017-11-30,AMBUJACEM,263.65,-0.066891
6712,2017-12-31,AMBUJACEM,271.25,0.028826
6713,2018-01-31,AMBUJACEM,262.75,-0.031336
6714,2018-02-28,AMBUJACEM,252.55,-0.03882
6715,2018-03-31,AMBUJACEM,235.0,-0.069491
6716,2018-04-30,AMBUJACEM,250.5,0.065957
6717,2018-05-31,AMBUJACEM,206.0,-0.177645
6718,2018-06-30,AMBUJACEM,208.0,0.009709
6719,2018-07-31,AMBUJACEM,230.25,0.106971
6720,2018-08-31,AMBUJACEM,242.5,0.053203
6721,2018-09-30,AMBUJACEM,224.1,-0.075876
6722,2018-10-31,AMBUJACEM,196.6,-0.122713
6723,2018-11-30,AMBUJACEM,217.3,0.10529
6724,2018-12-31,AMBUJACEM,225.0,0.035435
6725,2019-01-31,AMBUJACEM,210.05,-0.066444
6726,2019-02-28,AMBUJACEM,212.3,0.010712
6727,2019-03-31,AMBUJACEM,235.25,0.108102
6728,2019-04-30,AMBUJACEM,220.25,-0.063762
6729,2019-05-31,AMBUJACEM,230.7,0.047446
6730,2019-06-30,AMBUJACEM,212.9,-0.077156
6731,2019-07-31,AMBUJACEM,201.15,-0.05519
6732,2019-08-31,AMBUJACEM,202.1,0.004723
6733,2019-09-30,AMBUJACEM,204.1,0.009896
6734,2019-10-31,AMBUJACEM,203.0,-0.00539
6735,2019-11-30,AMBUJACEM,204.65,0.008128
6736,2019-12-31,AMBUJACEM,196.3,-0.040801
6737,2020-01-31,AMBUJACEM,205.0,0.04432
6738,2020-02-29,AMBUJACEM,208.2,0.01561
6739,2020-03-31,AMBUJACEM,155.7,-0.252161
6740,2020-04-30,AMBUJACEM,172.0,0.104689
6741,2020-05-31,AMBUJACEM,189.85,0.103779
6742,2020-06-30,AMBUJACEM,193.8,0.020806
6743,2020-07-31,AMBUJACEM,219.6,0.133127
6744,2020-08-31,AMBUJACEM,209.85,-0.044399
6745,2020-09-30,AMBUJACEM,216.75,0.032881
6746,2020-10-31,AMBUJACEM,259.95,0.199308
6747,2020-11-30,AMBUJACEM,260.0,0.000192
6748,2020-12-31,AMBUJACEM,249.0,-0.042308
6749,2021-01-31,AMBUJACEM,243.8,-0.020884
6750,2021-02-28,AMBUJACEM,273.0,0.11977
6751,2021-03-31,AMBUJACEM,308.95,0.131685
6752,2021-04-30,AMBUJACEM,308.2,-0.002428
6753,2021-05-31,AMBUJACEM,327.45,0.062459
6754,2021-06-30,AMBUJACEM,340.5,0.039853
6755,2021-07-31,AMBUJACEM,412.0,0.209985
6756,2021-08-31,AMBUJACEM,422.0,0.024272
6757,2021-09-30,AMBUJACEM,400.5,-0.050948
6758,2021-10-31,AMBUJACEM,404.1,0.008989
6759,2021-11-30,AMBUJACEM,374.5,-0.073249
6760,2021-12-31,AMBUJACEM,377.9,0.009079
6761,2022-01-31,AMBUJACEM,365.0,-0.034136
6762,2022-02-28,AMBUJACEM,315.45,-0.135753
6763,2022-03-31,AMBUJACEM,299.25,-0.051355
6764,2022-04-30,AMBUJACEM,372.0,0.243108
6765,2022-05-31,AMBUJACEM,370.4,-0.004301
6766,2022-06-30,AMBUJACEM,363.1,-0.019708
6767,2022-07-31,AMBUJACEM,374.9,0.032498
6768,2022-08-31,AMBUJACEM,410.4,0.094692
6769,2022-09-30,AMBUJACEM,515.8,0.256823
6770,2022-10-31,AMBUJACEM,533.5,0.034316
6771,2022-11-30,AMBUJACEM,572.0,0.072165
6772,2022-12-31,AMBUJACEM,524.0,-0.083916
6773,2023-01-31,AMBUJACEM,402.9,-0.231107
6774,2023-02-28,AMBUJACEM,342.25,-0.150534
6775,2023-03-31,AMBUJACEM,365.4,0.067641
6776,2023-04-30,AMBUJACEM,397.0,0.086481
6777,2023-05-31,AMBUJACEM,423.8,0.067506
6778,2023-06-30,AMBUJACEM,426.5,0.006371
6779,2023-07-31,AMBUJACEM,463.95,0.087808
6780,2023-08-31,AMBUJACEM,427.55,-0.078457
6781,2023-09-30,AMBUJACEM,424.75,-0.006549
6782,2023-10-31,AMBUJACEM,424.0,-0.001766
6783,2023-11-30,AMBUJACEM,438.7,0.03467
6784,2023-12-31,AMBUJACEM,519.7,0.184636
6785,2024-01-31,AMBUJACEM,559.0,0.075621
6786,2024-02-29,AMBUJACEM,605.0,0.08229
6787,2024-03-31,AMBUJACEM,613.0,0.013223
6788,2024-04-30,AMBUJACEM,618.95,0.009706
6789,2024-05-31,AMBUJACEM,635.0,0.025931
6790,2024-06-30,AMBUJACEM,668.2,0.052283
6791,2024-07-31,AMBUJACEM,681.25,0.01953
6792,2024-08-31,AMBUJACEM,618.0,-0.092844
6793,2024-09-30,AMBUJACEM,630.0,0.019417
6794,2024-10-31,AMBUJACEM,581.0,-0.077778
6795,2024-11-30,AMBUJACEM,532.0,-0.084337
6796,2024-12-31,AMBUJACEM,535.0,0.005639
6797,2025-01-31,AMBUJACEM,513.15,-0.040841
6798,2025-02-28,AMBUJACEM,465.9,-0.092078
6799,2025-03-31,AMBUJACEM,538.1,0.154969
6800,2025-04-30,AMBUJACEM,537.9,-0.000372
6801,2025-05-31,AMBUJACEM,551.6,0.025469
6802,2025-06-30,AMBUJACEM,577.2,0.04641
6803,2025-07-31,AMBUJACEM,589.9,0.022003
6804,2025-08-31,AMBUJACEM,589.0,-0.001526
5596,2015-03-31,APOLLOHOSP,1360.5,
5597,2015-04-30,APOLLOHOSP,1149.9,-0.154796
5598,2015-05-31,APOLLOHOSP,1219.05,0.060136
5599,2015-06-30,APOLLOHOSP,1319.0,0.08199
5600,2015-07-31,APOLLOHOSP,1364.5,0.034496
5601,2015-08-31,APOLLOHOSP,1336.0,-0.020887
5602,2015-09-30,APOLLOHOSP,1440.0,0.077844
5603,2015-10-31,APOLLOHOSP,1317.75,-0.084896
5604,2015-11-30,APOLLOHOSP,1325.05,0.00554
5605,2015-12-31,APOLLOHOSP,1464.4,0.105166
5606,2016-01-31,APOLLOHOSP,1480.25,0.010824
5607,2016-02-29,APOLLOHOSP,1478.9,-0.000912
5608,2016-03-31,APOLLOHOSP,1340.1,-0.093854
5609,2016-04-30,APOLLOHOSP,1308.7,-0.023431
5610,2016-05-31,APOLLOHOSP,1365.3,0.043249
5611,2016-06-30,APOLLOHOSP,1315.25,-0.036659
5612,2016-07-31,APOLLOHOSP,1363.1,0.036381
5613,2016-08-31,APOLLOHOSP,1350.85,-0.008987
5614,2016-09-30,APOLLOHOSP,1315.0,-0.026539
5615,2016-10-31,APOLLOHOSP,1342.0,0.020532
5616,2016-11-30,APOLLOHOSP,1190.0,-0.113264
5617,2016-12-31,APOLLOHOSP,1182.8,-0.00605
5618,2017-01-31,APOLLOHOSP,1233.0,0.042442
5619,2017-02-28,APOLLOHOSP,1302.0,0.055961
5620,2017-03-31,APOLLOHOSP,1165.3,-0.104992
5621,2017-04-30,APOLLOHOSP,1233.0,0.058097
5622,2017-05-31,APOLLOHOSP,1202.0,-0.025142
5623,2017-06-30,APOLLOHOSP,1273.1,0.059151
5624,2017-07-31,APOLLOHOSP,1258.25,-0.011664
5625,2017-08-31,APOLLOHOSP,1082.0,-0.140076
5626,2017-09-30,APOLLOHOSP,1004.9,-0.071257
5627,2017-10-31,APOLLOHOSP,1036.0,0.030948
5628,2017-11-30,APOLLOHOSP,1116.0,0.07722
5629,2017-12-31,APOLLOHOSP,1205.0,0.079749
5630,2018-01-31,APOLLOHOSP,1162.0,-0.035685
5631,2018-02-28,APOLLOHOSP,1200.0,0.032702
5632,2018-03-31,APOLLOHOSP,1057.95,-0.118375
5633,2018-04-30,APOLLOHOSP,1090.0,0.030294
5634,2018-05-31,APOLLOHOSP,947.5,-0.130734
5635,2018-06-30,APOLLOHOSP,1053.85,0.112243
5636,2018-07-31,APOLLOHOSP,953.35,-0.095365
5637,2018-08-31,APOLLOHOSP,1178.55,0.23622
5638,2018-09-30,APOLLOHOSP,1053.75,-0.105893
5639,2018-10-31,APOLLOHOSP,1143.3,0.084982
5640,2018-11-30,APOLLOHOSP,1261.0,0.102948
5641,2018-12-31,APOLLOHOSP,1256.0,-0.003965
5642,2019-01-31,APOLLOHOSP,1325.0,0.054936
5643,2019-02-28,APOLLOHOSP,1140.0,-0.139623
5644,2019-03-31,APOLLOHOSP,1233.0,0.081579
5645,2019-04-30,APOLLOHOSP,1220.0,-0.010543
5646,2019-05-31,APOLLOHOSP,1238.8,0.01541
5647,2019-06-30,APOLLOHOSP,1365.0,0.101873
5648,2019-07-31,APOLLOHOSP,1352.7,-0.009011
5649,2019-08-31,APOLLOHOSP,1509.0,0.115547
5650,2019-09-30,APOLLOHOSP,1397.0,-0.074221
5651,2019-10-31,APOLLOHOSP,1487.0,0.064424
5652,2019-11-30,APOLLOHOSP,1438.55,-0.032582
5653,2019-12-31,APOLLOHOSP,1441.0,0.001703
5654,2020-01-31,APOLLOHOSP,1668.0,0.157529
5655,2020-02-29,APOLLOHOSP,1748.0,0.047962
5656,2020-03-31,APOLLOHOSP,1140.0,-0.347826
5657,2020-04-30,APOLLOHOSP,1395.9,0.224474
5658,2020-05-31,APOLLOHOSP,1355.05,-0.029264
5659,2020-06-30,APOLLOHOSP,1353.9,-0.000849
5660,2020-07-31,APOLLOHOSP,1679.9,0.240786
5661,2020-08-31,APOLLOHOSP,1622.0,-0.034466
5662,2020-09-30,APOLLOHOSP,2150.0,0.325524
5663,2020-10-31,APOLLOHOSP,2122.5,-0.012791
5664,2020-11-30,APOLLOHOSP,2321.0,0.093522
5665,2020-12-31,APOLLOHOSP,2406.0,0.036622
5666,2021-01-31,APOLLOHOSP,2563.0,0.065254
5667,2021-02-28,APOLLOHOSP,3052.4,0.190948
5668,2021-03-31,APOLLOHOSP,2892.05,-0.052532
5669,2021-04-30,APOLLOHOSP,3204.0,0.107865
5670,2021-05-31,APOLLOHOSP,3186.0,-0.005618
5671,2021-06-30,APOLLOHOSP,3617.7,0.135499
5672,2021-07-31,APOLLOHOSP,4032.6,0.114686
5673,2021-08-31,APOLLOHOSP,4982.0,0.235431
5674,2021-09-30,APOLLOHOSP,4478.0,-0.101164
5675,2021-10-31,APOLLOHOSP,4285.15,-0.043066
5676,2021-11-30,APOLLOHOSP,5712.6,0.333116
5677,2021-12-31,APOLLOHOSP,5025.0,-0.120366
5678,2022-01-31,APOLLOHOSP,4453.65,-0.113701
5679,2022-02-28,APOLLOHOSP,4780.15,0.073311
5680,2022-03-31,APOLLOHOSP,4522.0,-0.054005
5681,2022-04-30,APOLLOHOSP,4440.0,-0.018134
5682,2022-05-31,APOLLOHOSP,3965.0,-0.106982
5683,2022-06-30,APOLLOHOSP,3669.0,-0.074653
5684,2022-07-31,APOLLOHOSP,4197.7,0.144099
5685,2022-08-31,APOLLOHOSP,4310.0,0.026753
5686,2022-09-30,APOLLOHOSP,4374.0,0.014849
5687,2022-10-31,APOLLOHOSP,4510.0,0.031093
5688,2022-11-30,APOLLOHOSP,4729.95,0.048769
5689,2022-12-31,APOLLOHOSP,4476.0,-0.05369
5690,2023-01-31,APOLLOHOSP,4270.0,-0.046023
5691,2023-02-28,APOLLOHOSP,4383.15,0.026499
5692,2023-03-31,APOLLOHOSP,4306.2,-0.017556
5693,2023-04-30,APOLLOHOSP,4520.0,0.049649
5694,2023-05-31,APOLLOHOSP,4618.0,0.021681
5695,2023-06-30,APOLLOHOSP,5099.7,0.104309
5696,2023-07-31,APOLLOHOSP,5185.0,0.016726
5697,2023-08-31,APOLLOHOSP,4823.0,-0.069817
5698,2023-09-30,APOLLOHOSP,5144.95,0.066753
5699,2023-10-31,APOLLOHOSP,4842.0,-0.058883
5700,2023-11-30,APOLLOHOSP,5549.0,0.146014
5701,2023-12-31,APOLLOHOSP,5708.0,0.028654
5702,2024-01-31,APOLLOHOSP,6322.3,0.107621
5703,2024-02-29,APOLLOHOSP,6120.0,-0.031998
5704,2024-03-31,APOLLOHOSP,6348.0,0.037255
5705,2024-04-30,APOLLOHOSP,5957.55,-0.061508
5706,2024-05-31,APOLLOHOSP,5845.0,-0.018892
5707,2024-06-30,APOLLOHOSP,6187.85,0.058657
5708,2024-07-31,APOLLOHOSP,6598.0,0.066283
5709,2024-08-31,APOLLOHOSP,6933.0,0.050773
5710,2024-09-30,APOLLOHOSP,7200.0,0.038511
5711,2024-10-31,APOLLOHOSP,7007.45,-0.026743
5712,2024-11-30,APOLLOHOSP,6849.0,-0.022612
5713,2024-12-31,APOLLOHOSP,7296.0,0.065265
5714,2025-01-31,APOLLOHOSP,6832.0,-0.063596
5715,2025-02-28,APOLLOHOSP,6085.0,-0.109338
5716,2025-03-31,APOLLOHOSP,6614.0,0.086935
5717,2025-04-30,APOLLOHOSP,6970.0,0.053825
5718,2025-05-31,APOLLOHOSP,6886.0,-0.012052
5719,2025-06-30,APOLLOHOSP,7238.0,0.051118
5720,2025-07-31,APOLLOHOSP,7507.0,0.037165
5721,2025-08-31,APOLLOHOSP,7180.5,-0.043493
-1,2006-01-31,ASIANPAINT,49.6884,
-1,2006-02-28,ASIANPAINT,54.153,0.089852
-1,2006-03-31,ASIANPAINT,52.2523,-0.035099
-1,2006-04-30,ASIANPAINT,52.0744,-0.003405
-1,2006-05-31,ASIANPAINT,46.1499,-0.11377
-1,2006-06-30,ASIANPAINT,47.8848,0.037593
-1,2006-07-31,ASIANPAINT,50.0994,0.046248
-1,2006-08-31,ASIANPAINT,52.2052,0.042032
-1,2006-09-30,ASIANPAINT,55.5054,0.063216
-1,2006-10-31,ASIANPAINT,54.902,-0.010871
-1,2006-11-30,ASIANPAINT,58.5389,0.066243
-1,2006-12-31,ASIANPAINT,60.9487,0.041166
-1,2007-01-31,ASIANPAINT,65.8643,0.080651
-1,2007-02-28,ASIANPAINT,60.9942,-0.073941
-1,2007-03-31,ASIANPAINT,63.1086,0.034666
-1,2007-04-30,ASIANPAINT,66.0679,0.046892
-1,2007-05-31,ASIANPAINT,69.3466,0.049626
-1,2007-06-30,ASIANPAINT,67.6759,-0.024092
-1,2007-07-31,ASIANPAINT,74.0894,0.094768
-1,2007-08-31,ASIANPAINT,78.8647,0.064453
-1,2007-09-30,ASIANPAINT,82.6574,0.048091
-1,2007-10-31,ASIANPAINT,86.333,0.044468
-1,2007-11-30,ASIANPAINT,83.3299,-0.034785
-1,2007-12-31,ASIANPAINT,92.5509,0.110657
-1,2008-01-31,ASIANPAINT,104.8905,0.133328
-1,2008-02-29,ASIANPAINT,93.8514,-0.105244
-1,2008-03-31,ASIANPAINT,100.9976,0.076144
-1,2008-04-30,ASIANPAINT,107.765,0.067006
-1,2008-05-31,ASIANPAINT,108.2363,0.004373
-1,2008-06-30,ASIANPAINT,96.7343,-0.106267
-1,2008-07-31,ASIANPAINT,102.2139,0.056646
-1,2008-08-31,ASIANPAINT,104.3185,0.02059
-1,2008-09-30,ASIANPAINT,100.7458,-0.034248
-1,2008-10-31,ASIANPAINT,81.032,-0.195679
-1,2008-11-30,ASIANPAINT,76.0238,-0.061805
-1,2008-12-31,ASIANPAINT,76.4854,0.006072
-1,2009-01-31,ASIANPAINT,67.4091,-0.118667
-1,2009-02-28,ASIANPAINT,67.2083,-0.002979
-1,2009-03-31,ASIANPAINT,67.204,-6.4e-05
-1,2009-04-30,ASIANPAINT,76.2161,0.134101
-1,2009-05-31,ASIANPAINT,92.3003,0.211034
-1,2009-06-30,ASIANPAINT,101.5133,0.099815
-1,2009-07-31,ASIANPAINT,121.8302,0.20014
-1,2009-08-31,ASIANPAINT,120.872,-0.007865
-1,2009-09-30,ASIANPAINT,121.3424,0.003892
-1,2009-10-31,ASIANPAINT,141.7569,0.168239
-1,2009-11-30,ASIANPAINT,145.7274,0.028009
-1,2009-12-31,ASIANPAINT,155.9214,0.069953
-1,2010-01-31,ASIANPAINT,160.6932,0.030604
-1,2010-02-28,ASIANPAINT,157.0276,-0.022811
-1,2010-03-31,ASIANPAINT,176.8865,0.126468
-1,2010-04-30,ASIANPAINT,180.3525,0.019594
-1,2010-05-31,ASIANPAINT,180.9859,0.003512
-1,2010-06-30,ASIANPAINT,199.6996,0.103399
-1,2010-07-31,ASIANPAINT,227.6455,0.13994
-1,2010-08-31,ASIANPAINT,241.5753,0.061191
-1,2010-09-30,ASIANPAINT,232.879,-0.035998
-1,2010-10-31,ASIANPAINT,235.0258,0.009219
-1,2010-11-30,ASIANPAINT,232.3743,-0.011282
-1,2010-12-31,ASIANPAINT,252.5335,0.086753
-1,2011-01-31,ASIANPAINT,226.1108,-0.10463
-1,2011-02-28,ASIANPAINT,210.6011,-0.068593
-1,2011-03-31,ASIANPAINT,221.5755,0.05211
-1,2011-04-30,ASIANPAINT,243.4013,0.098503
-1,2011-05-31,ASIANPAINT,274.877,0.129316
-1,2011-06-30,ASIANPAINT,279.4124,0.0165
-1,2011-07-31,ASIANPAINT,276.9608,-0.008774
-1,2011-08-31,ASIANPAINT,290.3979,0.048516
-1,2011-09-30,ASIANPAINT,279.0421,-0.039104
-1,2011-10-31,ASIANPAINT,279.2189,0.000634
-1,2011-11-30,ASIANPAINT,255.2517,-0.085837
-1,2011-12-31,ASIANPAINT,229.8094,-0.099675
-1,2012-01-31,ASIANPAINT,265.5306,0.155438
-1,2012-02-29,ASIANPAINT,281.0663,0.058508
-1,2012-03-31,ASIANPAINT,287.4003,0.022536
-1,2012-04-30,ASIANPAINT,312.6474,0.087846
-1,2012-05-31,ASIANPAINT,356.5067,0.140284
-1,2012-06-30,ASIANPAINT,344.7164,-0.033072
-1,2012-07-31,ASIANPAINT,325.4826,-0.055796
-1,2012-08-31,ASIANPAINT,325.3395,-0.00044
-1,2012-09-30,ASIANPAINT,351.6208,0.080781
-1,2012-10-31,ASIANPAINT,345.9374,-0.016163
-1,2012-11-30,ASIANPAINT,387.9139,0.121341
-1,2012-12-31,ASIANPAINT,397.0689,0.023601
-1,2013-01-31,ASIANPAINT,403.2141,0.015476
-1,2013-02-28,ASIANPAINT,382.7047,-0.050865
-1,2013-03-31,ASIANPAINT,440.4885,0.150988
-1,2013-04-30,ASIANPAINT,419.3475,-0.047994
-1,2013-05-31,ASIANPAINT,435.6377,0.038847
-1,2013-06-30,ASIANPAINT,415.3388,-0.046596
-1,2013-07-31,ASIANPAINT,458.2872,0.103406
-1,2013-08-31,ASIANPAINT,380.0552,-0.170705
-1,2013-09-30,ASIANPAINT,414.6343,0.090984
-1,2013-10-31,ASIANPAINT,487.043,0.174633
-1,2013-11-30,ASIANPAINT,455.6808,-0.064393
-1,2013-12-31,ASIANPAINT,443.331,-0.027102
-1,2014-01-31,ASIANPAINT,426.7739,-0.037347
-1,2014-02-28,ASIANPAINT,427.9501,0.002756
-1,2014-03-31,ASIANPAINT,495.7617,0.158457
-1,2014-04-30,ASIANPAINT,457.038,-0.07811
-1,2014-05-31,ASIANPAINT,459.2547,0.00485
-1,2014-06-30,ASIANPAINT,537.4257,0.170213
-1,2014-07-31,ASIANPAINT,573.2158,0.066595
-1,2014-08-31,ASIANPAINT,569.1581,-0.007079
-1,2014-09-30,ASIANPAINT,574.0364,0.008571
-1,2014-10-31,ASIANPAINT,600.6808,0.046416
-1,2014-11-30,ASIANPAINT,680.8631,0.133486
-1,2014-12-31,ASIANPAINT,687.8115,0.010205
-1,2015-01-31,ASIANPAINT,784.2222,0.14017
-1,2015-02-28,ASIANPAINT,737.9597,-0.058992
8493,2015-03-31,ASIANPAINT,806.0,0.092201
8494,2015-04-30,ASIANPAINT,765.05,-0.050806
8495,2015-05-31,ASIANPAINT,790.5,0.033266
8496,2015-06-30,ASIANPAINT,758.0,-0.041113
8497,2015-07-31,ASIANPAINT,883.0,0.164908
8498,2015-08-31,ASIANPAINT,847.4,-0.040317
8499,2015-09-30,ASIANPAINT,841.3,-0.007198
8500,2015-10-31,ASIANPAINT,831.95,-0.011114
8501,2015-11-30,ASIANPAINT,839.9,0.009556
8502,2015-12-31,ASIANPAINT,882.55,0.05078
8503,2016-01-31,ASIANPAINT,872.2,-0.011727
8504,2016-02-29,ASIANPAINT,847.15,-0.02872
8505,2016-03-31,ASIANPAINT,872.0,0.029334
8506,2016-04-30,ASIANPAINT,868.0,-0.004587
8507,2016-05-31,ASIANPAINT,988.0,0.138249
8508,2016-06-30,ASIANPAINT,998.0,0.010121
8509,2016-07-31,ASIANPAINT,1113.0,0.11523
8510,2016-08-31,ASIANPAINT,1160.0,0.042228
8511,2016-09-30,ASIANPAINT,1159.55,-0.000388
8512,2016-10-31,ASIANPAINT,1076.0,-0.072054
8513,2016-11-30,ASIANPAINT,965.85,-0.10237
8514,2016-12-31,ASIANPAINT,890.5,-0.078014
8515,2017-01-31,ASIANPAINT,970.0,0.089276
8516,2017-02-28,ASIANPAINT,1025.8,0.057526
8517,2017-03-31,ASIANPAINT,1070.0,0.043088
8518,2017-04-30,ASIANPAINT,1122.0,0.048598
8519,2017-05-31,ASIANPAINT,1148.3,0.02344
8520,2017-06-30,ASIANPAINT,1105.0,-0.037708
8521,2017-07-31,ASIANPAINT,1163.0,0.052489
8522,2017-08-31,ASIANPAINT,1170.75,0.006664
8523,2017-09-30,ASIANPAINT,1131.05,-0.03391
8524,2017-10-31,ASIANPAINT,1182.0,0.045047
8525,2017-11-30,ASIANPAINT,1151.5,-0.025804
8526,2017-12-31,ASIANPAINT,1160.0,0.007382
8527,2018-01-31,ASIANPAINT,1130.8,-0.025172
8528,2018-02-28,ASIANPAINT,1116.05,-0.013044
8529,2018-03-31,ASIANPAINT,1119.25,0.002867
8530,2018-04-30,ASIANPAINT,1201.1,0.073129
8531,2018-05-31,ASIANPAINT,1307.0,0.088169
8532,2018-06-30,ASIANPAINT,1264.0,-0.0329
8533,2018-07-31,ASIANPAINT,1449.0,0.146361
8534,2018-08-31,ASIANPAINT,1372.45,-0.05283
8535,2018-09-30,ASIANPAINT,1288.0,-0.061532
8536,2018-10-31,ASIANPAINT,1230.3,-0.044798
8537,2018-11-30,ASIANPAINT,1349.0,0.096481
8538,2018-12-31,ASIANPAINT,1369.0,0.014826
8539,2019-01-31,ASIANPAINT,1407.0,0.027757
8540,2019-02-28,ASIANPAINT,1405.2,-0.001279
8541,2019-03-31,ASIANPAINT,1490.0,0.060347
8542,2019-04-30,ASIANPAINT,1464.0,-0.01745
8543,2019-05-31,ASIANPAINT,1408.3,-0.038046
8544,2019-06-30,ASIANPAINT,1359.0,-0.035007
8545,2019-07-31,ASIANPAINT,1522.0,0.119941
8546,2019-08-31,ASIANPAINT,1618.55,0.063436
8547,2019-09-30,ASIANPAINT,1764.0,0.089864
8548,2019-10-31,ASIANPAINT,1809.0,0.02551
8549,2019-11-30,ASIANPAINT,1706.0,-0.056938
8550,2019-12-31,ASIANPAINT,1790.2,0.049355
8551,2020-01-31,ASIANPAINT,1797.0,0.003798
8552,2020-02-29,ASIANPAINT,1810.0,0.007234
8553,2020-03-31,ASIANPAINT,1656.0,-0.085083
8554,2020-04-30,ASIANPAINT,1762.0,0.06401
8555,2020-05-31,ASIANPAINT,1675.0,-0.049376
8556,2020-06-30,ASIANPAINT,1687.0,0.007164
8557,2020-07-31,ASIANPAINT,1720.0,0.019561
8558,2020-08-31,ASIANPAINT,1893.55,0.100901
8559,2020-09-30,ASIANPAINT,1981.6,0.0465
8560,2020-10-31,ASIANPAINT,2210.0,0.11526
8561,2020-11-30,ASIANPAINT,2198.55,-0.005181
8562,2020-12-31,ASIANPAINT,2760.55,0.255623
8563,2021-01-31,ASIANPAINT,2412.5,-0.12608
8564,2021-02-28,ASIANPAINT,2278.0,-0.055751
8565,2021-03-31,ASIANPAINT,2537.0,0.113696
8566,2021-04-30,ASIANPAINT,2529.0,-0.003153
8567,2021-05-31,ASIANPAINT,2976.1,0.176789
8568,2021-06-30,ASIANPAINT,3002.0,0.008703
8569,2021-07-31,ASIANPAINT,2956.0,-0.015323
8570,2021-08-31,ASIANPAINT,3202.05,0.083237
8571,2021-09-30,ASIANPAINT,3249.0,0.014662
8572,2021-10-31,ASIANPAINT,3108.0,-0.043398
8573,2021-11-30,ASIANPAINT,3144.75,0.011824
8574,2021-12-31,ASIANPAINT,3384.0,0.076079
8575,2022-01-31,ASIANPAINT,3160.0,-0.066194
8576,2022-02-28,ASIANPAINT,3172.0,0.003797
8577,2022-03-31,ASIANPAINT,3080.0,-0.029004
8578,2022-04-30,ASIANPAINT,3239.3,0.051721
8579,2022-05-31,ASIANPAINT,2861.95,-0.116491
8580,2022-06-30,ASIANPAINT,2681.0,-0.063226
8581,2022-07-31,ASIANPAINT,3331.95,0.242801
8582,2022-08-31,ASIANPAINT,3400.0,0.020423
8583,2022-09-30,ASIANPAINT,3375.0,-0.007353
8584,2022-10-31,ASIANPAINT,3111.0,-0.078222
8585,2022-11-30,ASIANPAINT,3183.35,0.023256
8586,2022-12-31,ASIANPAINT,3085.0,-0.030895
8587,2023-01-31,ASIANPAINT,2731.15,-0.1147
8588,2023-02-28,ASIANPAINT,2832.85,0.037237
8589,2023-03-31,ASIANPAINT,2764.0,-0.024304
8590,2023-04-30,ASIANPAINT,2894.0,0.047033
8591,2023-05-31,ASIANPAINT,3196.95,0.104682
8592,2023-06-30,ASIANPAINT,3360.0,0.051002
8593,2023-07-31,ASIANPAINT,3375.15,0.004509
8594,2023-08-31,ASIANPAINT,3255.0,-0.035598
8595,2023-09-30,ASIANPAINT,3166.0,-0.027343
8596,2023-10-31,ASIANPAINT,2999.0,-0.052748
8597,2023-11-30,ASIANPAINT,3125.2,0.042081
8598,2023-12-31,ASIANPAINT,3397.0,0.08697
8599,2024-01-31,ASIANPAINT,2964.0,-0.127465
8600,2024-02-29,ASIANPAINT,2834.7,-0.043623
8601,2024-03-31,ASIANPAINT,2856.65,0.007743
8602,2024-04-30,ASIANPAINT,2875.0,0.006424
8603,2024-05-31,ASIANPAINT,2881.3,0.002191
8604,2024-06-30,ASIANPAINT,2916.5,0.012217
8605,2024-07-31,ASIANPAINT,3087.0,0.05846
8606,2024-08-31,ASIANPAINT,3133.0,0.014901
8607,2024-09-30,ASIANPAINT,3320.0,0.059687
8608,2024-10-31,ASIANPAINT,2926.35,-0.118569
8609,2024-11-30,ASIANPAINT,2478.0,-0.153211
8610,2024-12-31,ASIANPAINT,2284.2,-0.078208
8611,2025-01-31,ASIANPAINT,2305.0,0.009106
8612,2025-02-28,ASIANPAINT,2181.2,-0.053709
8613,2025-03-31,ASIANPAINT,2326.25,0.0665
8614,2025-04-30,ASIANPAINT,2416.1,0.038624
8615,2025-05-31,ASIANPAINT,2261.0,-0.064194
8616,2025-06-30,ASIANPAINT,2341.9,0.035781
8617,2025-07-31,ASIANPAINT,2392.2,0.021478
8618,2025-08-31,ASIANPAINT,2491.2,0.041384
12354,2015-04-30,AUROPHARMA,642.83,
12355,2015-05-31,AUROPHARMA,687.1,0.068867
12356,2015-06-30,AUROPHARMA,726.0,0.056615
12357,2015-07-31,AUROPHARMA,759.9,0.046694
12358,2015-08-31,AUROPHARMA,753.0,-0.00908
12359,2015-09-30,AUROPHARMA,769.2,0.021514
12360,2015-10-31,AUROPHARMA,835.95,0.086778
12361,2015-11-30,AUROPHARMA,809.75,-0.031342
12362,2015-12-31,AUROPHARMA,875.95,0.081754
12363,2016-01-31,AUROPHARMA,834.25,-0.047605
12364,2016-02-29,AUROPHARMA,655.65,-0.214085
12365,2016-03-31,AUROPHARMA,744.9,0.136124
12366,2016-04-30,AUROPHARMA,759.95,0.020204
12367,2016-05-31,AUROPHARMA,785.3,0.033357
12368,2016-06-30,AUROPHARMA,742.5,-0.054501
12369,2016-07-31,AUROPHARMA,791.45,0.065926
12370,2016-08-31,AUROPHARMA,790.85,-0.000758
12371,2016-09-30,AUROPHARMA,855.45,0.081684
12372,2016-10-31,AUROPHARMA,819.0,-0.042609
12373,2016-11-30,AUROPHARMA,740.8,-0.095482
12374,2016-12-31,AUROPHARMA,669.3,-0.096517
12375,2017-01-31,AUROPHARMA,681.8,0.018676
12376,2017-02-28,AUROPHARMA,677.2,-0.006747
12377,2017-03-31,AUROPHARMA,675.2,-0.002953
12378,2017-04-30,AUROPHARMA,606.75,-0.101377
12379,2017-05-31,AUROPHARMA,574.15,-0.053729
12380,2017-06-30,AUROPHARMA,684.6,0.192371
12381,2017-07-31,AUROPHARMA,718.6,0.049664
12382,2017-08-31,AUROPHARMA,725.25,0.009254
12383,2017-09-30,AUROPHARMA,691.65,-0.046329
12384,2017-10-31,AUROPHARMA,760.0,0.098822
12385,2017-11-30,AUROPHARMA,692.85,-0.088355
12386,2017-12-31,AUROPHARMA,687.95,-0.007072
12387,2018-01-31,AUROPHARMA,629.55,-0.08489
12388,2018-02-28,AUROPHARMA,613.9,-0.024859
12389,2018-03-31,AUROPHARMA,557.85,-0.091302
12390,2018-04-30,AUROPHARMA,642.0,0.150847
12391,2018-05-31,AUROPHARMA,556.3,-0.133489
12392,2018-06-30,AUROPHARMA,607.1,0.091318
12393,2018-07-31,AUROPHARMA,591.55,-0.025614
12394,2018-08-31,AUROPHARMA,712.75,0.204885
12395,2018-09-30,AUROPHARMA,744.45,0.044476
12396,2018-10-31,AUROPHARMA,791.55,0.063268
12397,2018-11-30,AUROPHARMA,810.7,0.024193
12398,2018-12-31,AUROPHARMA,732.95,-0.095905
12399,2019-01-31,AUROPHARMA,787.8,0.074835
12400,2019-02-28,AUROPHARMA,712.05,-0.096154
12401,2019-03-31,AUROPHARMA,784.25,0.101397
12402,2019-04-30,AUROPHARMA,819.05,0.044374
12403,2019-05-31,AUROPHARMA,672.4,-0.179049
12404,2019-06-30,AUROPHARMA,608.05,-0.095702
12405,2019-07-31,AUROPHARMA,571.25,-0.060521
12406,2019-08-31,AUROPHARMA,600.7,0.051554
12407,2019-09-30,AUROPHARMA,589.0,-0.019477
12408,2019-10-31,AUROPHARMA,469.85,-0.202292
12409,2019-11-30,AUROPHARMA,449.9,-0.04246
12410,2019-12-31,AUROPHARMA,456.85,0.015448
12411,2020-01-31,AUROPHARMA,481.4,0.053738
12412,2020-02-29,AUROPHARMA,505.5,0.050062
12413,2020-03-31,AUROPHARMA,413.15,-0.18269
12414,2020-04-30,AUROPHARMA,625.85,0.514825
12415,2020-05-31,AUROPHARMA,745.65,0.19142
12416,2020-06-30,AUROPHARMA,771.7,0.034936
12417,2020-07-31,AUROPHARMA,874.6,0.133342
12418,2020-08-31,AUROPHARMA,808.9,-0.07512
12419,2020-09-30,AUROPHARMA,796.5,-0.015329
12420,2020-10-31,AUROPHARMA,772.65,-0.029944
12421,2020-11-30,AUROPHARMA,868.55,0.124118
12422,2020-12-31,AUROPHARMA,921.3,0.060733
12423,2021-01-31,AUROPHARMA,905.25,-0.017421
12424,2021-02-28,AUROPHARMA,855.2,-0.055289
12425,2021-03-31,AUROPHARMA,881.3,0.030519
12426,2021-04-30,AUROPHARMA,980.85,0.112958
12427,2021-05-31,AUROPHARMA,997.95,0.017434
12428,2021-06-30,AUROPHARMA,965.2,-0.032817
12429,2021-07-31,AUROPHARMA,916.6,-0.050352
12430,2021-08-31,AUROPHARMA,727.3,-0.206524
12431,2021-09-30,AUROPHARMA,724.8,-0.003437
12432,2021-10-31,AUROPHARMA,689.35,-0.04891
12433,2021-11-30,AUROPHARMA,660.25,-0.042214
12434,2021-12-31,AUROPHARMA,734.35,0.11223
12435,2022-01-31,AUROPHARMA,725.15,-0.012528
-1,2006-01-31,AXISBANK,58.934,
-1,2006-02-28,AXISBANK,57.2729,-0.028186
-1,2006-03-31,AXISBANK,62.2562,0.08701
-1,2006-04-30,AXISBANK,60.8224,-0.023031
-1,2006-05-31,AXISBANK,49.8766,-0.179963
-1,2006-06-30,AXISBANK,47.3305,-0.051048
-1,2006-07-31,AXISBANK,52.5767,0.110842
-1,2006-08-31,AXISBANK,60.2871,0.146651
-1,2006-09-30,AXISBANK,66.9817,0.111045
-1,2006-10-31,AXISBANK,76.9971,0.149524
-1,2006-11-30,AXISBANK,83.7801,0.088094
-1,2006-12-31,AXISBANK,82.9499,-0.009909
-1,2007-01-31,AXISBANK,94.4314,0.138415
-1,2007-02-28,AXISBANK,81.3778,-0.138234
-1,2007-03-31,AXISBANK,86.624,0.064467
-1,2007-04-30,AXISBANK,82.7026,-0.045269
-1,2007-05-31,AXISBANK,101.5589,0.228001
-1,2007-06-30,AXISBANK,107.8507,0.061952
-1,2007-07-31,AXISBANK,111.4843,0.033691
-1,2007-08-31,AXISBANK,113.1052,0.014539
-1,2007-09-30,AXISBANK,136.1894,0.204095
-1,2007-10-31,AXISBANK,163.3969,0.199777
-1,2007-11-30,AXISBANK,165.7659,0.014498
-1,2007-12-31,AXISBANK,172.855,0.042766
-1,2008-01-31,AXISBANK,199.6351,0.154928
-1,2008-02-29,AXISBANK,182.135,-0.08766
-1,2008-03-31,AXISBANK,140.6868,-0.227569
-1,2008-04-30,AXISBANK,164.5013,0.169273
-1,2008-05-31,AXISBANK,141.2924,-0.141086
-1,2008-06-30,AXISBANK,108.5192,-0.231953
-1,2008-07-31,AXISBANK,117.2807,0.080737
-1,2008-08-31,AXISBANK,129.7459,0.106285
-1,2008-09-30,AXISBANK,129.181,-0.004354
-1,2008-10-31,AXISBANK,100.9683,-0.218397
-1,2008-11-30,AXISBANK,73.2668,-0.274358
-1,2008-12-31,AXISBANK,90.5208,0.235495
-1,2009-01-31,AXISBANK,77.7866,-0.140677
-1,2009-02-28,AXISBANK,62.3979,-0.197832
-1,2009-03-31,AXISBANK,74.4236,0.192726
-1,2009-04-30,AXISBANK,99.9549,0.343054
-1,2009-05-31,AXISBANK,139.7091,0.397721
-1,2009-06-30,AXISBANK,151.5246,0.084572
-1,2009-07-31,AXISBANK,166.9821,0.102013
-1,2009-08-31,AXISBANK,164.8245,-0.012921
-1,2009-09-30,AXISBANK,179.3626,0.088204
-1,2009-10-31,AXISBANK,165.2069,-0.078922
-1,2009-11-30,AXISBANK,181.957,0.101389
-1,2009-12-31,AXISBANK,180.0999,-0.010206
-1,2010-01-31,AXISBANK,186.7453,0.036898
-1,2010-02-28,AXISBANK,204.7335,0.096325
-1,2010-03-31,AXISBANK,212.6989,0.038906
-1,2010-04-30,AXISBANK,231.2241,0.087096
-1,2010-05-31,AXISBANK,224.3693,-0.029646
-1,2010-06-30,AXISBANK,228.4742,0.018295
-1,2010-07-31,AXISBANK,247.0571,0.081335
-1,2010-08-31,AXISBANK,244.7032,-0.009528
-1,2010-09-30,AXISBANK,282.5769,0.154774
-1,2010-10-31,AXISBANK,270.5224,-0.042659
-1,2010-11-30,AXISBANK,251.3603,-0.070834
-1,2010-12-31,AXISBANK,248.28,-0.012255
-1,2011-01-31,AXISBANK,228.4375,-0.07992
-1,2011-02-28,AXISBANK,224.0883,-0.019039
-1,2011-03-31,AXISBANK,258.1645,0.152066
-1,2011-04-30,AXISBANK,236.6026,-0.08352
-1,2011-05-31,AXISBANK,235.8486,-0.003187
-1,2011-06-30,AXISBANK,237.145,0.005497
-1,2011-07-31,AXISBANK,248.761,0.048983
-1,2011-08-31,AXISBANK,199.5203,-0.197944
-1,2011-09-30,AXISBANK,189.5047,-0.050198
-1,2011-10-31,AXISBANK,215.627,0.137845
-1,2011-11-30,AXISBANK,176.253,-0.182602
-1,2011-12-31,AXISBANK,150.2981,-0.147259
-1,2012-01-31,AXISBANK,199.9481,0.330343
-1,2012-02-29,AXISBANK,219.0492,0.09553
-1,2012-03-31,AXISBANK,213.1813,-0.026788
-1,2012-04-30,AXISBANK,205.8811,-0.034244
-1,2012-05-31,AXISBANK,180.5866,-0.12286
-1,2012-06-30,AXISBANK,188.9189,0.04614
-1,2012-07-31,AXISBANK,197.2216,0.043948
-1,2012-08-31,AXISBANK,187.3337,-0.050136
-1,2012-09-30,AXISBANK,214.5705,0.145392
-1,2012-10-31,AXISBANK,223.3725,0.041021
-1,2012-11-30,AXISBANK,249.306,0.1161
-1,2012-12-31,AXISBANK,256.2285,0.027767
-1,2013-01-31,AXISBANK,284.2965,0.109543
-1,2013-02-28,AXISBANK,253.8864,-0.106966
-1,2013-03-31,AXISBANK,245.6795,-0.032325
-1,2013-04-30,AXISBANK,281.9449,0.147613
-1,2013-05-31,AXISBANK,270.2059,-0.041636
-1,2013-06-30,AXISBANK,250.3071,-0.073643
-1,2013-07-31,AXISBANK,195.4084,-0.219325
-1,2013-08-31,AXISBANK,159.6008,-0.183245
-1,2013-09-30,AXISBANK,193.1132,0.209976
-1,2013-10-31,AXISBANK,234.2804,0.213177
-1,2013-11-30,AXISBANK,221.4905,-0.054592
-1,2013-12-31,AXISBANK,249.0056,0.124227
-1,2014-01-31,AXISBANK,215.1674,-0.135893
-1,2014-02-28,AXISBANK,242.7783,0.128323
-1,2014-03-31,AXISBANK,279.845,0.152677
-1,2014-04-30,AXISBANK,290.7093,0.038823
-1,2014-05-31,AXISBANK,351.823,0.210223
-1,2014-06-30,AXISBANK,367.669,0.04504
-1,2014-07-31,AXISBANK,379.1253,0.031159
-1,2014-08-31,AXISBANK,384.5463,0.014299
-1,2014-09-30,AXISBANK,365.6215,-0.049213
-1,2014-10-31,AXISBANK,425.3483,0.163357
-1,2014-11-30,AXISBANK,465.8116,0.09513
-1,2014-12-31,AXISBANK,486.3337,0.044057
-1,2015-01-31,AXISBANK,569.2932,0.170581
-1,2015-02-28,AXISBANK,549.0131,-0.035623
3567,2015-03-31,AXISBANK,558.0,0.016369
3568,2015-04-30,AXISBANK,569.95,0.021416
3569,2015-05-31,AXISBANK,585.9,0.027985
3570,2015-06-30,AXISBANK,557.95,-0.047704
3571,2015-07-31,AXISBANK,574.8,0.0302
3572,2015-08-31,AXISBANK,507.5,-0.117084
3573,2015-09-30,AXISBANK,497.0,-0.02069
3574,2015-10-31,AXISBANK,475.5,-0.04326
3575,2015-11-30,AXISBANK,468.65,-0.014406
3576,2015-12-31,AXISBANK,449.75,-0.040329
3577,2016-01-31,AXISBANK,409.6,-0.089272
3578,2016-02-29,AXISBANK,377.4,-0.078613
3579,2016-03-31,AXISBANK,445.5,0.180445
3580,2016-04-30,AXISBANK,471.0,0.057239
3581,2016-05-31,AXISBANK,515.4,0.094268
3582,2016-06-30,AXISBANK,533.35,0.034827
3583,2016-07-31,AXISBANK,545.75,0.023249
3584,2016-08-31,AXISBANK,595.85,0.0918
3585,2016-09-30,AXISBANK,543.0,-0.088697
3586,2016-10-31,AXISBANK,486.8,-0.103499
3587,2016-11-30,AXISBANK,468.55,-0.03749
3588,2016-12-31,AXISBANK,450.3,-0.03895
3589,2017-01-31,AXISBANK,466.0,0.034866
3590,2017-02-28,AXISBANK,506.0,0.085837
3591,2017-03-31,AXISBANK,490.8,-0.03004
3592,2017-04-30,AXISBANK,509.0,0.037082
3593,2017-05-31,AXISBANK,514.05,0.009921
3594,2017-06-30,AXISBANK,519.0,0.009629
3595,2017-07-31,AXISBANK,520.5,0.00289
3596,2017-08-31,AXISBANK,500.0,-0.039385
3597,2017-09-30,AXISBANK,510.2,0.0204
3598,2017-10-31,AXISBANK,525.0,0.029008
3599,2017-11-30,AXISBANK,537.3,0.023429
3600,2017-12-31,AXISBANK,562.05,0.046064
3601,2018-01-31,AXISBANK,593.85,0.056579
3602,2018-02-28,AXISBANK,526.7,-0.113076
3603,2018-03-31,AXISBANK,510.55,-0.030663
3604,2018-04-30,AXISBANK,518.5,0.015571
3605,2018-05-31,AXISBANK,544.1,0.049373
3606,2018-06-30,AXISBANK,508.15,-0.066072
3607,2018-07-31,AXISBANK,549.35,0.081078
3608,2018-08-31,AXISBANK,649.3,0.181942
3609,2018-09-30,AXISBANK,616.4,-0.05067
3610,2018-10-31,AXISBANK,579.5,-0.059864
3611,2018-11-30,AXISBANK,624.8,0.078171
3612,2018-12-31,AXISBANK,619.9,-0.007843
3613,2019-01-31,AXISBANK,720.6,0.162446
3614,2019-02-28,AXISBANK,709.55,-0.015334
3615,2019-03-31,AXISBANK,775.1,0.092382
3616,2019-04-30,AXISBANK,765.0,-0.013031
3617,2019-05-31,AXISBANK,811.0,0.060131
3618,2019-06-30,AXISBANK,810.5,-0.000617
3619,2019-07-31,AXISBANK,674.7,-0.167551
3620,2019-08-31,AXISBANK,665.5,-0.013636
3621,2019-09-30,AXISBANK,684.8,0.029001
3622,2019-10-31,AXISBANK,732.1,0.069071
3623,2019-11-30,AXISBANK,738.6,0.008879
3624,2019-12-31,AXISBANK,752.45,0.018752
3625,2020-01-31,AXISBANK,731.0,-0.028507
3626,2020-02-29,AXISBANK,700.0,-0.042408
3627,2020-03-31,AXISBANK,378.5,-0.459286
3628,2020-04-30,AXISBANK,444.2,0.17358
3629,2020-05-31,AXISBANK,381.9,-0.140252
3630,2020-06-30,AXISBANK,407.3,0.06651
3631,2020-07-31,AXISBANK,432.9,0.062853
3632,2020-08-31,AXISBANK,492.85,0.138485
3633,2020-09-30,AXISBANK,424.0,-0.139698
3634,2020-10-31,AXISBANK,491.0,0.158019
3635,2020-11-30,AXISBANK,605.1,0.232383
3636,2020-12-31,AXISBANK,619.0,0.022971
3637,2021-01-31,AXISBANK,666.45,0.076656
3638,2021-02-28,AXISBANK,725.35,0.088379
3639,2021-03-31,AXISBANK,698.2,-0.03743
3640,2021-04-30,AXISBANK,711.5,0.019049
3641,2021-05-31,AXISBANK,748.75,0.052354
3642,2021-06-30,AXISBANK,748.5,-0.000334
3643,2021-07-31,AXISBANK,709.3,-0.052371
3644,2021-08-31,AXISBANK,785.55,0.1075
3645,2021-09-30,AXISBANK,766.9,-0.023741
3646,2021-10-31,AXISBANK,745.5,-0.027905
3647,2021-11-30,AXISBANK,651.95,-0.125486
3648,2021-12-31,AXISBANK,679.85,0.042795
3649,2022-01-31,AXISBANK,771.05,0.134147
3650,2022-02-28,AXISBANK,741.8,-0.037935
3651,2022-03-31,AXISBANK,761.15,0.026085
3652,2022-04-30,AXISBANK,730.0,-0.040925
3653,2022-05-31,AXISBANK,684.1,-0.062877
3654,2022-06-30,AXISBANK,634.9,-0.071919
3655,2022-07-31,AXISBANK,724.5,0.141125
3656,2022-08-31,AXISBANK,751.5,0.037267
3657,2022-09-30,AXISBANK,735.5,-0.021291
3658,2022-10-31,AXISBANK,906.0,0.231815
3659,2022-11-30,AXISBANK,899.5,-0.007174
3660,2022-12-31,AXISBANK,934.9,0.039355
3661,2023-01-31,AXISBANK,874.5,-0.064606
3662,2023-02-28,AXISBANK,845.9,-0.032704
3663,2023-03-31,AXISBANK,857.1,0.01324
3664,2023-04-30,AXISBANK,859.95,0.003325
3665,2023-05-31,AXISBANK,917.5,0.066922
3666,2023-06-30,AXISBANK,986.0,0.074659
3667,2023-07-31,AXISBANK,954.9,-0.031542
3668,2023-08-31,AXISBANK,972.0,0.017908
3669,2023-09-30,AXISBANK,1036.8,0.066667
3670,2023-10-31,AXISBANK,980.45,-0.05435
3671,2023-11-30,AXISBANK,1072.5,0.093885
3672,2023-12-31,AXISBANK,1100.1,0.025734
3673,2024-01-31,AXISBANK,1067.5,-0.029634
3674,2024-02-29,AXISBANK,1073.65,0.005761
3675,2024-03-31,AXISBANK,1046.5,-0.025288
3676,2024-04-30,AXISBANK,1162.45,0.110798
3677,2024-05-31,AXISBANK,1164.05,0.001376
3678,2024-06-30,AXISBANK,1263.8,0.085692
3679,2024-07-31,AXISBANK,1167.8,-0.075961
3680,2024-08-31,AXISBANK,1179.0,0.009591
3681,2024-09-30,AXISBANK,1231.6,0.044614
3682,2024-10-31,AXISBANK,1167.0,-0.052452
3683,2024-11-30,AXISBANK,1137.0,-0.025707
3684,2024-12-31,AXISBANK,1068.0,-0.060686
3685,2025-01-31,AXISBANK,987.95,-0.074953
3686,2025-02-28,AXISBANK,1015.6,0.027987
3687,2025-03-31,AXISBANK,1101.0,0.084088
3688,2025-04-30,AXISBANK,1183.5,0.074932
3689,2025-05-31,AXISBANK,1193.0,0.008027
3690,2025-06-30,AXISBANK,1199.0,0.005029
3691,2025-07-31,AXISBANK,1068.4,-0.108924
3692,2025-08-31,AXISBANK,1071.0,0.002434
-1,2006-01-31,BAJAJ-AUTO,337.391,
-1,2006-02-28,BAJAJ-AUTO,407.323,0.207273
-1,2006-03-31,BAJAJ-AUTO,430.0282,0.055742
-1,2006-04-30,BAJAJ-AUTO,460.6332,0.07117
-1,2006-05-31,BAJAJ-AUTO,429.2295,-0.068175
-1,2006-06-30,BAJAJ-AUTO,430.4196,0.002773
-1,2006-07-31,BAJAJ-AUTO,385.5495,-0.104247
-1,2006-08-31,BAJAJ-AUTO,422.144,0.094915
-1,2006-09-30,BAJAJ-AUTO,469.1985,0.111466
-1,2006-10-31,BAJAJ-AUTO,430.3022,-0.082899
-1,2006-11-30,BAJAJ-AUTO,414.4007,-0.036954
-1,2006-12-31,BAJAJ-AUTO,410.1258,-0.010316
-1,2007-01-31,BAJAJ-AUTO,434.0837,0.058416
-1,2007-02-28,BAJAJ-AUTO,410.032,-0.055408
-1,2007-03-31,BAJAJ-AUTO,380.1317,-0.072922
-1,2007-04-30,BAJAJ-AUTO,383.2399,0.008177
-1,2007-05-31,BAJAJ-AUTO,348.3444,-0.091054
-1,2007-06-30,BAJAJ-AUTO,335.3319,-0.037355
-1,2007-07-31,BAJAJ-AUTO,368.7321,0.099603
-1,2007-08-31,BAJAJ-AUTO,366.8843,-0.005011
-1,2007-09-30,BAJAJ-AUTO,397.4814,0.083397
-1,2007-10-31,BAJAJ-AUTO,387.5382,-0.025016
-1,2007-11-30,BAJAJ-AUTO,423.5455,0.092913
-1,2007-12-31,BAJAJ-AUTO,411.496,-0.028449
-1,2008-01-31,BAJAJ-AUTO,369.3976,-0.102306
-1,2008-02-29,BAJAJ-AUTO,357.3246,-0.032683
-1,2008-03-31,BAJAJ-AUTO,328.998,-0.079274
-1,2008-04-30,BAJAJ-AUTO,328.998,0.0
-1,2008-05-31,BAJAJ-AUTO,179.0421,-0.455796
-1,2008-06-30,BAJAJ-AUTO,141.0383,-0.212262
-1,2008-07-31,BAJAJ-AUTO,174.2698,0.23562
-1,2008-08-31,BAJAJ-AUTO,192.0657,0.102117
-1,2008-09-30,BAJAJ-AUTO,194.2535,0.011391
-1,2008-10-31,BAJAJ-AUTO,177.9269,-0.084048
-1,2008-11-30,BAJAJ-AUTO,105.0288,-0.409708
-1,2008-12-31,BAJAJ-AUTO,127.7064,0.215918
-1,2009-01-31,BAJAJ-AUTO,155.0208,0.213884
-1,2009-02-28,BAJAJ-AUTO,174.7106,0.127014
-1,2009-03-31,BAJAJ-AUTO,201.9433,0.155873
-1,2009-04-30,BAJAJ-AUTO,209.5188,0.037513
-1,2009-05-31,BAJAJ-AUTO,337.7149,0.61186
-1,2009-06-30,BAJAJ-AUTO,327.5272,-0.030167
-1,2009-07-31,BAJAJ-AUTO,398.9395,0.218035
-1,2009-08-31,BAJAJ-AUTO,405.8105,0.017223
-1,2009-09-30,BAJAJ-AUTO,498.9596,0.229538
-1,2009-10-31,BAJAJ-AUTO,463.3758,-0.071316
-1,2009-11-30,BAJAJ-AUTO,524.2289,0.131326
-1,2009-12-31,BAJAJ-AUTO,585.7664,0.117387
-1,2010-01-31,BAJAJ-AUTO,583.3963,-0.004046
-1,2010-02-28,BAJAJ-AUTO,606.7463,0.040024
-1,2010-03-31,BAJAJ-AUTO,672.5566,0.108464
-1,2010-04-30,BAJAJ-AUTO,698.7772,0.038986
-1,2010-05-31,BAJAJ-AUTO,737.499,0.055414
-1,2010-06-30,BAJAJ-AUTO,830.3811,0.125942
-1,2010-07-31,BAJAJ-AUTO,897.2761,0.080559
-1,2010-08-31,BAJAJ-AUTO,927.2728,0.033431
-1,2010-09-30,BAJAJ-AUTO,997.8939,0.07616
-1,2010-10-31,BAJAJ-AUTO,1025.7622,0.027927
-1,2010-11-30,BAJAJ-AUTO,1070.3308,0.043449
-1,2010-12-31,BAJAJ-AUTO,1046.1626,-0.02258
-1,2011-01-31,BAJAJ-AUTO,845.8574,-0.191467
-1,2011-02-28,BAJAJ-AUTO,861.6075,0.01862
-1,2011-03-31,BAJAJ-AUTO,993.3794,0.152937
-1,2011-04-30,BAJAJ-AUTO,1000.6775,0.007347
-1,2011-05-31,BAJAJ-AUTO,912.7618,-0.087856
-1,2011-06-30,BAJAJ-AUTO,955.26,0.04656
-1,2011-07-31,BAJAJ-AUTO,1026.6067,0.074688
-1,2011-08-31,BAJAJ-AUTO,1099.2223,0.070734
-1,2011-09-30,BAJAJ-AUTO,1072.9563,-0.023895
-1,2011-10-31,BAJAJ-AUTO,1208.4425,0.126274
-1,2011-11-30,BAJAJ-AUTO,1165.9,-0.035204
-1,2011-12-31,BAJAJ-AUTO,1111.6918,-0.046495
-1,2012-01-31,BAJAJ-AUTO,1118.6073,0.006221
-1,2012-02-29,BAJAJ-AUTO,1258.5294,0.125086
-1,2012-03-31,BAJAJ-AUTO,1172.7458,-0.068162
-1,2012-04-30,BAJAJ-AUTO,1134.7791,-0.032374
-1,2012-05-31,BAJAJ-AUTO,1055.8066,-0.069593
-1,2012-06-30,BAJAJ-AUTO,1098.733,0.040657
-1,2012-07-31,BAJAJ-AUTO,1120.7031,0.019996
-1,2012-08-31,BAJAJ-AUTO,1162.7643,0.037531
-1,2012-09-30,BAJAJ-AUTO,1315.8391,0.131647
-1,2012-10-31,BAJAJ-AUTO,1306.0247,-0.007459
-1,2012-11-30,BAJAJ-AUTO,1388.3141,0.063008
-1,2012-12-31,BAJAJ-AUTO,1532.2935,0.103708
-1,2013-01-31,BAJAJ-AUTO,1457.5177,-0.0488
-1,2013-02-28,BAJAJ-AUTO,1418.584,-0.026712
-1,2013-03-31,BAJAJ-AUTO,1293.8737,-0.087912
-1,2013-04-30,BAJAJ-AUTO,1352.0045,0.044928
-1,2013-05-31,BAJAJ-AUTO,1308.9368,-0.031855
-1,2013-06-30,BAJAJ-AUTO,1383.3169,0.056825
-1,2013-07-31,BAJAJ-AUTO,1391.0822,0.005614
-1,2013-08-31,BAJAJ-AUTO,1353.0138,-0.027366
-1,2013-09-30,BAJAJ-AUTO,1463.8253,0.0819
-1,2013-10-31,BAJAJ-AUTO,1568.7449,0.071675
-1,2013-11-30,BAJAJ-AUTO,1454.2504,-0.072985
-1,2013-12-31,BAJAJ-AUTO,1407.4071,-0.032211
-1,2014-01-31,BAJAJ-AUTO,1400.5205,-0.004893
-1,2014-02-28,BAJAJ-AUTO,1433.5536,0.023586
-1,2014-03-31,BAJAJ-AUTO,1534.6433,0.070517
-1,2014-04-30,BAJAJ-AUTO,1408.3646,-0.082285
-1,2014-05-31,BAJAJ-AUTO,1431.7863,0.01663
-1,2014-06-30,BAJAJ-AUTO,1705.9614,0.191492
-1,2014-07-31,BAJAJ-AUTO,1528.9718,-0.103748
-1,2014-08-31,BAJAJ-AUTO,1699.7789,0.111714
-1,2014-09-30,BAJAJ-AUTO,1769.6907,0.04113
-1,2014-10-31,BAJAJ-AUTO,1964.9392,0.110329
-1,2014-11-30,BAJAJ-AUTO,1987.3274,0.011394
-1,2014-12-31,BAJAJ-AUTO,1830.5341,-0.078897
-1,2015-01-31,BAJAJ-AUTO,1799.8679,-0.016753
-1,2015-02-28,BAJAJ-AUTO,1618.3533,-0.100849
0,2015-03-31,BAJAJ-AUTO,1965.5,0.214506
1,2015-04-30,BAJAJ-AUTO,1891.0,-0.037904
2,2015-05-31,BAJAJ-AUTO,2255.0,0.192491
3,2015-06-30,BAJAJ-AUTO,2477.0,0.098448
4,2015-07-31,BAJAJ-AUTO,2460.0,-0.006863
5,2015-08-31,BAJAJ-AUTO,2180.0,-0.113821
6,2015-09-30,BAJAJ-AUTO,2261.5,0.037385
7,2015-10-31,BAJAJ-AUTO,2484.5,0.098607
8,2015-11-30,BAJAJ-AUTO,2419.0,-0.026363
9,2015-12-31,BAJAJ-AUTO,2478.0,0.02439
10,2016-01-31,BAJAJ-AUTO,2298.0,-0.072639
11,2016-02-29,BAJAJ-AUTO,2145.5,-0.066362
12,2016-03-31,BAJAJ-AUTO,2343.0,0.092053
13,2016-04-30,BAJAJ-AUTO,2425.5,0.035211
14,2016-05-31,BAJAJ-AUTO,2552.5,0.05236
15,2016-06-30,BAJAJ-AUTO,2626.5,0.028991
16,2016-07-31,BAJAJ-AUTO,2635.0,0.003236
17,2016-08-31,BAJAJ-AUTO,2902.0,0.101328
18,2016-09-30,BAJAJ-AUTO,2770.0,-0.045486
19,2016-10-31,BAJAJ-AUTO,2760.0,-0.00361
20,2016-11-30,BAJAJ-AUTO,2623.5,-0.049457
21,2016-12-31,BAJAJ-AUTO,2569.0,-0.020774
22,2017-01-31,BAJAJ-AUTO,2771.0,0.07863
23,2017-02-28,BAJAJ-AUTO,2685.0,-0.031036
24,2017-03-31,BAJAJ-AUTO,2736.5,0.019181
25,2017-04-30,BAJAJ-AUTO,2800.0,0.023205
26,2017-05-31,BAJAJ-AUTO,2769.5,-0.010893
27,2017-06-30,BAJAJ-AUTO,2721.0,-0.017512
28,2017-07-31,BAJAJ-AUTO,2742.5,0.007902
29,2017-08-31,BAJAJ-AUTO,2730.0,-0.004558
30,2017-09-30,BAJAJ-AUTO,3037.0,0.112454
31,2017-10-31,BAJAJ-AUTO,3179.5,0.046921
32,2017-11-30,BAJAJ-AUTO,3252.5,0.02296
33,2017-12-31,BAJAJ-AUTO,3249.5,-0.000922
34,2018-01-31,BAJAJ-AUTO,3248.0,-0.000462
35,2018-02-28,BAJAJ-AUTO,2938.5,-0.095289
36,2018-03-31,BAJAJ-AUTO,2682.0,-0.087289
37,2018-04-30,BAJAJ-AUTO,2874.0,0.071588
38,2018-05-31,BAJAJ-AUTO,2703.0,-0.059499
39,2018-06-30,BAJAJ-AUTO,2739.5,0.013504
40,2018-07-31,BAJAJ-AUTO,2638.5,-0.036868
41,2018-08-31,BAJAJ-AUTO,2686.0,0.018003
42,2018-09-30,BAJAJ-AUTO,2623.5,-0.023269
43,2018-10-31,BAJAJ-AUTO,2528.5,-0.036211
44,2018-11-30,BAJAJ-AUTO,2675.0,0.057939
45,2018-12-31,BAJAJ-AUTO,2657.5,-0.006542
46,2019-01-31,BAJAJ-AUTO,2499.5,-0.059454
47,2019-02-28,BAJAJ-AUTO,2833.0,0.133427
48,2019-03-31,BAJAJ-AUTO,2825.5,-0.002647
49,2019-04-30,BAJAJ-AUTO,2915.0,0.031676
50,2019-05-31,BAJAJ-AUTO,2849.0,-0.022642
51,2019-06-30,BAJAJ-AUTO,2762.5,-0.030362
52,2019-07-31,BAJAJ-AUTO,2443.5,-0.115475
53,2019-08-31,BAJAJ-AUTO,2718.5,0.112543
54,2019-09-30,BAJAJ-AUTO,2855.5,0.050395
55,2019-10-31,BAJAJ-AUTO,3163.0,0.107687
56,2019-11-30,BAJAJ-AUTO,3100.5,-0.01976
57,2019-12-31,BAJAJ-AUTO,3101.5,0.000323
58,2020-01-31,BAJAJ-AUTO,3103.5,0.000645
59,2020-02-29,BAJAJ-AUTO,2816.5,-0.092476
60,2020-03-31,BAJAJ-AUTO,1960.5,-0.303923
61,2020-04-30,BAJAJ-AUTO,2559.0,0.305279
62,2020-05-31,BAJAJ-AUTO,2641.0,0.032044
63,2020-06-30,BAJAJ-AUTO,2764.0,0.046573
64,2020-07-31,BAJAJ-AUTO,2926.0,0.058611
65,2020-08-31,BAJAJ-AUTO,2886.0,-0.013671
66,2020-09-30,BAJAJ-AUTO,2807.0,-0.027374
67,2020-10-31,BAJAJ-AUTO,2811.0,0.001425
68,2020-11-30,BAJAJ-AUTO,3091.5,0.099787
69,2020-12-31,BAJAJ-AUTO,3350.0,0.083616
70,2021-01-31,BAJAJ-AUTO,3923.5,0.171194
71,2021-02-28,BAJAJ-AUTO,3690.5,-0.059386
72,2021-03-31,BAJAJ-AUTO,3589.5,-0.027368
73,2021-04-30,BAJAJ-AUTO,3732.5,0.039838
74,2021-05-31,BAJAJ-AUTO,4083.5,0.094039
75,2021-06-30,BAJAJ-AUTO,4038.5,-0.01102
76,2021-07-31,BAJAJ-AUTO,3746.0,-0.072428
77,2021-08-31,BAJAJ-AUTO,3641.5,-0.027896
78,2021-09-30,BAJAJ-AUTO,3741.0,0.027324
79,2021-10-31,BAJAJ-AUTO,3623.0,-0.031542
80,2021-11-30,BAJAJ-AUTO,3150.0,-0.130555
81,2021-12-31,BAJAJ-AUTO,3170.5,0.006508
82,2022-01-31,BAJAJ-AUTO,3462.5,0.092099
83,2022-02-28,BAJAJ-AUTO,3443.0,-0.005632
84,2022-03-31,BAJAJ-AUTO,3579.5,0.039646
85,2022-04-30,BAJAJ-AUTO,3642.5,0.0176
86,2022-05-31,BAJAJ-AUTO,3789.0,0.04022
87,2022-06-30,BAJAJ-AUTO,3609.5,-0.047374
88,2022-07-31,BAJAJ-AUTO,3815.0,0.056933
89,2022-08-31,BAJAJ-AUTO,3992.0,0.046396
90,2022-09-30,BAJAJ-AUTO,3444.5,-0.137149
91,2022-10-31,BAJAJ-AUTO,3585.0,0.04079
92,2022-11-30,BAJAJ-AUTO,3640.0,0.015342
93,2022-12-31,BAJAJ-AUTO,3538.5,-0.027885
94,2023-01-31,BAJAJ-AUTO,3733.5,0.055108
95,2023-02-28,BAJAJ-AUTO,3558.5,-0.046873
96,2023-03-31,BAJAJ-AUTO,3780.0,0.062245
97,2023-04-30,BAJAJ-AUTO,4301.0,0.137831
98,2023-05-31,BAJAJ-AUTO,4457.0,0.036271
99,2023-06-30,BAJAJ-AUTO,4573.0,0.026026
100,2023-07-31,BAJAJ-AUTO,4815.0,0.052919
101,2023-08-31,BAJAJ-AUTO,4496.0,-0.066251
102,2023-09-30,BAJAJ-AUTO,4942.0,0.099199
103,2023-10-31,BAJAJ-AUTO,5188.5,0.049879
104,2023-11-30,BAJAJ-AUTO,5929.5,0.142816
105,2023-12-31,BAJAJ-AUTO,6651.5,0.121764
106,2024-01-31,BAJAJ-AUTO,7478.5,0.124333
107,2024-02-29,BAJAJ-AUTO,7730.5,0.033697
108,2024-03-31,BAJAJ-AUTO,8882.0,0.148955
109,2024-04-30,BAJAJ-AUTO,8685.0,-0.02218
110,2024-05-31,BAJAJ-AUTO,8875.0,0.021877
111,2024-06-30,BAJAJ-AUTO,9270.0,0.044507
112,2024-07-31,BAJAJ-AUTO,9440.5,0.018393
113,2024-08-31,BAJAJ-AUTO,10630.5,0.126053
114,2024-09-30,BAJAJ-AUTO,12049.5,0.133484
115,2024-10-31,BAJAJ-AUTO,9597.0,-0.203535
116,2024-11-30,BAJAJ-AUTO,8807.0,-0.082317
117,2024-12-31,BAJAJ-AUTO,8592.0,-0.024412
118,2025-01-31,BAJAJ-AUTO,8656.5,0.007507
119,2025-02-28,BAJAJ-AUTO,7719.5,-0.108242
120,2025-03-31,BAJAJ-AUTO,7665.5,-0.006995
121,2025-04-30,BAJAJ-AUTO,7817.0,0.019764
122,2025-05-31,BAJAJ-AUTO,8386.5,0.072854
123,2025-06-30,BAJAJ-AUTO,8371.5,-0.001789
124,2025-07-31,BAJAJ-AUTO,8003.0,-0.044018
125,2025-08-31,BAJAJ-AUTO,8178.5,0.021929
6207,2015-03-31,BAJAJFINSV,141.3,
6208,2015-04-30,BAJAJFINSV,142.2,0.006369
6209,2015-05-31,BAJAJFINSV,151.9,0.068214
6210,2015-06-30,BAJAJFINSV,152.5,0.00395
6211,2015-07-31,BAJAJFINSV,184.6,0.210492
6212,2015-08-31,BAJAJFINSV,180.25,-0.023564
6213,2015-09-30,BAJAJFINSV,172.8,-0.041331
6214,2015-10-31,BAJAJFINSV,195.5,0.131366
6215,2015-11-30,BAJAJFINSV,192.2,-0.01688
6216,2015-12-31,BAJAJFINSV,200.0,0.040583
6217,2016-01-31,BAJAJFINSV,186.4,-0.068
6218,2016-02-29,BAJAJFINSV,162.2,-0.129828
6219,2016-03-31,BAJAJFINSV,171.5,0.057337
6220,2016-04-30,BAJAJFINSV,185.7,0.082799
6221,2016-05-31,BAJAJFINSV,181.65,-0.021809
6222,2016-06-30,BAJAJFINSV,233.0,0.282686
6223,2016-07-31,BAJAJFINSV,272.5,0.169528
6224,2016-08-31,BAJAJFINSV,295.5,0.084404
6225,2016-09-30,BAJAJFINSV,307.2,0.039594
6226,2016-10-31,BAJAJFINSV,342.4,0.114583
6227,2016-11-30,BAJAJFINSV,300.0,-0.123832
6228,2016-12-31,BAJAJFINSV,288.0,-0.04
6229,2017-01-31,BAJAJFINSV,323.5,0.123264
6230,2017-02-28,BAJAJFINSV,397.6,0.229057
6231,2017-03-31,BAJAJFINSV,408.0,0.026157
6232,2017-04-30,BAJAJFINSV,455.5,0.116422
6233,2017-05-31,BAJAJFINSV,418.7,-0.08079
6234,2017-06-30,BAJAJFINSV,410.7,-0.019107
6235,2017-07-31,BAJAJFINSV,500.2,0.217921
6236,2017-08-31,BAJAJFINSV,551.9,0.103359
6237,2017-09-30,BAJAJFINSV,517.5,-0.06233
6238,2017-10-31,BAJAJFINSV,505.0,-0.024155
6239,2017-11-30,BAJAJFINSV,518.5,0.026733
6240,2017-12-31,BAJAJFINSV,523.4,0.00945
6241,2018-01-31,BAJAJFINSV,479.1,-0.084639
6242,2018-02-28,BAJAJFINSV,504.9,0.053851
6243,2018-03-31,BAJAJFINSV,507.8,0.005744
6244,2018-04-30,BAJAJFINSV,548.2,0.079559
6245,2018-05-31,BAJAJFINSV,605.0,0.103612
6246,2018-06-30,BAJAJFINSV,583.0,-0.036364
6247,2018-07-31,BAJAJFINSV,698.0,0.197256
6248,2018-08-31,BAJAJFINSV,675.8,-0.031805
6249,2018-09-30,BAJAJFINSV,602.8,-0.10802
6250,2018-10-31,BAJAJFINSV,538.15,-0.10725
6251,2018-11-30,BAJAJFINSV,601.1,0.116975
6252,2018-12-31,BAJAJFINSV,647.2,0.076693
6253,2019-01-31,BAJAJFINSV,610.9,-0.056088
6254,2019-02-28,BAJAJFINSV,644.8,0.055492
6255,2019-03-31,BAJAJFINSV,703.5,0.091036
6256,2019-04-30,BAJAJFINSV,751.5,0.06823
6257,2019-05-31,BAJAJFINSV,819.4,0.090353
6258,2019-06-30,BAJAJFINSV,855.0,0.043446
6259,2019-07-31,BAJAJFINSV,709.0,-0.17076
6260,2019-08-31,BAJAJFINSV,712.2,0.004513
6261,2019-09-30,BAJAJFINSV,849.8,0.193204
6262,2019-10-31,BAJAJFINSV,813.0,-0.043304
6263,2019-11-30,BAJAJFINSV,911.9,0.121648
6264,2019-12-31,BAJAJFINSV,942.0,0.033008
6265,2020-01-31,BAJAJFINSV,946.5,0.004777
6266,2020-02-29,BAJAJFINSV,910.0,-0.038563
6267,2020-03-31,BAJAJFINSV,460.25,-0.494231
6268,2020-04-30,BAJAJFINSV,509.0,0.105921
6269,2020-05-31,BAJAJFINSV,439.25,-0.137033
6270,2020-06-30,BAJAJFINSV,583.35,0.328059
6271,2020-07-31,BAJAJFINSV,621.3,0.065055
6272,2020-08-31,BAJAJFINSV,620.9,-0.000644
6273,2020-09-30,BAJAJFINSV,585.1,-0.057658
6274,2020-10-31,BAJAJFINSV,556.3,-0.049222
6275,2020-11-30,BAJAJFINSV,871.2,0.566061
6276,2020-12-31,BAJAJFINSV,888.55,0.019915
6277,2021-01-31,BAJAJFINSV,871.85,-0.018795
6278,2021-02-28,BAJAJFINSV,964.0,0.105695
6279,2021-03-31,BAJAJFINSV,967.8,0.003942
6280,2021-04-30,BAJAJFINSV,1102.1,0.138768
6281,2021-05-31,BAJAJFINSV,1182.85,0.073269
6282,2021-06-30,BAJAJFINSV,1207.6,0.020924
6283,2021-07-31,BAJAJFINSV,1423.3,0.178619
6284,2021-08-31,BAJAJFINSV,1710.0,0.201433
6285,2021-09-30,BAJAJFINSV,1780.1,0.040994
6286,2021-10-31,BAJAJFINSV,1786.0,0.003314
6287,2021-11-30,BAJAJFINSV,1724.0,-0.034714
6288,2021-12-31,BAJAJFINSV,1642.4,-0.047332
6289,2022-01-31,BAJAJFINSV,1570.0,-0.044082
6290,2022-02-28,BAJAJFINSV,1600.0,0.019108
6291,2022-03-31,BAJAJFINSV,1701.5,0.063438
6292,2022-04-30,BAJAJFINSV,1490.0,-0.124302
6293,2022-05-31,BAJAJFINSV,1295.9,-0.130268
6294,2022-06-30,BAJAJFINSV,1092.3,-0.157111
6295,2022-07-31,BAJAJFINSV,1500.7,0.37389
6296,2022-08-31,BAJAJFINSV,1697.2,0.130939
6297,2022-09-30,BAJAJFINSV,1685.0,-0.007188
6298,2022-10-31,BAJAJFINSV,1687.5,0.001484
6299,2022-11-30,BAJAJFINSV,1632.0,-0.032889
6300,2022-12-31,BAJAJFINSV,1547.0,-0.052083
6301,2023-01-31,BAJAJFINSV,1343.0,-0.131868
6302,2023-02-28,BAJAJFINSV,1334.95,-0.005994
6303,2023-03-31,BAJAJFINSV,1267.15,-0.050788
6304,2023-04-30,BAJAJFINSV,1354.0,0.06854
6305,2023-05-31,BAJAJFINSV,1450.0,0.070901
6306,2023-06-30,BAJAJFINSV,1528.0,0.053793
6307,2023-07-31,BAJAJFINSV,1595.0,0.043848
6308,2023-08-31,BAJAJFINSV,1490.35,-0.065611
6309,2023-09-30,BAJAJFINSV,1539.25,0.032811
6310,2023-10-31,BAJAJFINSV,1568.55,0.019035
6311,2023-11-30,BAJAJFINSV,1675.1,0.067929
6312,2023-12-31,BAJAJFINSV,1688.0,0.007701
6313,2024-01-31,BAJAJFINSV,1623.0,-0.038507
6314,2024-02-29,BAJAJFINSV,1601.9,-0.013001
6315,2024-03-31,BAJAJFINSV,1647.0,0.028154
6316,2024-04-30,BAJAJFINSV,1614.0,-0.020036
6317,2024-05-31,BAJAJFINSV,1531.0,-0.051425
6318,2024-06-30,BAJAJFINSV,1590.95,0.039157
6319,2024-07-31,BAJAJFINSV,1650.0,0.037116
6320,2024-08-31,BAJAJFINSV,1782.0,0.08
6321,2024-09-30,BAJAJFINSV,1969.65,0.105303
6322,2024-10-31,BAJAJFINSV,1748.0,-0.112533
6323,2024-11-30,BAJAJFINSV,1580.0,-0.09611
6324,2024-12-31,BAJAJFINSV,1570.0,-0.006329
6325,2025-01-31,BAJAJFINSV,1742.35,0.109777
6326,2025-02-28,BAJAJFINSV,1870.2,0.073378
6327,2025-03-31,BAJAJFINSV,2003.0,0.071008
6328,2025-04-30,BAJAJFINSV,1950.0,-0.02646
6329,2025-05-31,BAJAJFINSV,2011.5,0.031538
6330,2025-06-30,BAJAJFINSV,2055.1,0.021675
6331,2025-07-31,BAJAJFINSV,1952.0,-0.050168
6332,2025-08-31,BAJAJFINSV,1926.0,-0.01332
7601,2024-10-31,BAJAJHFL,134.3,
7602,2024-11-30,BAJAJHFL,135.91,0.011988
7603,2024-12-31,BAJAJHFL,127.5,-0.061879
7604,2025-01-31,BAJAJHFL,116.52,-0.086118
7605,2025-02-28,BAJAJHFL,108.8,-0.066255
7606,2025-03-31,BAJAJHFL,122.85,0.129136
7607,2025-04-30,BAJAJHFL,121.74,-0.009035
7608,2025-05-31,BAJAJHFL,122.0,0.002136
7609,2025-06-30,BAJAJHFL,121.98,-0.000164
7610,2025-07-31,BAJAJHFL,114.07,-0.064847
7611,2025-08-31,BAJAJHFL,113.3,-0.00675
1186,2015-03-31,BAJAJHLDNG,1298.0,
1187,2015-04-30,BAJAJHLDNG,1294.0,-0.003082
1188,2015-05-31,BAJAJHLDNG,1329.5,0.027434
1189,2015-06-30,BAJAJHLDNG,1457.0,0.095901
1190,2015-07-31,BAJAJHLDNG,1463.0,0.004118
1191,2015-08-31,BAJAJHLDNG,1592.0,0.088175
1192,2015-09-30,BAJAJHLDNG,1575.05,-0.010647
1193,2015-10-31,BAJAJHLDNG,1664.9,0.057046
1194,2015-11-30,BAJAJHLDNG,1712.0,0.02829
1195,2015-12-31,BAJAJHLDNG,1668.0,-0.025701
1196,2016-01-31,BAJAJHLDNG,1498.0,-0.101918
1197,2016-02-29,BAJAJHLDNG,1350.0,-0.098798
1198,2016-03-31,BAJAJHLDNG,1465.0,0.085185
1199,2016-04-30,BAJAJHLDNG,1439.9,-0.017133
1200,2016-05-31,BAJAJHLDNG,1530.0,0.062574
1201,2016-06-30,BAJAJHLDNG,1658.95,0.084281
1202,2016-07-31,BAJAJHLDNG,1810.0,0.091052
1203,2016-08-31,BAJAJHLDNG,1804.0,-0.003315
1204,2016-09-30,BAJAJHLDNG,1903.0,0.054878
1205,2016-10-31,BAJAJHLDNG,2215.95,0.164451
1206,2016-11-30,BAJAJHLDNG,2155.0,-0.027505
1207,2016-12-31,BAJAJHLDNG,1816.0,-0.157309
1208,2017-01-31,BAJAJHLDNG,2000.0,0.101322
1209,2017-02-28,BAJAJHLDNG,2079.95,0.039975
1210,2017-03-31,BAJAJHLDNG,2170.0,0.043294
1211,2017-04-30,BAJAJHLDNG,2110.1,-0.027604
1212,2017-05-31,BAJAJHLDNG,2060.0,-0.023743
1213,2017-06-30,BAJAJHLDNG,2140.05,0.038859
1214,2017-07-31,BAJAJHLDNG,2419.0,0.130347
1215,2017-08-31,BAJAJHLDNG,2919.95,0.20709
1216,2017-09-30,BAJAJHLDNG,2785.0,-0.046217
1217,2017-10-31,BAJAJHLDNG,2980.0,0.070018
1218,2017-11-30,BAJAJHLDNG,2826.55,-0.051493
1219,2017-12-31,BAJAJHLDNG,2865.0,0.013603
1220,2018-01-31,BAJAJHLDNG,2808.2,-0.019825
1221,2018-02-28,BAJAJHLDNG,2720.0,-0.031408
1222,2018-03-31,BAJAJHLDNG,2675.0,-0.016544
1223,2018-04-30,BAJAJHLDNG,2700.0,0.009346
1224,2018-05-31,BAJAJHLDNG,2770.8,0.026222
1225,2018-06-30,BAJAJHLDNG,2883.0,0.040494
1226,2018-07-31,BAJAJHLDNG,2905.0,0.007631
1227,2018-08-31,BAJAJHLDNG,3115.0,0.072289
1228,2018-09-30,BAJAJHLDNG,3081.0,-0.010915
1229,2018-10-31,BAJAJHLDNG,2818.0,-0.085362
1230,2018-11-30,BAJAJHLDNG,3000.0,0.064585
1231,2018-12-31,BAJAJHLDNG,2950.0,-0.016667
1232,2019-01-31,BAJAJHLDNG,2848.8,-0.034305
1233,2019-02-28,BAJAJHLDNG,3165.9,0.11131
1234,2019-03-31,BAJAJHLDNG,3402.3,0.074671
1235,2019-04-30,BAJAJHLDNG,3090.0,-0.091791
1236,2019-05-31,BAJAJHLDNG,3490.4,0.129579
1237,2019-06-30,BAJAJHLDNG,3605.0,0.032833
1238,2019-07-31,BAJAJHLDNG,3395.0,-0.058252
1239,2019-08-31,BAJAJHLDNG,3255.0,-0.041237
1240,2019-09-30,BAJAJHLDNG,3582.3,0.100553
1241,2019-10-31,BAJAJHLDNG,3650.0,0.018898
1242,2019-11-30,BAJAJHLDNG,3561.35,-0.024288
1243,2019-12-31,BAJAJHLDNG,3417.0,-0.040532
1244,2020-01-31,BAJAJHLDNG,3465.0,0.014047
1245,2020-02-29,BAJAJHLDNG,3385.0,-0.023088
1246,2020-03-31,BAJAJHLDNG,1800.1,-0.468213
1247,2020-04-30,BAJAJHLDNG,2041.0,0.133826
1248,2020-05-31,BAJAJHLDNG,2000.0,-0.020088
1249,2020-06-30,BAJAJHLDNG,2546.9,0.27345
1250,2020-07-31,BAJAJHLDNG,2635.5,0.034787
1251,2020-08-31,BAJAJHLDNG,2670.0,0.01309
1252,2020-09-30,BAJAJHLDNG,2420.0,-0.093633
1253,2020-10-31,BAJAJHLDNG,2307.0,-0.046694
1254,2020-11-30,BAJAJHLDNG,3067.0,0.329432
1255,2020-12-31,BAJAJHLDNG,3084.0,0.005543
1256,2021-01-31,BAJAJHLDNG,3240.0,0.050584
1257,2021-02-28,BAJAJHLDNG,3585.0,0.106481
1258,2021-03-31,BAJAJHLDNG,3300.0,-0.079498
1259,2021-04-30,BAJAJHLDNG,3420.0,0.036364
1260,2021-05-31,BAJAJHLDNG,3541.2,0.035439
1261,2021-06-30,BAJAJHLDNG,3607.4,0.018694
1262,2021-07-31,BAJAJHLDNG,4017.0,0.113544
1263,2021-08-31,BAJAJHLDNG,4330.0,0.077919
1264,2021-09-30,BAJAJHLDNG,4820.0,0.113164
1265,2021-10-31,BAJAJHLDNG,4809.0,-0.002282
1266,2021-11-30,BAJAJHLDNG,5014.0,0.042628
1267,2021-12-31,BAJAJHLDNG,5512.0,0.099322
1268,2022-01-31,BAJAJHLDNG,5160.0,-0.063861
1269,2022-02-28,BAJAJHLDNG,5190.95,0.005998
1270,2022-03-31,BAJAJHLDNG,5110.0,-0.015594
1271,2022-04-30,BAJAJHLDNG,5204.0,0.018395
1272,2022-05-31,BAJAJHLDNG,5129.15,-0.014383
1273,2022-06-30,BAJAJHLDNG,4528.0,-0.117203
1274,2022-07-31,BAJAJHLDNG,5171.0,0.142005
1275,2022-08-31,BAJAJHLDNG,5460.0,0.055889
1276,2022-09-30,BAJAJHLDNG,6512.0,0.192674
1277,2022-10-31,BAJAJHLDNG,6650.0,0.021192
1278,2022-11-30,BAJAJHLDNG,6590.0,-0.009023
1279,2022-12-31,BAJAJHLDNG,5716.55,-0.132542
1280,2023-01-31,BAJAJHLDNG,5889.0,0.030167
1281,2023-02-28,BAJAJHLDNG,6381.25,0.083588
1282,2023-03-31,BAJAJHLDNG,5935.0,-0.069931
1283,2023-04-30,BAJAJHLDNG,6890.0,0.16091
1284,2023-05-31,BAJAJHLDNG,7262.15,0.054013
1285,2023-06-30,BAJAJHLDNG,7000.0,-0.036098
1286,2023-07-31,BAJAJHLDNG,7501.0,0.071571
1287,2023-08-31,BAJAJHLDNG,7411.0,-0.011998
1288,2023-09-30,BAJAJHLDNG,7106.45,-0.041094
1289,2023-10-31,BAJAJHLDNG,6910.0,-0.027644
1290,2023-11-30,BAJAJHLDNG,7380.0,0.068017
1291,2023-12-31,BAJAJHLDNG,7698.0,0.043089
1292,2024-01-31,BAJAJHLDNG,8378.35,0.08838
1293,2024-02-29,BAJAJHLDNG,9320.0,0.112391
1294,2024-03-31,BAJAJHLDNG,8300.0,-0.109442
1295,2024-04-30,BAJAJHLDNG,8170.0,-0.015663
1296,2024-05-31,BAJAJHLDNG,7965.05,-0.025086
1297,2024-06-30,BAJAJHLDNG,8500.0,0.067162
1298,2024-07-31,BAJAJHLDNG,9648.0,0.135059
1299,2024-08-31,BAJAJHLDNG,10090.2,0.045833
1300,2024-09-30,BAJAJHLDNG,10525.0,0.043091
1301,2024-10-31,BAJAJHLDNG,10315.0,-0.019952
1302,2024-11-30,BAJAJHLDNG,10500.0,0.017935
1303,2024-12-31,BAJAJHLDNG,11879.0,0.131333
1304,2025-01-31,BAJAJHLDNG,11550.05,-0.027692
1305,2025-02-28,BAJAJHLDNG,11550.0,-4e-06
1306,2025-03-31,BAJAJHLDNG,12481.75,0.080671
1307,2025-04-30,BAJAJHLDNG,11997.0,-0.038837
1308,2025-05-31,BAJAJHLDNG,13525.0,0.127365
1309,2025-06-30,BAJAJHLDNG,14360.0,0.061738
1310,2025-07-31,BAJAJHLDNG,14061.0,-0.020822
1311,2025-08-31,BAJAJHLDNG,13607.0,-0.032288
10070,2015-03-31,BAJFINANCE,41.0,
10071,2015-04-30,BAJFINANCE,40.0,-0.02439
10072,2015-05-31,BAJFINANCE,43.0,0.075
10073,2015-06-30,BAJFINANCE,54.5,0.267442
10074,2015-07-31,BAJFINANCE,55.0,0.009174
10075,2015-08-31,BAJFINANCE,50.0,-0.090909
10076,2015-09-30,BAJFINANCE,51.5,0.03
10077,2015-10-31,BAJFINANCE,52.0,0.009709
10078,2015-11-30,BAJFINANCE,55.5,0.067308
10079,2015-12-31,BAJFINANCE,60.0,0.081081
10080,2016-01-31,BAJFINANCE,59.0,-0.016667
10081,2016-02-29,BAJFINANCE,60.0,0.016949
10082,2016-03-31,BAJFINANCE,69.0,0.15
10083,2016-04-30,BAJFINANCE,68.5,-0.007246
10084,2016-05-31,BAJFINANCE,75.0,0.094891
10085,2016-06-30,BAJFINANCE,80.0,0.066667
10086,2016-07-31,BAJFINANCE,104.0,0.3
10087,2016-08-31,BAJFINANCE,110.5,0.0625
10088,2016-09-30,BAJFINANCE,106.5,-0.036199
10089,2016-10-31,BAJFINANCE,108.0,0.014085
10090,2016-11-30,BAJFINANCE,92.0,-0.148148
10091,2016-12-31,BAJFINANCE,84.0,-0.086957
10092,2017-01-31,BAJFINANCE,103.5,0.232143
10093,2017-02-28,BAJFINANCE,111.0,0.072464
10094,2017-03-31,BAJFINANCE,117.5,0.058559
10095,2017-04-30,BAJFINANCE,127.5,0.085106
10096,2017-05-31,BAJFINANCE,133.0,0.043137
10097,2017-06-30,BAJFINANCE,137.0,0.030075
10098,2017-07-31,BAJFINANCE,170.5,0.244526
10099,2017-08-31,BAJFINANCE,179.0,0.049853
10100,2017-09-30,BAJFINANCE,183.5,0.02514
10101,2017-10-31,BAJFINANCE,180.0,-0.019074
10102,2017-11-30,BAJFINANCE,173.5,-0.036111
10103,2017-12-31,BAJFINANCE,176.0,0.014409
10104,2018-01-31,BAJFINANCE,168.0,-0.045455
10105,2018-02-28,BAJFINANCE,163.0,-0.029762
10106,2018-03-31,BAJFINANCE,177.0,0.08589
10107,2018-04-30,BAJFINANCE,190.5,0.076271
10108,2018-05-31,BAJFINANCE,211.0,0.107612
10109,2018-06-30,BAJFINANCE,230.0,0.090047
10110,2018-07-31,BAJFINANCE,270.5,0.176087
10111,2018-08-31,BAJFINANCE,286.0,0.057301
10112,2018-09-30,BAJFINANCE,218.0,-0.237762
10113,2018-10-31,BAJFINANCE,237.0,0.087156
10114,2018-11-30,BAJFINANCE,253.0,0.067511
10115,2018-12-31,BAJFINANCE,264.0,0.043478
10116,2019-01-31,BAJFINANCE,258.0,-0.022727
10117,2019-02-28,BAJFINANCE,265.0,0.027132
10118,2019-03-31,BAJFINANCE,302.0,0.139623
10119,2019-04-30,BAJFINANCE,310.0,0.02649
10120,2019-05-31,BAJFINANCE,346.0,0.116129
10121,2019-06-30,BAJFINANCE,368.5,0.065029
10122,2019-07-31,BAJFINANCE,325.0,-0.118046
10123,2019-08-31,BAJFINANCE,333.0,0.024615
10124,2019-09-30,BAJFINANCE,405.0,0.216216
10125,2019-10-31,BAJFINANCE,403.0,-0.004938
10126,2019-11-30,BAJFINANCE,407.0,0.009926
10127,2019-12-31,BAJFINANCE,422.5,0.038084
10128,2020-01-31,BAJFINANCE,438.0,0.036686
10129,2020-02-29,BAJFINANCE,450.0,0.027397
10130,2020-03-31,BAJFINANCE,221.5,-0.507778
10131,2020-04-30,BAJFINANCE,232.0,0.047404
10132,2020-05-31,BAJFINANCE,194.0,-0.163793
10133,2020-06-30,BAJFINANCE,283.0,0.458763
10134,2020-07-31,BAJFINANCE,326.0,0.151943
10135,2020-08-31,BAJFINANCE,348.0,0.067485
10136,2020-09-30,BAJFINANCE,326.5,-0.061782
10137,2020-10-31,BAJFINANCE,330.0,0.01072
10138,2020-11-30,BAJFINANCE,487.5,0.477273
10139,2020-12-31,BAJFINANCE,529.0,0.085128
10140,2021-01-31,BAJFINANCE,473.0,-0.10586
10141,2021-02-28,BAJFINANCE,524.0,0.107822
10142,2021-03-31,BAJFINANCE,514.0,-0.019084
10143,2021-04-30,BAJFINANCE,545.0,0.060311
10144,2021-05-31,BAJFINANCE,563.5,0.033945
10145,2021-06-30,BAJFINANCE,601.0,0.066548
10146,2021-07-31,BAJFINANCE,623.0,0.036606
10147,2021-08-31,BAJFINANCE,752.5,0.207865
10148,2021-09-30,BAJFINANCE,767.5,0.019934
10149,2021-10-31,BAJFINANCE,742.0,-0.033225
10150,2021-11-30,BAJFINANCE,698.0,-0.059299
10151,2021-12-31,BAJFINANCE,697.0,-0.001433
10152,2022-01-31,BAJFINANCE,700.5,0.005022
10153,2022-02-28,BAJFINANCE,699.0,-0.002141
10154,2022-03-31,BAJFINANCE,726.0,0.038627
10155,2022-04-30,BAJFINANCE,667.0,-0.081267
10156,2022-05-31,BAJFINANCE,606.5,-0.090705
10157,2022-06-30,BAJFINANCE,539.0,-0.111294
10158,2022-07-31,BAJFINANCE,720.5,0.336735
10159,2022-08-31,BAJFINANCE,730.0,0.013185
10160,2022-09-30,BAJFINANCE,734.0,0.005479
10161,2022-10-31,BAJFINANCE,714.5,-0.026567
10162,2022-11-30,BAJFINANCE,674.5,-0.055983
10163,2022-12-31,BAJFINANCE,658.0,-0.024463
10164,2023-01-31,BAJFINANCE,588.5,-0.105623
10165,2023-02-28,BAJFINANCE,611.0,0.038233
10166,2023-03-31,BAJFINANCE,562.0,-0.080196
10167,2023-04-30,BAJFINANCE,626.0,0.113879
10168,2023-05-31,BAJFINANCE,698.0,0.115016
10169,2023-06-30,BAJFINANCE,716.0,0.025788
10170,2023-07-31,BAJFINANCE,729.5,0.018855
10171,2023-08-31,BAJFINANCE,717.0,-0.017135
10172,2023-09-30,BAJFINANCE,781.0,0.089261
10173,2023-10-31,BAJFINANCE,749.5,-0.040333
10174,2023-11-30,BAJFINANCE,713.0,-0.048699
10175,2023-12-31,BAJFINANCE,731.0,0.025245
10176,2024-01-31,BAJFINANCE,686.5,-0.060876
10177,2024-02-29,BAJFINANCE,651.0,-0.051712
10178,2024-03-31,BAJFINANCE,724.5,0.112903
10179,2024-04-30,BAJFINANCE,690.0,-0.047619
10180,2024-05-31,BAJFINANCE,673.0,-0.024638
10181,2024-06-30,BAJFINANCE,712.0,0.057949
10182,2024-07-31,BAJFINANCE,681.0,-0.043539
10183,2024-08-31,BAJFINANCE,721.0,0.058737
10184,2024-09-30,BAJFINANCE,770.0,0.067961
10185,2024-10-31,BAJFINANCE,690.0,-0.103896
10186,2024-11-30,BAJFINANCE,656.5,-0.048551
10187,2024-12-31,BAJFINANCE,683.5,0.041127
10188,2025-01-31,BAJFINANCE,790.0,0.155816
10189,2025-02-28,BAJFINANCE,854.5,0.081646
10190,2025-03-31,BAJFINANCE,893.0,0.045056
10191,2025-04-30,BAJFINANCE,861.0,-0.035834
10192,2025-05-31,BAJFINANCE,914.0,0.061556
10193,2025-06-30,BAJFINANCE,937.0,0.025164
10194,2025-07-31,BAJFINANCE,880.0,-0.060832
10195,2025-08-31,BAJFINANCE,876.65,-0.003807
-1,2006-01-31,BANKBARODA,33.8855,
-1,2006-02-28,BANKBARODA,30.2637,-0.106883
-1,2006-03-31,BANKBARODA,31.2743,0.033393
-1,2006-04-30,BANKBARODA,31.4167,0.004553
-1,2006-05-31,BANKBARODA,30.8063,-0.019429
-1,2006-06-30,BANKBARODA,27.0081,-0.123293
-1,2006-07-31,BANKBARODA,30.955,0.146138
-1,2006-08-31,BANKBARODA,34.9236,0.128205
-1,2006-09-30,BANKBARODA,40.1663,0.150119
-1,2006-10-31,BANKBARODA,38.8504,-0.032761
-1,2006-11-30,BANKBARODA,36.3091,-0.065412
-1,2006-12-31,BANKBARODA,33.4197,-0.079578
-1,2007-01-31,BANKBARODA,34.7983,0.041251
-1,2007-02-28,BANKBARODA,30.5303,-0.12265
-1,2007-03-31,BANKBARODA,29.9455,-0.019155
-1,2007-04-30,BANKBARODA,33.3324,0.113102
-1,2007-05-31,BANKBARODA,38.9396,0.168221
-1,2007-06-30,BANKBARODA,38.1699,-0.019767
-1,2007-07-31,BANKBARODA,42.8472,0.122539
-1,2007-08-31,BANKBARODA,38.2625,-0.107001
-1,2007-09-30,BANKBARODA,46.632,0.218739
-1,2007-10-31,BANKBARODA,49.0243,0.051302
-1,2007-11-30,BANKBARODA,54.5873,0.113474
-1,2007-12-31,BANKBARODA,65.6419,0.202512
-1,2008-01-31,BANKBARODA,55.58,-0.153285
-1,2008-02-29,BANKBARODA,52.2379,-0.060131
-1,2008-03-31,BANKBARODA,40.4692,-0.22529
-1,2008-04-30,BANKBARODA,45.0395,0.112933
-1,2008-05-31,BANKBARODA,38.8981,-0.136356
-1,2008-06-30,BANKBARODA,29.0504,-0.253167
-1,2008-07-31,BANKBARODA,36.6058,0.260079
-1,2008-08-31,BANKBARODA,42.0792,0.149523
-1,2008-09-30,BANKBARODA,44.1572,0.049383
-1,2008-10-31,BANKBARODA,35.4371,-0.197479
-1,2008-11-30,BANKBARODA,38.3018,0.080839
-1,2008-12-31,BANKBARODA,41.5597,0.085059
-1,2009-01-31,BANKBARODA,37.3518,-0.10125
-1,2009-02-28,BANKBARODA,32.6689,-0.125373
-1,2009-03-31,BANKBARODA,34.784,0.064744
-1,2009-04-30,BANKBARODA,47.1555,0.355666
-1,2009-05-31,BANKBARODA,65.1301,0.381177
-1,2009-06-30,BANKBARODA,66.1171,0.015154
-1,2009-07-31,BANKBARODA,65.8902,-0.003432
-1,2009-08-31,BANKBARODA,65.5342,-0.005403
-1,2009-09-30,BANKBARODA,72.9639,0.113371
-1,2009-10-31,BANKBARODA,77.1294,0.05709
-1,2009-11-30,BANKBARODA,79.2045,0.026904
-1,2009-12-31,BANKBARODA,77.8488,-0.017116
-1,2010-01-31,BANKBARODA,87.1719,0.119759
-1,2010-02-28,BANKBARODA,88.3913,0.013988
-1,2010-03-31,BANKBARODA,96.7979,0.095107
-1,2010-04-30,BANKBARODA,104.8487,0.083171
-1,2010-05-31,BANKBARODA,107.6509,0.026726
-1,2010-06-30,BANKBARODA,106.3104,-0.012452
-1,2010-07-31,BANKBARODA,116.4148,0.095046
-1,2010-08-31,BANKBARODA,124.5539,0.069915
-1,2010-09-30,BANKBARODA,135.0062,0.083918
-1,2010-10-31,BANKBARODA,156.9245,0.16235
-1,2010-11-30,BANKBARODA,145.0253,-0.075828
-1,2010-12-31,BANKBARODA,138.7508,-0.043265
-1,2011-01-31,BANKBARODA,134.542,-0.030334
-1,2011-02-28,BANKBARODA,134.7354,0.001437
-1,2011-03-31,BANKBARODA,149.296,0.108068
-1,2011-04-30,BANKBARODA,141.1028,-0.054879
-1,2011-05-31,BANKBARODA,133.6832,-0.052583
-1,2011-06-30,BANKBARODA,135.1378,0.010881
-1,2011-07-31,BANKBARODA,138.6288,0.025833
-1,2011-08-31,BANKBARODA,116.1563,-0.162106
-1,2011-09-30,BANKBARODA,120.258,0.035312
-1,2011-10-31,BANKBARODA,121.6541,0.011609
-1,2011-11-30,BANKBARODA,110.4455,-0.092135
-1,2011-12-31,BANKBARODA,104.9635,-0.049635
-1,2012-01-31,BANKBARODA,118.9092,0.132862
-1,2012-02-29,BANKBARODA,126.8995,0.067197
-1,2012-03-31,BANKBARODA,125.598,-0.010256
-1,2012-04-30,BANKBARODA,121.4569,-0.032971
-1,2012-05-31,BANKBARODA,108.655,-0.105403
-1,2012-06-30,BANKBARODA,115.6199,0.064101
-1,2012-07-31,BANKBARODA,106.0086,-0.083128
-1,2012-08-31,BANKBARODA,102.0904,-0.036961
-1,2012-09-30,BANKBARODA,128.9036,0.262642
-1,2012-10-31,BANKBARODA,117.246,-0.090437
-1,2012-11-30,BANKBARODA,123.2162,0.05092
-1,2012-12-31,BANKBARODA,139.9956,0.136179
-1,2013-01-31,BANKBARODA,140.2057,0.001501
-1,2013-02-28,BANKBARODA,112.3988,-0.198329
-1,2013-03-31,BANKBARODA,109.1269,-0.02911
-1,2013-04-30,BANKBARODA,112.932,0.034869
-1,2013-05-31,BANKBARODA,105.2896,-0.067673
-1,2013-06-30,BANKBARODA,92.7676,-0.118929
-1,2013-07-31,BANKBARODA,93.8353,0.011509
-1,2013-08-31,BANKBARODA,76.993,-0.179488
-1,2013-09-30,BANKBARODA,82.4651,0.071073
-1,2013-10-31,BANKBARODA,107.4194,0.302604
-1,2013-11-30,BANKBARODA,107.7034,0.002644
-1,2013-12-31,BANKBARODA,107.8621,0.001473
-1,2014-01-31,BANKBARODA,91.6298,-0.150491
-1,2014-02-28,BANKBARODA,93.7301,0.022922
-1,2014-03-31,BANKBARODA,122.5727,0.30772
-1,2014-04-30,BANKBARODA,138.9328,0.133473
-1,2014-05-31,BANKBARODA,143.3034,0.031458
-1,2014-06-30,BANKBARODA,149.0515,0.040111
-1,2014-07-31,BANKBARODA,150.0367,0.00661
-1,2014-08-31,BANKBARODA,149.9765,-0.000401
-1,2014-09-30,BANKBARODA,155.2768,0.035341
-1,2014-10-31,BANKBARODA,159.9577,0.030146
-1,2014-11-30,BANKBARODA,187.0963,0.169661
-1,2014-12-31,BANKBARODA,186.5283,-0.003036
-1,2015-01-31,BANKBARODA,166.1959,-0.109004
-1,2015-02-28,BANKBARODA,155.7415,-0.062904
1816,2015-03-31,BANKBARODA,150.13,-0.036031
1817,2015-04-30,BANKBARODA,155.64,0.036702
1818,2015-05-31,BANKBARODA,149.98,-0.036366
1819,2015-06-30,BANKBARODA,132.05,-0.119549
1820,2015-07-31,BANKBARODA,165.69,0.254752
1821,2015-08-31,BANKBARODA,170.57,0.029453
1822,2015-09-30,BANKBARODA,169.85,-0.004221
1823,2015-10-31,BANKBARODA,147.37,-0.132352
1824,2015-11-30,BANKBARODA,165.59,0.123634
1825,2015-12-31,BANKBARODA,143.79,-0.13165
1826,2016-01-31,BANKBARODA,113.2,-0.212741
1827,2016-02-29,BANKBARODA,120.5,0.064488
1828,2016-03-31,BANKBARODA,134.85,0.119087
1829,2016-04-30,BANKBARODA,144.91,0.074601
1830,2016-05-31,BANKBARODA,130.21,-0.101442
1831,2016-06-30,BANKBARODA,141.67,0.088012
1832,2016-07-31,BANKBARODA,139.35,-0.016376
1833,2016-08-31,BANKBARODA,149.4,0.072121
1834,2016-09-30,BANKBARODA,154.77,0.035944
1835,2016-10-31,BANKBARODA,142.78,-0.07747
1836,2016-11-30,BANKBARODA,151.19,0.058902
1837,2016-12-31,BANKBARODA,140.94,-0.067795
1838,2017-01-31,BANKBARODA,152.59,0.082659
1839,2017-02-28,BANKBARODA,152.4,-0.001245
1840,2017-03-31,BANKBARODA,160.18,0.05105
1841,2017-04-30,BANKBARODA,174.05,0.08659
1842,2017-05-31,BANKBARODA,164.77,-0.053318
1843,2017-06-30,BANKBARODA,149.11,-0.095042
1844,2017-07-31,BANKBARODA,153.36,0.028502
1845,2017-08-31,BANKBARODA,126.35,-0.176122
1846,2017-09-30,BANKBARODA,126.06,-0.002295
1847,2017-10-31,BANKBARODA,157.28,0.24766
1848,2017-11-30,BANKBARODA,156.65,-0.004006
1849,2017-12-31,BANKBARODA,148.63,-0.051197
1850,2018-01-31,BANKBARODA,143.79,-0.032564
1851,2018-02-28,BANKBARODA,129.49,-0.099451
1852,2018-03-31,BANKBARODA,130.12,0.004865
1853,2018-04-30,BANKBARODA,136.4,0.048263
1854,2018-05-31,BANKBARODA,124.99,-0.083651
1855,2018-06-30,BANKBARODA,101.65,-0.186735
1856,2018-07-31,BANKBARODA,140.56,0.382784
1857,2018-08-31,BANKBARODA,140.65,0.00064
1858,2018-09-30,BANKBARODA,88.69,-0.369428
1859,2018-10-31,BANKBARODA,99.33,0.119968
1860,2018-11-30,BANKBARODA,94.16,-0.052049
1861,2018-12-31,BANKBARODA,107.3,0.13955
1862,2019-01-31,BANKBARODA,101.65,-0.052656
1863,2019-02-28,BANKBARODA,90.43,-0.110379
1864,2019-03-31,BANKBARODA,117.11,0.295035
1865,2019-04-30,BANKBARODA,105.27,-0.101102
1866,2019-05-31,BANKBARODA,121.61,0.15522
1867,2019-06-30,BANKBARODA,109.53,-0.099334
1868,2019-07-31,BANKBARODA,95.9,-0.124441
1869,2019-08-31,BANKBARODA,82.36,-0.141189
1870,2019-09-30,BANKBARODA,82.75,0.004735
1871,2019-10-31,BANKBARODA,86.71,0.047855
1872,2019-11-30,BANKBARODA,93.96,0.083612
1873,2019-12-31,BANKBARODA,90.92,-0.032354
1874,2020-01-31,BANKBARODA,82.02,-0.097888
1875,2020-02-29,BANKBARODA,66.8,-0.185564
1876,2020-03-31,BANKBARODA,46.79,-0.299551
1877,2020-04-30,BANKBARODA,40.21,-0.140628
1878,2020-05-31,BANKBARODA,30.16,-0.249938
1879,2020-06-30,BANKBARODA,39.73,0.317308
1880,2020-07-31,BANKBARODA,37.8,-0.048578
1881,2020-08-31,BANKBARODA,39.83,0.053704
1882,2020-09-30,BANKBARODA,32.29,-0.189305
1883,2020-10-31,BANKBARODA,32.92,0.019511
1884,2020-11-30,BANKBARODA,42.15,0.280377
1885,2020-12-31,BANKBARODA,51.96,0.23274
1886,2021-01-31,BANKBARODA,58.53,0.126443
1887,2021-02-28,BANKBARODA,75.01,0.281565
1888,2021-03-31,BANKBARODA,64.33,-0.142381
1889,2021-04-30,BANKBARODA,56.89,-0.115654
1890,2021-05-31,BANKBARODA,70.62,0.241343
1891,2021-06-30,BANKBARODA,75.74,0.072501
1892,2021-07-31,BANKBARODA,70.37,-0.0709
1893,2021-08-31,BANKBARODA,67.23,-0.044621
1894,2021-09-30,BANKBARODA,71.68,0.066191
1895,2021-10-31,BANKBARODA,87.0,0.213728
1896,2021-11-30,BANKBARODA,75.3,-0.134483
1897,2021-12-31,BANKBARODA,71.78,-0.046746
1898,2022-01-31,BANKBARODA,96.48,0.344107
1899,2022-02-28,BANKBARODA,95.75,-0.007566
1900,2022-03-31,BANKBARODA,100.58,0.050444
1901,2022-04-30,BANKBARODA,101.65,0.010638
1902,2022-05-31,BANKBARODA,89.47,-0.119823
1903,2022-06-30,BANKBARODA,87.19,-0.025483
1904,2022-07-31,BANKBARODA,104.93,0.203464
1905,2022-08-31,BANKBARODA,119.29,0.136853
1906,2022-09-30,BANKBARODA,120.98,0.014167
1907,2022-10-31,BANKBARODA,135.53,0.120268
1908,2022-11-30,BANKBARODA,153.7,0.134066
1909,2022-12-31,BANKBARODA,172.12,0.119844
1910,2023-01-31,BANKBARODA,155.68,-0.095515
1911,2023-02-28,BANKBARODA,145.63,-0.064555
1912,2023-03-31,BANKBARODA,156.26,0.072993
1913,2023-04-30,BANKBARODA,174.68,0.11788
1914,2023-05-31,BANKBARODA,171.59,-0.017689
1915,2023-06-30,BANKBARODA,176.42,0.028148
1916,2023-07-31,BANKBARODA,188.17,0.066602
1917,2023-08-31,BANKBARODA,173.62,-0.077324
1918,2023-09-30,BANKBARODA,199.52,0.149176
1919,2023-10-31,BANKBARODA,182.12,-0.087209
1920,2023-11-30,BANKBARODA,183.96,0.010103
1921,2023-12-31,BANKBARODA,215.81,0.173135
1922,2024-01-31,BANKBARODA,232.58,0.077707
1923,2024-02-29,BANKBARODA,250.27,0.07606
1924,2024-03-31,BANKBARODA,248.15,-0.008471
1925,2024-04-30,BANKBARODA,263.62,0.062341
1926,2024-05-31,BANKBARODA,249.4,-0.053941
1927,2024-06-30,BANKBARODA,265.84,0.065918
1928,2024-07-31,BANKBARODA,246.02,-0.074556
1929,2024-08-31,BANKBARODA,241.53,-0.018251
1930,2024-09-30,BANKBARODA,238.77,-0.011427
1931,2024-10-31,BANKBARODA,243.6,0.020229
1932,2024-11-30,BANKBARODA,238.09,-0.022619
1933,2024-12-31,BANKBARODA,232.29,-0.024361
1934,2025-01-31,BANKBARODA,206.58,-0.110681
1935,2025-02-28,BANKBARODA,190.45,-0.078081
1936,2025-03-31,BANKBARODA,221.72,0.16419
1937,2025-04-30,BANKBARODA,241.28,0.088219
1938,2025-05-31,BANKBARODA,242.12,0.003481
1939,2025-06-30,BANKBARODA,248.5,0.026351
1940,2025-07-31,BANKBARODA,237.74,-0.0433
1941,2025-08-31,BANKBARODA,241.75,0.016867
2303,2015-03-31,BEL,33.9,
2304,2015-04-30,BEL,31.35,-0.075221
2305,2015-05-31,BEL,36.1,0.151515
2306,2015-06-30,BEL,33.95,-0.059557
2307,2015-07-31,BEL,40.15,0.182622
2308,2015-08-31,BEL,34.0,-0.153176
2309,2015-09-30,BEL,34.35,0.010294
2310,2015-10-31,BEL,37.65,0.09607
2311,2015-11-30,BEL,38.0,0.009296
2312,2015-12-31,BEL,41.4,0.089474
2313,2016-01-31,BEL,37.2,-0.101449
2314,2016-02-29,BEL,31.15,-0.162634
2315,2016-03-31,BEL,37.35,0.199037
2316,2016-04-30,BEL,35.65,-0.045515
2317,2016-05-31,BEL,35.65,0.0
2318,2016-06-30,BEL,38.5,0.079944
2319,2016-07-31,BEL,37.5,-0.025974
2320,2016-08-31,BEL,36.95,-0.014667
2321,2016-09-30,BEL,37.7,0.020298
2322,2016-10-31,BEL,40.2,0.066313
2323,2016-11-30,BEL,43.55,0.083333
2324,2016-12-31,BEL,41.65,-0.043628
2325,2017-01-31,BEL,46.6,0.118848
2326,2017-02-28,BEL,46.0,-0.012876
2327,2017-03-31,BEL,47.35,0.029348
2328,2017-04-30,BEL,55.5,0.172122
2329,2017-05-31,BEL,52.25,-0.058559
2330,2017-06-30,BEL,49.2,-0.058373
2331,2017-07-31,BEL,54.25,0.102642
2332,2017-08-31,BEL,57.65,0.062673
2333,2017-09-30,BEL,54.6,-0.052905
2334,2017-10-31,BEL,61.35,0.123626
2335,2017-11-30,BEL,62.25,0.01467
2336,2017-12-31,BEL,60.7,-0.0249
2337,2018-01-31,BEL,56.4,-0.07084
2338,2018-02-28,BEL,51.45,-0.087766
2339,2018-03-31,BEL,47.2,-0.082604
2340,2018-04-30,BEL,43.75,-0.073093
2341,2018-05-31,BEL,38.05,-0.130286
2342,2018-06-30,BEL,36.2,-0.04862
2343,2018-07-31,BEL,39.3,0.085635
2344,2018-08-31,BEL,37.9,-0.035623
2345,2018-09-30,BEL,26.75,-0.294195
2346,2018-10-31,BEL,30.95,0.157009
2347,2018-11-30,BEL,27.65,-0.106624
2348,2018-12-31,BEL,29.25,0.057866
2349,2019-01-31,BEL,27.9,-0.046154
2350,2019-02-28,BEL,27.6,-0.010753
2351,2019-03-31,BEL,31.05,0.125
2352,2019-04-30,BEL,29.0,-0.066023
2353,2019-05-31,BEL,37.25,0.284483
2354,2019-06-30,BEL,37.55,0.008054
2355,2019-07-31,BEL,34.25,-0.087883
2356,2019-08-31,BEL,34.25,0.0
2357,2019-09-30,BEL,36.15,0.055474
2358,2019-10-31,BEL,39.4,0.089903
2359,2019-11-30,BEL,34.25,-0.130711
2360,2019-12-31,BEL,33.35,-0.026277
2361,2020-01-31,BEL,30.0,-0.10045
2362,2020-02-29,BEL,24.7,-0.176667
2363,2020-03-31,BEL,24.65,-0.002024
2364,2020-04-30,BEL,24.0,-0.026369
2365,2020-05-31,BEL,23.0,-0.041667
2366,2020-06-30,BEL,29.45,0.280435
2367,2020-07-31,BEL,32.05,0.088285
2368,2020-08-31,BEL,35.55,0.109204
2369,2020-09-30,BEL,31.8,-0.105485
2370,2020-10-31,BEL,29.05,-0.086478
2371,2020-11-30,BEL,36.85,0.268503
2372,2020-12-31,BEL,40.2,0.090909
2373,2021-01-31,BEL,43.25,0.075871
2374,2021-02-28,BEL,45.55,0.053179
2375,2021-03-31,BEL,41.6,-0.086718
2376,2021-04-30,BEL,43.95,0.05649
2377,2021-05-31,BEL,48.4,0.101251
2378,2021-06-30,BEL,59.45,0.228306
2379,2021-07-31,BEL,61.5,0.034483
2380,2021-08-31,BEL,62.0,0.00813
2381,2021-09-30,BEL,67.45,0.087903
2382,2021-10-31,BEL,69.3,0.027428
2383,2021-11-30,BEL,67.75,-0.022367
2384,2021-12-31,BEL,69.85,0.030996
2385,2022-01-31,BEL,69.95,0.001432
2386,2022-02-28,BEL,70.1,0.002144
2387,2022-03-31,BEL,70.35,0.003566
2388,2022-04-30,BEL,79.25,0.12651
2389,2022-05-31,BEL,78.15,-0.01388
2390,2022-06-30,BEL,77.75,-0.005118
2391,2022-07-31,BEL,91.6,0.178135
2392,2022-08-31,BEL,102.3,0.116812
2393,2022-09-30,BEL,101.15,-0.011241
2394,2022-10-31,BEL,107.1,0.058824
2395,2022-11-30,BEL,105.3,-0.016807
2396,2022-12-31,BEL,100.0,-0.050332
2397,2023-01-31,BEL,95.25,-0.0475
2398,2023-02-28,BEL,94.7,-0.005774
2399,2023-03-31,BEL,97.5,0.029567
2400,2023-04-30,BEL,103.15,0.057949
2401,2023-05-31,BEL,112.2,0.087736
2402,2023-06-30,BEL,125.25,0.11631
2403,2023-07-31,BEL,130.7,0.043513
2404,2023-08-31,BEL,133.55,0.021806
2405,2023-09-30,BEL,137.9,0.032572
2406,2023-10-31,BEL,133.5,-0.031907
2407,2023-11-30,BEL,146.0,0.093633
2408,2023-12-31,BEL,183.55,0.257192
2409,2024-01-31,BEL,186.25,0.01471
2410,2024-02-29,BEL,205.55,0.103624
2411,2024-03-31,BEL,201.85,-0.018
2412,2024-04-30,BEL,234.1,0.159772
2413,2024-05-31,BEL,296.95,0.268475
2414,2024-06-30,BEL,309.75,0.043105
2415,2024-07-31,BEL,316.3,0.021146
2416,2024-08-31,BEL,299.5,-0.053114
2417,2024-09-30,BEL,284.4,-0.050417
2418,2024-10-31,BEL,285.0,0.00211
2419,2024-11-30,BEL,307.5,0.078947
2420,2024-12-31,BEL,293.5,-0.045528
2421,2025-01-31,BEL,294.0,0.001704
2422,2025-02-28,BEL,247.25,-0.159014
2423,2025-03-31,BEL,301.33,0.218726
2424,2025-04-30,BEL,312.95,0.038562
2425,2025-05-31,BEL,385.2,0.230868
2426,2025-06-30,BEL,422.7,0.097352
2427,2025-07-31,BEL,383.0,-0.09392
2428,2025-08-31,BEL,389.7,0.017493
-1,2006-01-31,BHARTIARTL,147.982,
-1,2006-02-28,BHARTIARTL,149.5561,0.010637
-1,2006-03-31,BHARTIARTL,170.9715,0.143193
-1,2006-04-30,BHARTIARTL,168.9418,-0.011872
-1,2006-05-31,BHARTIARTL,151.855,-0.10114
-1,2006-06-30,BHARTIARTL,153.2634,0.009275
-1,2006-07-31,BHARTIARTL,158.669,0.03527
-1,2006-08-31,BHARTIARTL,170.2673,0.073097
-1,2006-09-30,BHARTIARTL,194.3752,0.141589
-1,2006-10-31,BHARTIARTL,219.6223,0.129888
-1,2006-11-30,BHARTIARTL,261.252,0.189551
-1,2006-12-31,BHARTIARTL,260.9413,-0.001189
-1,2007-01-31,BHARTIARTL,293.7894,0.125883
-1,2007-02-28,BHARTIARTL,297.7867,0.013606
-1,2007-03-31,BHARTIARTL,316.4268,0.062595
-1,2007-04-30,BHARTIARTL,336.0818,0.062115
-1,2007-05-31,BHARTIARTL,351.7809,0.046712
-1,2007-06-30,BHARTIARTL,346.2717,-0.015661
-1,2007-07-31,BHARTIARTL,373.2585,0.077935
-1,2007-08-31,BHARTIARTL,364.3527,-0.02386
-1,2007-09-30,BHARTIARTL,389.3304,0.068554
-1,2007-10-31,BHARTIARTL,416.9593,0.070965
-1,2007-11-30,BHARTIARTL,389.1647,-0.06666
-1,2007-12-31,BHARTIARTL,412.7342,0.060564
-1,2008-01-31,BHARTIARTL,355.7574,-0.138047
-1,2008-02-29,BHARTIARTL,342.2538,-0.037957
-1,2008-03-31,BHARTIARTL,342.2538,0.0
-1,2008-04-30,BHARTIARTL,372.078,0.087141
-1,2008-05-31,BHARTIARTL,362.8408,-0.024826
-1,2008-06-30,BHARTIARTL,298.7601,-0.176608
-1,2008-07-31,BHARTIARTL,330.8418,0.107383
-1,2008-08-31,BHARTIARTL,346.9138,0.048579
-1,2008-09-30,BHARTIARTL,325.1048,-0.062866
-1,2008-10-31,BHARTIARTL,270.8,-0.167038
-1,2008-11-30,BHARTIARTL,277.9659,0.026462
-1,2008-12-31,BHARTIARTL,296.3783,0.06624
-1,2009-01-31,BHARTIARTL,262.5982,-0.113976
-1,2009-02-28,BHARTIARTL,264.4829,0.007177
-1,2009-03-31,BHARTIARTL,259.2015,-0.019969
-1,2009-04-30,BHARTIARTL,312.3259,0.204954
-1,2009-05-31,BHARTIARTL,340.0377,0.088727
-1,2009-06-30,BHARTIARTL,332.271,-0.022841
-1,2009-07-31,BHARTIARTL,339.7477,0.022502
-1,2009-08-31,BHARTIARTL,352.6265,0.037907
-1,2009-09-30,BHARTIARTL,347.7682,-0.013777
-1,2009-10-31,BHARTIARTL,243.2093,-0.300657
-1,2009-11-30,BHARTIARTL,248.7736,0.022879
-1,2009-12-31,BHARTIARTL,273.8545,0.100818
-1,2010-01-31,BHARTIARTL,254.4625,-0.070811
-1,2010-02-28,BHARTIARTL,231.9977,-0.088283
-1,2010-03-31,BHARTIARTL,259.57,0.118847
-1,2010-04-30,BHARTIARTL,247.9431,-0.044793
-1,2010-05-31,BHARTIARTL,218.3361,-0.11941
-1,2010-06-30,BHARTIARTL,218.2531,-0.00038
-1,2010-07-31,BHARTIARTL,254.7946,0.167427
-1,2010-08-31,BHARTIARTL,271.8613,0.066982
-1,2010-09-30,BHARTIARTL,305.1743,0.122537
-1,2010-10-31,BHARTIARTL,271.3078,-0.110974
-1,2010-11-30,BHARTIARTL,300.0506,0.105942
-1,2010-12-31,BHARTIARTL,298.9258,-0.003749
-1,2011-01-31,BHARTIARTL,265.7675,-0.110925
-1,2011-02-28,BHARTIARTL,276.0149,0.038558
-1,2011-03-31,BHARTIARTL,297.7595,0.078781
-1,2011-04-30,BHARTIARTL,316.6299,0.063375
-1,2011-05-31,BHARTIARTL,311.7144,-0.015524
-1,2011-06-30,BHARTIARTL,329.0018,0.055459
-1,2011-07-31,BHARTIARTL,364.2846,0.107242
-1,2011-08-31,BHARTIARTL,337.1248,-0.074557
-1,2011-09-30,BHARTIARTL,315.7195,-0.063494
-1,2011-10-31,BHARTIARTL,327.2458,0.036508
-1,2011-11-30,BHARTIARTL,322.485,-0.014548
-1,2011-12-31,BHARTIARTL,286.9038,-0.110334
-1,2012-01-31,BHARTIARTL,305.4461,0.064629
-1,2012-02-29,BHARTIARTL,292.4999,-0.042385
-1,2012-03-31,BHARTIARTL,282.2265,-0.035123
-1,2012-04-30,BHARTIARTL,259.341,-0.081089
-1,2012-05-31,BHARTIARTL,252.7009,-0.025604
-1,2012-06-30,BHARTIARTL,254.789,0.008263
-1,2012-07-31,BHARTIARTL,250.6128,-0.016391
-1,2012-08-31,BHARTIARTL,206.9717,-0.174138
-1,2012-09-30,BHARTIARTL,222.567,0.07535
-1,2012-10-31,BHARTIARTL,226.0885,0.015822
-1,2012-11-30,BHARTIARTL,282.5582,0.249768
-1,2012-12-31,BHARTIARTL,265.873,-0.05905
-1,2013-01-31,BHARTIARTL,284.7382,0.070956
-1,2013-02-28,BHARTIARTL,270.736,-0.049176
-1,2013-03-31,BHARTIARTL,244.6183,-0.096469
-1,2013-04-30,BHARTIARTL,267.2565,0.092545
-1,2013-05-31,BHARTIARTL,253.1705,-0.052706
-1,2013-06-30,BHARTIARTL,245.4047,-0.030674
-1,2013-07-31,BHARTIARTL,289.7751,0.180805
-1,2013-08-31,BHARTIARTL,251.5871,-0.131785
-1,2013-09-30,BHARTIARTL,268.0315,0.065363
-1,2013-10-31,BHARTIARTL,308.7851,0.152048
-1,2013-11-30,BHARTIARTL,275.0552,-0.109234
-1,2013-12-31,BHARTIARTL,277.7888,0.009938
-1,2014-01-31,BHARTIARTL,264.9614,-0.046177
-1,2014-02-28,BHARTIARTL,241.9139,-0.086984
-1,2014-03-31,BHARTIARTL,267.2745,0.104833
-1,2014-04-30,BHARTIARTL,275.9384,0.032416
-1,2014-05-31,BHARTIARTL,289.4388,0.048925
-1,2014-06-30,BHARTIARTL,283.3825,-0.020924
-1,2014-07-31,BHARTIARTL,313.6638,0.106857
-1,2014-08-31,BHARTIARTL,311.0562,-0.008313
-1,2014-09-30,BHARTIARTL,343.9829,0.105855
-1,2014-10-31,BHARTIARTL,338.6347,-0.015548
-1,2014-11-30,BHARTIARTL,324.5426,-0.041614
-1,2014-12-31,BHARTIARTL,299.4145,-0.077426
-1,2015-01-31,BHARTIARTL,317.2419,0.059541
-1,2015-02-28,BHARTIARTL,301.5369,-0.049505
2555,2015-03-31,BHARTIARTL,386.7,0.28243
2556,2015-04-30,BHARTIARTL,374.95,-0.030385
2557,2015-05-31,BHARTIARTL,406.35,0.083744
2558,2015-06-30,BHARTIARTL,412.1,0.01415
2559,2015-07-31,BHARTIARTL,411.65,-0.001092
2560,2015-08-31,BHARTIARTL,347.55,-0.155715
2561,2015-09-30,BHARTIARTL,331.55,-0.046037
2562,2015-10-31,BHARTIARTL,339.6,0.02428
2563,2015-11-30,BHARTIARTL,328.7,-0.032097
2564,2015-12-31,BHARTIARTL,331.75,0.009279
2565,2016-01-31,BHARTIARTL,287.6,-0.133082
2566,2016-02-29,BHARTIARTL,310.85,0.080841
2567,2016-03-31,BHARTIARTL,342.95,0.103265
2568,2016-04-30,BHARTIARTL,357.4,0.042134
2569,2016-05-31,BHARTIARTL,347.9,-0.026581
2570,2016-06-30,BHARTIARTL,357.3,0.027019
2571,2016-07-31,BHARTIARTL,354.8,-0.006997
2572,2016-08-31,BHARTIARTL,326.85,-0.078777
2573,2016-09-30,BHARTIARTL,307.7,-0.05859
2574,2016-10-31,BHARTIARTL,312.85,0.016737
2575,2016-11-30,BHARTIARTL,318.4,0.01774
2576,2016-12-31,BHARTIARTL,300.0,-0.057789
2577,2017-01-31,BHARTIARTL,341.6,0.138667
2578,2017-02-28,BHARTIARTL,361.75,0.058987
2579,2017-03-31,BHARTIARTL,341.85,-0.05501
2580,2017-04-30,BHARTIARTL,348.45,0.019307
2581,2017-05-31,BHARTIARTL,364.4,0.045774
2582,2017-06-30,BHARTIARTL,374.1,0.026619
2583,2017-07-31,BHARTIARTL,412.25,0.101978
2584,2017-08-31,BHARTIARTL,419.15,0.016737
2585,2017-09-30,BHARTIARTL,381.15,-0.09066
2586,2017-10-31,BHARTIARTL,489.3,0.283747
2587,2017-11-30,BHARTIARTL,487.1,-0.004496
2588,2017-12-31,BHARTIARTL,519.7,0.066927
2589,2018-01-31,BHARTIARTL,431.45,-0.16981
2590,2018-02-28,BHARTIARTL,422.1,-0.021671
2591,2018-03-31,BHARTIARTL,390.5,-0.074864
2592,2018-04-30,BHARTIARTL,402.45,0.030602
2593,2018-05-31,BHARTIARTL,367.0,-0.088085
2594,2018-06-30,BHARTIARTL,374.35,0.020027
2595,2018-07-31,BHARTIARTL,382.8,0.022572
2596,2018-08-31,BHARTIARTL,376.2,-0.017241
2597,2018-09-30,BHARTIARTL,333.75,-0.112839
2598,2018-10-31,BHARTIARTL,286.0,-0.143071
2599,2018-11-30,BHARTIARTL,309.2,0.081119
2600,2018-12-31,BHARTIARTL,306.55,-0.008571
2601,2019-01-31,BHARTIARTL,300.25,-0.020551
2602,2019-02-28,BHARTIARTL,313.55,0.044296
2603,2019-03-31,BHARTIARTL,325.45,0.037952
2604,2019-04-30,BHARTIARTL,313.85,-0.035643
2605,2019-05-31,BHARTIARTL,341.65,0.088577
2606,2019-06-30,BHARTIARTL,340.2,-0.004244
2607,2019-07-31,BHARTIARTL,329.8,-0.03057
2608,2019-08-31,BHARTIARTL,340.4,0.032141
2609,2019-09-30,BHARTIARTL,365.4,0.073443
2610,2019-10-31,BHARTIARTL,366.5,0.00301
2611,2019-11-30,BHARTIARTL,433.4,0.182538
2612,2019-12-31,BHARTIARTL,447.6,0.032764
2613,2020-01-31,BHARTIARTL,487.5,0.089142
2614,2020-02-29,BHARTIARTL,512.8,0.051897
2615,2020-03-31,BHARTIARTL,432.4,-0.156786
2616,2020-04-30,BHARTIARTL,505.05,0.168016
2617,2020-05-31,BHARTIARTL,539.75,0.068706
2618,2020-06-30,BHARTIARTL,549.9,0.018805
2619,2020-07-31,BHARTIARTL,544.85,-0.009183
2620,2020-08-31,BHARTIARTL,503.95,-0.075067
2621,2020-09-30,BHARTIARTL,411.9,-0.182657
2622,2020-10-31,BHARTIARTL,424.8,0.031318
2623,2020-11-30,BHARTIARTL,455.85,0.073093
2624,2020-12-31,BHARTIARTL,500.1,0.097071
2625,2021-01-31,BHARTIARTL,542.15,0.084083
2626,2021-02-28,BHARTIARTL,543.5,0.00249
2627,2021-03-31,BHARTIARTL,507.1,-0.066973
2628,2021-04-30,BHARTIARTL,526.25,0.037764
2629,2021-05-31,BHARTIARTL,526.0,-0.000475
2630,2021-06-30,BHARTIARTL,518.25,-0.014734
2631,2021-07-31,BHARTIARTL,554.35,0.069658
2632,2021-08-31,BHARTIARTL,649.7,0.172003
2633,2021-09-30,BHARTIARTL,688.0,0.05895
2634,2021-10-31,BHARTIARTL,685.8,-0.003198
2635,2021-11-30,BHARTIARTL,725.95,0.058545
2636,2021-12-31,BHARTIARTL,684.45,-0.057166
2637,2022-01-31,BHARTIARTL,729.55,0.065892
2638,2022-02-28,BHARTIARTL,684.0,-0.062436
2639,2022-03-31,BHARTIARTL,757.0,0.106725
2640,2022-04-30,BHARTIARTL,740.0,-0.022457
2641,2022-05-31,BHARTIARTL,705.15,-0.047095
2642,2022-06-30,BHARTIARTL,684.9,-0.028717
2643,2022-07-31,BHARTIARTL,677.95,-0.010147
2644,2022-08-31,BHARTIARTL,725.2,0.069695
2645,2022-09-30,BHARTIARTL,799.6,0.102592
2646,2022-10-31,BHARTIARTL,832.0,0.04052
2647,2022-11-30,BHARTIARTL,850.8,0.022596
2648,2022-12-31,BHARTIARTL,808.4,-0.049835
2649,2023-01-31,BHARTIARTL,771.0,-0.046264
2650,2023-02-28,BHARTIARTL,744.0,-0.035019
2651,2023-03-31,BHARTIARTL,750.5,0.008737
2652,2023-04-30,BHARTIARTL,798.9,0.06449
2653,2023-05-31,BHARTIARTL,834.0,0.043935
2654,2023-06-30,BHARTIARTL,880.0,0.055156
2655,2023-07-31,BHARTIARTL,889.0,0.010227
2656,2023-08-31,BHARTIARTL,857.05,-0.035939
2657,2023-09-30,BHARTIARTL,927.0,0.081617
2658,2023-10-31,BHARTIARTL,914.05,-0.01397
2659,2023-11-30,BHARTIARTL,1015.15,0.110607
2660,2023-12-31,BHARTIARTL,1029.55,0.014185
2661,2024-01-31,BHARTIARTL,1171.75,0.138119
2662,2024-02-29,BHARTIARTL,1128.0,-0.037337
2663,2024-03-31,BHARTIARTL,1236.0,0.095745
2664,2024-04-30,BHARTIARTL,1324.5,0.071602
2665,2024-05-31,BHARTIARTL,1370.05,0.03439
2666,2024-06-30,BHARTIARTL,1449.0,0.057626
2667,2024-07-31,BHARTIARTL,1493.0,0.030366
2668,2024-08-31,BHARTIARTL,1584.9,0.061554
2669,2024-09-30,BHARTIARTL,1713.35,0.081046
2670,2024-10-31,BHARTIARTL,1621.9,-0.053375
2671,2024-11-30,BHARTIARTL,1629.0,0.004378
2672,2024-12-31,BHARTIARTL,1593.4,-0.021854
2673,2025-01-31,BHARTIARTL,1627.35,0.021307
2674,2025-02-28,BHARTIARTL,1569.1,-0.035794
2675,2025-03-31,BHARTIARTL,1727.4,0.100886
2676,2025-04-30,BHARTIARTL,1852.1,0.072189
2677,2025-05-31,BHARTIARTL,1859.7,0.004103
2678,2025-06-30,BHARTIARTL,2009.9,0.080766
2679,2025-07-31,BHARTIARTL,1914.0,-0.047714
2680,2025-08-31,BHARTIARTL,1929.7,0.008203
-1,2006-01-31,BHEL,94.5622,
-1,2006-02-28,BHEL,106.7485,0.128871
-1,2006-03-31,BHEL,118.0685,0.106044
-1,2006-04-30,BHEL,124.6691,0.055905
-1,2006-05-31,BHEL,100.6245,-0.192867
-1,2006-06-30,BHEL,103.0644,0.024248
-1,2006-07-31,BHEL,108.1266,0.049117
-1,2006-08-31,BHEL,119.5356,0.105515
-1,2006-09-30,BHEL,126.8209,0.060947
-1,2006-10-31,BHEL,128.0602,0.009772
-1,2006-11-30,BHEL,132.5924,0.035391
-1,2006-12-31,BHEL,121.6707,-0.08237
-1,2007-01-31,BHEL,133.5131,0.097332
-1,2007-02-28,BHEL,115.4505,-0.135287
-1,2007-03-31,BHEL,120.3011,0.042015
-1,2007-04-30,BHEL,132.3506,0.100161
-1,2007-05-31,BHEL,148.8608,0.124746
-1,2007-06-30,BHEL,163.6235,0.099171
-1,2007-07-31,BHEL,183.8549,0.123646
-1,2007-08-31,BHEL,200.9265,0.092854
-1,2007-09-30,BHEL,217.4304,0.082139
-1,2007-10-31,BHEL,278.338,0.280125
-1,2007-11-30,BHEL,286.0182,0.027593
-1,2007-12-31,BHEL,276.4379,-0.033495
-1,2008-01-31,BHEL,219.9229,-0.20444
-1,2008-02-29,BHEL,244.1055,0.109959
-1,2008-03-31,BHEL,221.094,-0.094269
-1,2008-04-30,BHEL,204.0187,-0.077231
-1,2008-05-31,BHEL,178.3736,-0.1257
-1,2008-06-30,BHEL,147.9555,-0.17053
-1,2008-07-31,BHEL,180.406,0.219326
-1,2008-08-31,BHEL,183.1786,0.015369
-1,2008-09-30,BHEL,170.6725,-0.068273
-1,2008-10-31,BHEL,139.0526,-0.185267
-1,2008-11-30,BHEL,146.3621,0.052566
-1,2008-12-31,BHEL,146.685,0.002206
-1,2009-01-31,BHEL,142.1852,-0.030677
-1,2009-02-28,BHEL,151.1256,0.062879
-1,2009-03-31,BHEL,163.664,0.082967
-1,2009-04-30,BHEL,179.3906,0.096091
-1,2009-05-31,BHEL,235.9966,0.315546
-1,2009-06-30,BHEL,238.8027,0.01189
-1,2009-07-31,BHEL,241.6469,0.01191
-1,2009-08-31,BHEL,250.228,0.035511
-1,2009-09-30,BHEL,252.3245,0.008378
-1,2009-10-31,BHEL,241.1278,-0.044374
-1,2009-11-30,BHEL,243.9492,0.011701
-1,2009-12-31,BHEL,261.2961,0.071109
-1,2010-01-31,BHEL,261.5027,0.000791
-1,2010-02-28,BHEL,255.425,-0.023241
-1,2010-03-31,BHEL,261.1548,0.022432
-1,2010-04-30,BHEL,272.2535,0.042499
-1,2010-05-31,BHEL,257.0855,-0.055713
-1,2010-06-30,BHEL,268.6978,0.045169
-1,2010-07-31,BHEL,266.3163,-0.008863
-1,2010-08-31,BHEL,262.8971,-0.012839
-1,2010-09-30,BHEL,270.7515,0.029876
-1,2010-10-31,BHEL,268.5244,-0.008226
-1,2010-11-30,BHEL,242.0019,-0.098771
-1,2010-12-31,BHEL,255.1451,0.05431
-1,2011-01-31,BHEL,243.5995,-0.045251
-1,2011-02-28,BHEL,219.7233,-0.098014
-1,2011-03-31,BHEL,226.4815,0.030758
-1,2011-04-30,BHEL,221.1604,-0.023495
-1,2011-05-31,BHEL,214.8095,-0.028716
-1,2011-06-30,BHEL,226.6823,0.055271
-1,2011-07-31,BHEL,203.3623,-0.102875
-1,2011-08-31,BHEL,195.4859,-0.038731
-1,2011-09-30,BHEL,183.1509,-0.063099
-1,2011-10-31,BHEL,179.3083,-0.020981
-1,2011-11-30,BHEL,159.5043,-0.110447
-1,2011-12-31,BHEL,134.7633,-0.155112
-1,2012-01-31,BHEL,141.3929,0.049194
-1,2012-02-29,BHEL,173.4122,0.226456
-1,2012-03-31,BHEL,145.0885,-0.163332
-1,2012-04-30,BHEL,128.0285,-0.117583
-1,2012-05-31,BHEL,120.8224,-0.056285
-1,2012-06-30,BHEL,132.4147,0.095945
-1,2012-07-31,BHEL,122.8447,-0.072273
-1,2012-08-31,BHEL,121.4775,-0.011129
-1,2012-09-30,BHEL,140.6747,0.158031
-1,2012-10-31,BHEL,130.3673,-0.073271
-1,2012-11-30,BHEL,135.9056,0.042482
-1,2012-12-31,BHEL,132.3681,-0.026029
-1,2013-01-31,BHEL,132.1071,-0.001972
-1,2013-02-28,BHEL,116.6521,-0.116988
-1,2013-03-31,BHEL,103.65,-0.11146
-1,2013-04-30,BHEL,112.8731,0.088983
-1,2013-05-31,BHEL,117.4407,0.040467
-1,2013-06-30,BHEL,102.0396,-0.131139
-1,2013-07-31,BHEL,92.6994,-0.091535
-1,2013-08-31,BHEL,69.6856,-0.248263
-1,2013-09-30,BHEL,80.4605,0.154622
-1,2013-10-31,BHEL,84.6445,0.052001
-1,2013-11-30,BHEL,93.7928,0.108079
-1,2013-12-31,BHEL,106.1205,0.131435
-1,2014-01-31,BHEL,103.631,-0.023459
-1,2014-02-28,BHEL,100.6315,-0.028944
-1,2014-03-31,BHEL,118.5973,0.178531
-1,2014-04-30,BHEL,109.1604,-0.079571
-1,2014-05-31,BHEL,146.515,0.342199
-1,2014-06-30,BHEL,151.415,0.033444
-1,2014-07-31,BHEL,138.1367,-0.087695
-1,2014-08-31,BHEL,145.7286,0.054959
-1,2014-09-30,BHEL,121.259,-0.167912
-1,2014-10-31,BHEL,156.3533,0.289416
-1,2014-11-30,BHEL,172.8596,0.105571
-1,2014-12-31,BHEL,161.561,-0.065363
-1,2015-01-31,BHEL,177.7019,0.099906
-1,2015-02-28,BHEL,165.0024,-0.071465
-1,2015-03-31,BHEL,143.6483,-0.129417
13658,2015-04-30,BHEL,158.7,0.104782
13659,2015-05-31,BHEL,167.77,0.057152
13660,2015-06-30,BHEL,165.27,-0.014901
13661,2015-07-31,BHEL,185.57,0.122829
13662,2015-08-31,BHEL,150.97,-0.186453
13663,2015-09-30,BHEL,137.03,-0.092336
13664,2015-10-31,BHEL,132.57,-0.032548
13665,2015-11-30,BHEL,116.7,-0.11971
13666,2015-12-31,BHEL,112.77,-0.033676
13667,2016-01-31,BHEL,92.47,-0.180012
13668,2016-02-29,BHEL,60.57,-0.344977
13669,2016-03-31,BHEL,75.9,0.253096
13670,2016-04-30,BHEL,83.6,0.101449
13671,2016-05-31,BHEL,80.33,-0.039115
13672,2016-06-30,BHEL,85.13,0.059754
13673,2016-07-31,BHEL,97.27,0.142605
13674,2016-08-31,BHEL,92.73,-0.046674
13675,2016-09-30,BHEL,89.8,-0.031597
13676,2016-10-31,BHEL,92.67,0.03196
13677,2016-11-30,BHEL,86.77,-0.063667
13678,2016-12-31,BHEL,80.8,-0.068803
13679,2017-01-31,BHEL,91.37,0.130817
13680,2017-02-28,BHEL,108.3,0.185291
13681,2017-03-31,BHEL,108.57,0.002493
13682,2017-04-30,BHEL,117.13,0.078843
13683,2017-05-31,BHEL,92.13,-0.213438
13684,2017-06-30,BHEL,90.2,-0.020949
13685,2017-07-31,BHEL,96.73,0.072395
13686,2017-08-31,BHEL,85.93,-0.111651
13687,2017-09-30,BHEL,83.95,-0.023042
13688,2017-10-31,BHEL,98.0,0.167362
13689,2017-11-30,BHEL,92.0,-0.061224
13690,2017-12-31,BHEL,92.5,0.005435
13691,2018-01-31,BHEL,100.2,0.083243
13692,2018-02-28,BHEL,89.9,-0.102794
13693,2018-03-31,BHEL,81.35,-0.095106
13694,2018-04-30,BHEL,87.8,0.079287
13695,2018-05-31,BHEL,83.65,-0.047267
13696,2018-06-30,BHEL,71.75,-0.142259
13697,2018-07-31,BHEL,74.05,0.032056
13698,2018-08-31,BHEL,80.6,0.088454
13699,2018-09-30,BHEL,68.5,-0.150124
13700,2018-10-31,BHEL,68.75,0.00365
13701,2018-11-30,BHEL,68.15,-0.008727
13702,2018-12-31,BHEL,73.1,0.072634
13703,2019-01-31,BHEL,64.7,-0.114911
13704,2019-02-28,BHEL,64.45,-0.003864
13705,2019-03-31,BHEL,74.95,0.162917
13706,2019-04-30,BHEL,70.8,-0.05537
13707,2019-05-31,BHEL,70.2,-0.008475
13708,2019-06-30,BHEL,73.15,0.042023
13709,2019-07-31,BHEL,58.9,-0.194805
13710,2019-08-31,BHEL,50.55,-0.141766
13711,2019-09-30,BHEL,48.4,-0.042532
13712,2019-10-31,BHEL,56.55,0.168388
13713,2019-11-30,BHEL,53.3,-0.057471
13714,2019-12-31,BHEL,43.45,-0.184803
13715,2020-01-31,BHEL,42.75,-0.01611
13716,2020-02-29,BHEL,30.6,-0.284211
13717,2020-03-31,BHEL,20.8,-0.320261
13718,2020-04-30,BHEL,22.45,0.079327
13719,2020-05-31,BHEL,28.0,0.247216
13720,2020-06-30,BHEL,35.7,0.275
13721,2020-07-31,BHEL,35.95,0.007003
13722,2020-08-31,BHEL,38.55,0.072323
13723,2020-09-30,BHEL,29.25,-0.241245
13724,2020-10-31,BHEL,28.0,-0.042735
13725,2020-11-30,BHEL,32.85,0.173214
13726,2020-12-31,BHEL,35.9,0.092846
13727,2021-01-31,BHEL,36.05,0.004178
13728,2021-02-28,BHEL,47.6,0.320388
13729,2021-03-31,BHEL,48.75,0.02416
13730,2021-04-30,BHEL,48.3,-0.009231
13731,2021-05-31,BHEL,71.05,0.471014
13732,2021-06-30,BHEL,65.55,-0.07741
13733,2021-07-31,BHEL,59.4,-0.093822
13734,2021-08-31,BHEL,52.55,-0.11532
13735,2021-09-30,BHEL,64.65,0.230257
13736,2021-10-31,BHEL,68.25,0.055684
13737,2021-11-30,BHEL,58.9,-0.136996
13738,2021-12-31,BHEL,58.95,0.000849
13739,2022-01-31,BHEL,61.9,0.050042
1438,2015-03-31,BOSCHLTD,25299.5,
1439,2015-04-30,BOSCHLTD,22579.0,-0.107532
1440,2015-05-31,BOSCHLTD,23600.1,0.045223
1441,2015-06-30,BOSCHLTD,21802.0,-0.07619
1442,2015-07-31,BOSCHLTD,24898.9,0.142047
1443,2015-08-31,BOSCHLTD,23211.95,-0.067752
1444,2015-09-30,BOSCHLTD,19370.0,-0.165516
1445,2015-10-31,BOSCHLTD,20440.1,0.055245
1446,2015-11-30,BOSCHLTD,18721.6,-0.084075
1447,2015-12-31,BOSCHLTD,18600.0,-0.006495
1448,2016-01-31,BOSCHLTD,17501.2,-0.059075
1449,2016-02-29,BOSCHLTD,16831.75,-0.038252
1450,2016-03-31,BOSCHLTD,20900.0,0.241701
1451,2016-04-30,BOSCHLTD,19591.0,-0.062632
1452,2016-05-31,BOSCHLTD,22354.0,0.141034
1453,2016-06-30,BOSCHLTD,22600.0,0.011005
1454,2016-07-31,BOSCHLTD,25077.55,0.109626
1455,2016-08-31,BOSCHLTD,24245.0,-0.033199
1456,2016-09-30,BOSCHLTD,22780.0,-0.060425
1457,2016-10-31,BOSCHLTD,21915.0,-0.037972
1458,2016-11-30,BOSCHLTD,20364.3,-0.07076
1459,2016-12-31,BOSCHLTD,21200.0,0.041038
1460,2017-01-31,BOSCHLTD,22100.0,0.042453
1461,2017-02-28,BOSCHLTD,21680.0,-0.019005
1462,2017-03-31,BOSCHLTD,22681.05,0.046174
1463,2017-04-30,BOSCHLTD,22899.95,0.009651
1464,2017-05-31,BOSCHLTD,23311.55,0.017974
1465,2017-06-30,BOSCHLTD,23375.0,0.002722
1466,2017-07-31,BOSCHLTD,24225.0,0.036364
1467,2017-08-31,BOSCHLTD,21913.8,-0.095406
1468,2017-09-30,BOSCHLTD,20500.0,-0.064516
1469,2017-10-31,BOSCHLTD,21000.05,0.024393
1470,2017-11-30,BOSCHLTD,20275.05,-0.034524
1471,2017-12-31,BOSCHLTD,20084.0,-0.009423
1472,2018-01-31,BOSCHLTD,19360.0,-0.036049
1473,2018-02-28,BOSCHLTD,18650.0,-0.036674
1474,2018-03-31,BOSCHLTD,18200.0,-0.024129
1475,2018-04-30,BOSCHLTD,19400.0,0.065934
1476,2018-05-31,BOSCHLTD,18190.0,-0.062371
1477,2018-06-30,BOSCHLTD,17536.2,-0.035943
1478,2018-07-31,BOSCHLTD,18883.0,0.076801
1479,2018-08-31,BOSCHLTD,21951.2,0.162485
1480,2018-09-30,BOSCHLTD,19834.9,-0.096409
1481,2018-10-31,BOSCHLTD,19710.0,-0.006297
1482,2018-11-30,BOSCHLTD,18970.0,-0.037544
1483,2018-12-31,BOSCHLTD,19660.0,0.036373
1484,2019-01-31,BOSCHLTD,18900.0,-0.038657
1485,2019-02-28,BOSCHLTD,18960.0,0.003175
1486,2019-03-31,BOSCHLTD,18200.0,-0.040084
1487,2019-04-30,BOSCHLTD,18001.25,-0.01092
1488,2019-05-31,BOSCHLTD,17750.0,-0.013957
1489,2019-06-30,BOSCHLTD,16361.0,-0.078254
1490,2019-07-31,BOSCHLTD,14273.0,-0.127621
1491,2019-08-31,BOSCHLTD,14385.0,0.007847
1492,2019-09-30,BOSCHLTD,14004.0,-0.026486
1493,2019-10-31,BOSCHLTD,15270.0,0.090403
1494,2019-11-30,BOSCHLTD,16084.1,0.053314
1495,2019-12-31,BOSCHLTD,15340.0,-0.046263
1496,2020-01-31,BOSCHLTD,13875.0,-0.095502
1497,2020-02-29,BOSCHLTD,12140.0,-0.125045
1498,2020-03-31,BOSCHLTD,9400.0,-0.2257
1499,2020-04-30,BOSCHLTD,10610.05,0.128729
1500,2020-05-31,BOSCHLTD,9772.0,-0.078986
1501,2020-06-30,BOSCHLTD,11385.0,0.165063
1502,2020-07-31,BOSCHLTD,13150.0,0.155029
1503,2020-08-31,BOSCHLTD,12843.0,-0.023346
1504,2020-09-30,BOSCHLTD,13723.9,0.06859
1505,2020-10-31,BOSCHLTD,11640.0,-0.151845
1506,2020-11-30,BOSCHLTD,12799.05,0.099575
1507,2020-12-31,BOSCHLTD,12773.9,-0.001965
1508,2021-01-31,BOSCHLTD,15330.0,0.200103
1509,2021-02-28,BOSCHLTD,14905.0,-0.027723
1510,2021-03-31,BOSCHLTD,14065.0,-0.056357
1511,2021-04-30,BOSCHLTD,13520.0,-0.038749
1512,2021-05-31,BOSCHLTD,15253.0,0.12818
1513,2021-06-30,BOSCHLTD,15005.0,-0.016259
1514,2021-07-31,BOSCHLTD,14940.0,-0.004332
1515,2021-08-31,BOSCHLTD,13834.9,-0.073969
1516,2021-09-30,BOSCHLTD,15477.0,0.118693
1517,2021-10-31,BOSCHLTD,16970.0,0.096466
1518,2021-11-30,BOSCHLTD,16165.0,-0.047437
1519,2021-12-31,BOSCHLTD,17330.0,0.072069
1520,2022-01-31,BOSCHLTD,16538.95,-0.045646
1521,2022-02-28,BOSCHLTD,15662.0,-0.053023
1522,2022-03-31,BOSCHLTD,14400.0,-0.080577
1523,2022-04-30,BOSCHLTD,14512.0,0.007778
1524,2022-05-31,BOSCHLTD,14625.95,0.007852
1525,2022-06-30,BOSCHLTD,15240.0,0.041984
1526,2022-07-31,BOSCHLTD,17063.0,0.119619
1527,2022-08-31,BOSCHLTD,17545.0,0.028248
1528,2022-09-30,BOSCHLTD,15834.0,-0.097521
1529,2022-10-31,BOSCHLTD,16465.0,0.039851
1530,2022-11-30,BOSCHLTD,17012.0,0.033222
1531,2022-12-31,BOSCHLTD,17270.0,0.015166
1532,2023-01-31,BOSCHLTD,17124.0,-0.008454
1533,2023-02-28,BOSCHLTD,18020.0,0.052324
1534,2023-03-31,BOSCHLTD,19200.05,0.065486
1535,2023-04-30,BOSCHLTD,19370.0,0.008852
1536,2023-05-31,BOSCHLTD,18500.0,-0.044915
1537,2023-06-30,BOSCHLTD,19117.95,0.033403
1538,2023-07-31,BOSCHLTD,18950.5,-0.008759
1539,2023-08-31,BOSCHLTD,18582.25,-0.019432
1540,2023-09-30,BOSCHLTD,19015.0,0.023288
1541,2023-10-31,BOSCHLTD,19500.0,0.025506
1542,2023-11-30,BOSCHLTD,21719.75,0.113833
1543,2023-12-31,BOSCHLTD,22249.0,0.024367
1544,2024-01-31,BOSCHLTD,23530.8,0.057612
1545,2024-02-29,BOSCHLTD,28750.0,0.221803
1546,2024-03-31,BOSCHLTD,30004.0,0.043617
1547,2024-04-30,BOSCHLTD,29251.0,-0.025097
1548,2024-05-31,BOSCHLTD,30100.0,0.029025
1549,2024-06-30,BOSCHLTD,34000.0,0.129568
1550,2024-07-31,BOSCHLTD,34800.0,0.023529
1551,2024-08-31,BOSCHLTD,32162.0,-0.075805
1552,2024-09-30,BOSCHLTD,37728.0,0.173061
1553,2024-10-31,BOSCHLTD,35014.0,-0.071936
1554,2024-11-30,BOSCHLTD,34856.0,-0.004512
1555,2024-12-31,BOSCHLTD,34124.3,-0.020992
1556,2025-01-31,BOSCHLTD,28768.55,-0.156948
1557,2025-02-28,BOSCHLTD,26530.15,-0.077807
1558,2025-03-31,BOSCHLTD,28200.05,0.062943
1559,2025-04-30,BOSCHLTD,29230.0,0.036523
1560,2025-05-31,BOSCHLTD,31385.0,0.073726
1561,2025-06-30,BOSCHLTD,32600.0,0.038713
1562,2025-07-31,BOSCHLTD,40310.0,0.236503
1563,2025-08-31,BOSCHLTD,38170.0,-0.053089
-1,2006-01-31,BPCL,14.6406,
-1,2006-02-28,BPCL,15.3916,0.051296
-1,2006-03-31,BPCL,15.0311,-0.023422
-1,2006-04-30,BPCL,15.4817,0.029978
-1,2006-05-31,BPCL,14.0044,-0.095422
-1,2006-06-30,BPCL,11.822,-0.155837
-1,2006-07-31,BPCL,11.0427,-0.065919
-1,2006-08-31,BPCL,12.778,0.157145
-1,2006-09-30,BPCL,12.9459,0.01314
-1,2006-10-31,BPCL,14.1688,0.094462
-1,2006-11-30,BPCL,12.1684,-0.141183
-1,2006-12-31,BPCL,12.0291,-0.011448
-1,2007-01-31,BPCL,12.8244,0.066115
-1,2007-02-28,BPCL,11.2591,-0.122056
-1,2007-03-31,BPCL,10.9516,-0.027311
-1,2007-04-30,BPCL,12.0549,0.100743
-1,2007-05-31,BPCL,13.066,0.083875
-1,2007-06-30,BPCL,12.3154,-0.057447
-1,2007-07-31,BPCL,11.6227,-0.056247
-1,2007-08-31,BPCL,11.2591,-0.031284
-1,2007-09-30,BPCL,12.9285,0.148271
-1,2007-10-31,BPCL,12.828,-0.007774
-1,2007-11-30,BPCL,14.4409,0.125733
-1,2007-12-31,BPCL,19.5728,0.355373
-1,2008-01-31,BPCL,13.5139,-0.309557
-1,2008-02-29,BPCL,17.3731,0.285573
-1,2008-03-31,BPCL,15.2706,-0.12102
-1,2008-04-30,BPCL,15.3024,0.002082
-1,2008-05-31,BPCL,13.3401,-0.128235
-1,2008-06-30,BPCL,8.3651,-0.372936
-1,2008-07-31,BPCL,12.2561,0.465147
-1,2008-08-31,BPCL,11.3161,-0.076697
-1,2008-09-30,BPCL,13.4653,0.189924
-1,2008-10-31,BPCL,10.8539,-0.193936
-1,2008-11-30,BPCL,13.4284,0.237196
-1,2008-12-31,BPCL,14.2186,0.058845
-1,2009-01-31,BPCL,14.8178,0.042142
-1,2009-02-28,BPCL,14.4757,-0.023087
-1,2009-03-31,BPCL,14.2167,-0.017892
-1,2009-04-30,BPCL,14.5929,0.026462
-1,2009-05-31,BPCL,17.5681,0.20388
-1,2009-06-30,BPCL,16.2601,-0.074453
-1,2009-07-31,BPCL,17.9197,0.102066
-1,2009-08-31,BPCL,19.1938,0.071101
-1,2009-09-30,BPCL,22.0085,0.146646
-1,2009-10-31,BPCL,19.6085,-0.109049
-1,2009-11-30,BPCL,22.6239,0.15378
-1,2009-12-31,BPCL,24.3664,0.07702
-1,2010-01-31,BPCL,20.7357,-0.149004
-1,2010-02-28,BPCL,21.6213,0.042709
-1,2010-03-31,BPCL,19.8615,-0.081392
-1,2010-04-30,BPCL,19.8404,-0.001062
-1,2010-05-31,BPCL,22.2807,0.122997
-1,2010-06-30,BPCL,25.4092,0.140413
-1,2010-07-31,BPCL,24.5964,-0.031988
-1,2010-08-31,BPCL,29.1856,0.18658
-1,2010-09-30,BPCL,28.737,-0.015371
-1,2010-10-31,BPCL,28.5159,-0.007694
-1,2010-11-30,BPCL,26.3676,-0.075337
-1,2010-12-31,BPCL,25.7173,-0.024663
-1,2011-01-31,BPCL,23.9439,-0.068957
-1,2011-02-28,BPCL,21.6179,-0.097144
-1,2011-03-31,BPCL,23.899,0.105519
-1,2011-04-30,BPCL,24.5904,0.02893
-1,2011-05-31,BPCL,24.7251,0.005478
-1,2011-06-30,BPCL,25.3989,0.027252
-1,2011-07-31,BPCL,25.6958,0.011689
-1,2011-08-31,BPCL,26.35,0.025459
-1,2011-09-30,BPCL,25.3032,-0.039727
-1,2011-10-31,BPCL,24.8281,-0.018776
-1,2011-11-30,BPCL,21.4525,-0.135959
-1,2011-12-31,BPCL,19.0538,-0.111814
-1,2012-01-31,BPCL,22.8163,0.197467
-1,2012-02-29,BPCL,26.4093,0.157475
-1,2012-03-31,BPCL,27.9247,0.057381
-1,2012-04-30,BPCL,26.7443,-0.042271
-1,2012-05-31,BPCL,27.821,0.040259
-1,2012-06-30,BPCL,29.6674,0.066367
-1,2012-07-31,BPCL,28.9755,-0.023322
-1,2012-08-31,BPCL,27.0857,-0.065221
-1,2012-09-30,BPCL,28.2061,0.041365
-1,2012-10-31,BPCL,27.3041,-0.031979
-1,2012-11-30,BPCL,28.109,0.029479
-1,2012-12-31,BPCL,28.8249,0.025469
-1,2013-01-31,BPCL,33.201,0.151817
-1,2013-02-28,BPCL,30.0867,-0.093801
-1,2013-03-31,BPCL,30.5518,0.015459
-1,2013-04-30,BPCL,33.5083,0.09677
-1,2013-05-31,BPCL,30.4831,-0.090282
-1,2013-06-30,BPCL,29.6823,-0.02627
-1,2013-07-31,BPCL,26.1879,-0.117727
-1,2013-08-31,BPCL,22.0827,-0.156759
-1,2013-09-30,BPCL,26.7945,0.213371
-1,2013-10-31,BPCL,30.2416,0.12865
-1,2013-11-30,BPCL,28.5972,-0.054375
-1,2013-12-31,BPCL,29.2617,0.023237
-1,2014-01-31,BPCL,30.5065,0.04254
-1,2014-02-28,BPCL,31.7934,0.042184
-1,2014-03-31,BPCL,38.6946,0.217064
-1,2014-04-30,BPCL,38.2614,-0.011195
-1,2014-05-31,BPCL,43.8968,0.147287
-1,2014-06-30,BPCL,50.4994,0.150412
-1,2014-07-31,BPCL,48.7961,-0.033729
-1,2014-08-31,BPCL,58.3972,0.19676
-1,2014-09-30,BPCL,55.1254,-0.056027
-1,2014-10-31,BPCL,62.474,0.133307
-1,2014-11-30,BPCL,64.3273,0.029665
-1,2014-12-31,BPCL,55.6857,-0.134338
-1,2015-01-31,BPCL,64.5514,0.15921
-1,2015-02-28,BPCL,64.1549,-0.006142
1942,2015-03-31,BPCL,124.3,0.937498
1943,2015-04-30,BPCL,116.85,-0.059936
1944,2015-05-31,BPCL,130.9,0.12024
1945,2015-06-30,BPCL,135.85,0.037815
1946,2015-07-31,BPCL,145.0,0.067354
1947,2015-08-31,BPCL,136.8,-0.056552
1948,2015-09-30,BPCL,131.0,-0.042398
1949,2015-10-31,BPCL,134.6,0.027481
1950,2015-11-30,BPCL,140.1,0.040862
1951,2015-12-31,BPCL,138.15,-0.013919
1952,2016-01-31,BPCL,137.8,-0.002533
1953,2016-02-29,BPCL,119.0,-0.13643
1954,2016-03-31,BPCL,140.4,0.179832
1955,2016-04-30,BPCL,152.55,0.086538
1956,2016-05-31,BPCL,152.6,0.000328
1957,2016-06-30,BPCL,169.0,0.107471
1958,2016-07-31,BPCL,187.2,0.107692
1959,2016-08-31,BPCL,190.1,0.015491
1960,2016-09-30,BPCL,194.0,0.020516
1961,2016-10-31,BPCL,212.4,0.094845
1962,2016-11-30,BPCL,204.4,-0.037665
1963,2016-12-31,BPCL,200.8,-0.017613
1964,2017-01-31,BPCL,216.7,0.079183
1965,2017-02-28,BPCL,212.65,-0.018689
1966,2017-03-31,BPCL,205.9,-0.031742
1967,2017-04-30,BPCL,231.25,0.123118
1968,2017-05-31,BPCL,236.0,0.020541
1969,2017-06-30,BPCL,202.2,-0.14322
1970,2017-07-31,BPCL,225.0,0.11276
1971,2017-08-31,BPCL,253.9,0.128444
1972,2017-09-30,BPCL,227.0,-0.105947
1973,2017-10-31,BPCL,259.75,0.144273
1974,2017-11-30,BPCL,241.0,-0.072185
1975,2017-12-31,BPCL,248.25,0.030083
1976,2018-01-31,BPCL,234.5,-0.055388
1977,2018-02-28,BPCL,204.1,-0.129638
1978,2018-03-31,BPCL,203.3,-0.00392
1979,2018-04-30,BPCL,182.8,-0.100836
1980,2018-05-31,BPCL,192.5,0.053063
1981,2018-06-30,BPCL,177.0,-0.080519
1982,2018-07-31,BPCL,184.75,0.043785
1983,2018-08-31,BPCL,170.25,-0.078484
1984,2018-09-30,BPCL,177.0,0.039648
1985,2018-10-31,BPCL,126.4,-0.285876
1986,2018-11-30,BPCL,152.5,0.206487
1987,2018-12-31,BPCL,171.0,0.121311
1988,2019-01-31,BPCL,163.0,-0.046784
1989,2019-02-28,BPCL,158.75,-0.026074
1990,2019-03-31,BPCL,188.4,0.186772
1991,2019-04-30,BPCL,179.55,-0.046975
1992,2019-05-31,BPCL,193.5,0.077694
1993,2019-06-30,BPCL,185.25,-0.042636
1994,2019-07-31,BPCL,162.0,-0.125506
1995,2019-08-31,BPCL,167.2,0.032099
1996,2019-09-30,BPCL,226.0,0.351675
1997,2019-10-31,BPCL,252.3,0.116372
1998,2019-11-30,BPCL,244.55,-0.030717
1999,2019-12-31,BPCL,235.2,-0.038233
2000,2020-01-31,BPCL,217.6,-0.07483
2001,2020-02-29,BPCL,200.85,-0.076976
2002,2020-03-31,BPCL,145.2,-0.277072
2003,2020-04-30,BPCL,175.4,0.207989
2004,2020-05-31,BPCL,159.7,-0.08951
2005,2020-06-30,BPCL,176.4,0.104571
2006,2020-07-31,BPCL,196.5,0.113946
2007,2020-08-31,BPCL,192.4,-0.020865
2008,2020-09-30,BPCL,165.25,-0.141112
2009,2020-10-31,BPCL,166.4,0.006959
2010,2020-11-30,BPCL,175.75,0.05619
2011,2020-12-31,BPCL,180.3,0.025889
2012,2021-01-31,BPCL,182.4,0.011647
2013,2021-02-28,BPCL,214.45,0.175713
2014,2021-03-31,BPCL,203.4,-0.051527
2015,2021-04-30,BPCL,200.55,-0.014012
2016,2021-05-31,BPCL,225.6,0.124907
2017,2021-06-30,BPCL,223.75,-0.0082
2018,2021-07-31,BPCL,212.3,-0.051173
2019,2021-08-31,BPCL,225.4,0.061705
2020,2021-09-30,BPCL,205.25,-0.089397
2021,2021-10-31,BPCL,199.2,-0.029476
2022,2021-11-30,BPCL,173.85,-0.127259
2023,2021-12-31,BPCL,182.25,0.048318
2024,2022-01-31,BPCL,188.0,0.03155
2025,2022-02-28,BPCL,164.25,-0.12633
2026,2022-03-31,BPCL,169.05,0.029224
2027,2022-04-30,BPCL,170.9,0.010944
2028,2022-05-31,BPCL,153.4,-0.102399
2029,2022-06-30,BPCL,143.3,-0.065841
2030,2022-07-31,BPCL,154.4,0.07746
2031,2022-08-31,BPCL,154.0,-0.002591
2032,2022-09-30,BPCL,142.05,-0.077597
2033,2022-10-31,BPCL,141.3,-0.00528
2034,2022-11-30,BPCL,160.2,0.133758
2035,2022-12-31,BPCL,155.0,-0.032459
2036,2023-01-31,BPCL,161.4,0.04129
2037,2023-02-28,BPCL,147.7,-0.084882
2038,2023-03-31,BPCL,161.5,0.093433
2039,2023-04-30,BPCL,167.65,0.03808
2040,2023-05-31,BPCL,171.8,0.024754
2041,2023-06-30,BPCL,172.0,0.001164
2042,2023-07-31,BPCL,178.0,0.034884
2043,2023-08-31,BPCL,159.8,-0.102247
2044,2023-09-30,BPCL,163.0,0.020025
2045,2023-10-31,BPCL,164.4,0.008589
2046,2023-11-30,BPCL,208.0,0.265207
2047,2023-12-31,BPCL,225.5,0.084135
2048,2024-01-31,BPCL,251.1,0.113525
2049,2024-02-29,BPCL,303.7,0.209478
2050,2024-03-31,BPCL,302.0,-0.005598
2051,2024-04-30,BPCL,305.1,0.010265
2052,2024-05-31,BPCL,314.3,0.030154
2053,2024-06-30,BPCL,303.25,-0.035157
2054,2024-07-31,BPCL,351.0,0.157461
2055,2024-08-31,BPCL,357.0,0.017094
2056,2024-09-30,BPCL,369.5,0.035014
2057,2024-10-31,BPCL,311.3,-0.15751
2058,2024-11-30,BPCL,292.5,-0.060392
2059,2024-12-31,BPCL,292.1,-0.001368
2060,2025-01-31,BPCL,261.5,-0.104759
2061,2025-02-28,BPCL,238.0,-0.089866
2062,2025-03-31,BPCL,278.35,0.169538
2063,2025-04-30,BPCL,309.95,0.113526
2064,2025-05-31,BPCL,317.5,0.024359
2065,2025-06-30,BPCL,331.5,0.044094
2066,2025-07-31,BPCL,327.15,-0.013122
2067,2025-08-31,BPCL,315.75,-0.034846
11142,2015-03-31,BRITANNIA,1077.75,
11143,2015-04-30,BRITANNIA,1100.0,0.020645
11144,2015-05-31,BRITANNIA,1273.5,0.157727
11145,2015-06-30,BRITANNIA,1380.0,0.083628
11146,2015-07-31,BRITANNIA,1578.2,0.143623
11147,2015-08-31,BRITANNIA,1464.5,-0.072044
11148,2015-09-30,BRITANNIA,1543.27,0.053786
11149,2015-10-31,BRITANNIA,1606.0,0.040647
11150,2015-11-30,BRITANNIA,1460.0,-0.090909
11151,2015-12-31,BRITANNIA,1490.0,0.020548
11152,2016-01-31,BRITANNIA,1345.0,-0.097315
11153,2016-02-29,BRITANNIA,1375.0,0.022305
11154,2016-03-31,BRITANNIA,1346.0,-0.021091
11155,2016-04-30,BRITANNIA,1429.0,0.061664
11156,2016-05-31,BRITANNIA,1350.2,-0.055143
11157,2016-06-30,BRITANNIA,1376.87,0.019753
11158,2016-07-31,BRITANNIA,1466.12,0.064821
11159,2016-08-31,BRITANNIA,1730.15,0.180088
11160,2016-09-30,BRITANNIA,1684.5,-0.026385
11161,2016-10-31,BRITANNIA,1660.0,-0.014544
11162,2016-11-30,BRITANNIA,1521.17,-0.083633
11163,2016-12-31,BRITANNIA,1441.5,-0.052374
11164,2017-01-31,BRITANNIA,1566.0,0.086368
11165,2017-02-28,BRITANNIA,1611.0,0.028736
11166,2017-03-31,BRITANNIA,1680.0,0.042831
11167,2017-04-30,BRITANNIA,1817.5,0.081845
11168,2017-05-31,BRITANNIA,1767.5,-0.02751
11169,2017-06-30,BRITANNIA,1847.02,0.04499
11170,2017-07-31,BRITANNIA,1947.65,0.054482
11171,2017-08-31,BRITANNIA,2107.55,0.082099
11172,2017-09-30,BRITANNIA,2172.5,0.030818
11173,2017-10-31,BRITANNIA,2315.47,0.065809
11174,2017-11-30,BRITANNIA,2420.0,0.045144
11175,2017-12-31,BRITANNIA,2360.17,-0.024723
11176,2018-01-31,BRITANNIA,2333.32,-0.011376
11177,2018-02-28,BRITANNIA,2488.45,0.066485
11178,2018-03-31,BRITANNIA,2485.3,-0.001266
11179,2018-04-30,BRITANNIA,2755.0,0.108518
11180,2018-05-31,BRITANNIA,2972.0,0.078766
11181,2018-06-30,BRITANNIA,3120.0,0.049798
11182,2018-07-31,BRITANNIA,3276.0,0.05
11183,2018-08-31,BRITANNIA,3372.5,0.029457
11184,2018-09-30,BRITANNIA,2925.47,-0.132552
11185,2018-10-31,BRITANNIA,2811.07,-0.039105
11186,2018-11-30,BRITANNIA,3132.8,0.114451
11187,2018-12-31,BRITANNIA,3120.0,-0.004086
11188,2019-01-31,BRITANNIA,3195.0,0.024038
11189,2019-02-28,BRITANNIA,3059.0,-0.042567
11190,2019-03-31,BRITANNIA,3083.85,0.008124
11191,2019-04-30,BRITANNIA,2899.0,-0.059941
11192,2019-05-31,BRITANNIA,2934.85,0.012366
11193,2019-06-30,BRITANNIA,2747.1,-0.063973
11194,2019-07-31,BRITANNIA,2620.0,-0.046267
11195,2019-08-31,BRITANNIA,2705.0,0.032443
11196,2019-09-30,BRITANNIA,2951.0,0.090943
11197,2019-10-31,BRITANNIA,3275.95,0.110115
11198,2019-11-30,BRITANNIA,3056.0,-0.067141
11199,2019-12-31,BRITANNIA,3036.0,-0.006545
11200,2020-01-31,BRITANNIA,3190.65,0.050939
11201,2020-02-29,BRITANNIA,2965.0,-0.070722
11202,2020-03-31,BRITANNIA,2687.2,-0.093693
11203,2020-04-30,BRITANNIA,3161.05,0.176336
11204,2020-05-31,BRITANNIA,3381.0,0.069581
11205,2020-06-30,BRITANNIA,3604.0,0.065957
11206,2020-07-31,BRITANNIA,3831.0,0.062986
11207,2020-08-31,BRITANNIA,3721.0,-0.028713
11208,2020-09-30,BRITANNIA,3795.5,0.020021
11209,2020-10-31,BRITANNIA,3478.3,-0.083573
11210,2020-11-30,BRITANNIA,3550.0,0.020614
11211,2020-12-31,BRITANNIA,3572.5,0.006338
11212,2021-01-31,BRITANNIA,3508.0,-0.018055
11213,2021-02-28,BRITANNIA,3360.4,-0.042075
11214,2021-03-31,BRITANNIA,3610.0,0.074277
11215,2021-04-30,BRITANNIA,3444.8,-0.045762
11216,2021-05-31,BRITANNIA,3445.0,5.8e-05
11217,2021-06-30,BRITANNIA,3652.9,0.060348
11218,2021-07-31,BRITANNIA,3425.05,-0.062375
11219,2021-08-31,BRITANNIA,3984.6,0.16337
11220,2021-09-30,BRITANNIA,3950.0,-0.008683
11221,2021-10-31,BRITANNIA,3670.0,-0.070886
11222,2021-11-30,BRITANNIA,3550.0,-0.032698
11223,2021-12-31,BRITANNIA,3614.0,0.018028
11224,2022-01-31,BRITANNIA,3544.2,-0.019314
11225,2022-02-28,BRITANNIA,3418.0,-0.035607
11226,2022-03-31,BRITANNIA,3209.0,-0.061147
11227,2022-04-30,BRITANNIA,3288.0,0.024618
11228,2022-05-31,BRITANNIA,3666.0,0.114964
11229,2022-06-30,BRITANNIA,3441.0,-0.061375
11230,2022-07-31,BRITANNIA,3892.6,0.131241
11231,2022-08-31,BRITANNIA,3741.0,-0.038946
11232,2022-09-30,BRITANNIA,3850.0,0.029137
11233,2022-10-31,BRITANNIA,3763.55,-0.022455
11234,2022-11-30,BRITANNIA,4370.0,0.161138
11235,2022-12-31,BRITANNIA,4315.55,-0.01246
11236,2023-01-31,BRITANNIA,4325.0,0.00219
11237,2023-02-28,BRITANNIA,4467.8,0.033017
11238,2023-03-31,BRITANNIA,4321.5,-0.032745
11239,2023-04-30,BRITANNIA,4533.5,0.049057
11240,2023-05-31,BRITANNIA,4626.0,0.020404
11241,2023-06-30,BRITANNIA,5025.0,0.086252
11242,2023-07-31,BRITANNIA,4810.0,-0.042786
11243,2023-08-31,BRITANNIA,4462.9,-0.072162
11244,2023-09-30,BRITANNIA,4530.1,0.015057
11245,2023-10-31,BRITANNIA,4428.05,-0.022527
11246,2023-11-30,BRITANNIA,4870.0,0.099807
11247,2023-12-31,BRITANNIA,5340.8,0.096674
11248,2024-01-31,BRITANNIA,5173.1,-0.0314
11249,2024-02-29,BRITANNIA,4980.0,-0.037328
11250,2024-03-31,BRITANNIA,4943.9,-0.007249
11251,2024-04-30,BRITANNIA,4780.0,-0.033152
11252,2024-05-31,BRITANNIA,5192.05,0.086203
11253,2024-06-30,BRITANNIA,5455.0,0.050645
11254,2024-07-31,BRITANNIA,5800.0,0.063245
11255,2024-08-31,BRITANNIA,5866.0,0.011379
11256,2024-09-30,BRITANNIA,6339.0,0.080634
11257,2024-10-31,BRITANNIA,5730.0,-0.096072
11258,2024-11-30,BRITANNIA,4939.0,-0.138045
11259,2024-12-31,BRITANNIA,4765.0,-0.03523
11260,2025-01-31,BRITANNIA,5129.05,0.076401
11261,2025-02-28,BRITANNIA,4591.9,-0.104727
11262,2025-03-31,BRITANNIA,4950.0,0.077985
11263,2025-04-30,BRITANNIA,5415.1,0.09396
11264,2025-05-31,BRITANNIA,5496.0,0.01494
11265,2025-06-30,BRITANNIA,5825.0,0.059862
11266,2025-07-31,BRITANNIA,5765.0,-0.0103
11267,2025-08-31,BRITANNIA,5402.5,-0.062879
10638,2015-03-31,CANBK,67.7,
10639,2015-04-30,CANBK,69.97,0.03353
10640,2015-05-31,CANBK,63.31,-0.095184
10641,2015-06-30,CANBK,50.42,-0.203601
10642,2015-07-31,CANBK,50.13,-0.005752
10643,2015-08-31,CANBK,51.82,0.033712
10644,2015-09-30,CANBK,50.95,-0.016789
10645,2015-10-31,CANBK,50.13,-0.016094
10646,2015-11-30,CANBK,49.26,-0.017355
10647,2015-12-31,CANBK,41.98,-0.147787
10648,2016-01-31,CANBK,34.01,-0.189852
10649,2016-02-29,CANBK,27.59,-0.188768
10650,2016-03-31,CANBK,33.67,0.22037
10651,2016-04-30,CANBK,36.52,0.084645
10652,2016-05-31,CANBK,36.67,0.004107
10653,2016-06-30,CANBK,38.98,0.062994
10654,2016-07-31,CANBK,45.21,0.159826
10655,2016-08-31,CANBK,50.91,0.126078
10656,2016-09-30,CANBK,56.65,0.112748
10657,2016-10-31,CANBK,57.42,0.013592
10658,2016-11-30,CANBK,58.58,0.020202
10659,2016-12-31,CANBK,47.62,-0.187095
10660,2017-01-31,CANBK,51.92,0.090298
10661,2017-02-28,CANBK,54.04,0.040832
10662,2017-03-31,CANBK,55.54,0.027757
10663,2017-04-30,CANBK,66.01,0.188513
10664,2017-05-31,CANBK,64.86,-0.017422
10665,2017-06-30,CANBK,60.32,-0.069997
10666,2017-07-31,CANBK,67.9,0.125663
10667,2017-08-31,CANBK,62.68,-0.076878
10668,2017-09-30,CANBK,56.51,-0.098437
10669,2017-10-31,CANBK,75.52,0.336401
10670,2017-11-30,CANBK,68.96,-0.086864
10671,2017-12-31,CANBK,66.45,-0.036398
10672,2018-01-31,CANBK,62.54,-0.058841
10673,2018-02-28,CANBK,54.53,-0.128078
10674,2018-03-31,CANBK,47.82,-0.123052
10675,2018-04-30,CANBK,48.3,0.010038
10676,2018-05-31,CANBK,46.71,-0.032919
10677,2018-06-30,CANBK,45.4,-0.028045
10678,2018-07-31,CANBK,51.82,0.14141
10679,2018-08-31,CANBK,51.68,-0.002702
10680,2018-09-30,CANBK,39.42,-0.237229
10681,2018-10-31,CANBK,47.43,0.203196
10682,2018-11-30,CANBK,45.98,-0.030571
10683,2018-12-31,CANBK,49.89,0.085037
10684,2019-01-31,CANBK,45.26,-0.092804
10685,2019-02-28,CANBK,41.64,-0.079982
10686,2019-03-31,CANBK,53.17,0.276897
10687,2019-04-30,CANBK,47.0,-0.116043
10688,2019-05-31,CANBK,48.3,0.02766
10689,2019-06-30,CANBK,51.73,0.071014
10690,2019-07-31,CANBK,42.31,-0.182099
10691,2019-08-31,CANBK,39.42,-0.068305
10692,2019-09-30,CANBK,32.13,-0.184932
10693,2019-10-31,CANBK,36.04,0.121693
10694,2019-11-30,CANBK,40.67,0.128468
10695,2019-12-31,CANBK,39.61,-0.026063
10696,2020-01-31,CANBK,35.94,-0.092653
10697,2020-02-29,CANBK,24.36,-0.322204
10698,2020-03-31,CANBK,14.56,-0.402299
10699,2020-04-30,CANBK,13.83,-0.050137
10700,2020-05-31,CANBK,13.01,-0.059291
10701,2020-06-30,CANBK,16.34,0.255957
10702,2020-07-31,CANBK,16.59,0.0153
10703,2020-08-31,CANBK,17.55,0.057866
10704,2020-09-30,CANBK,14.03,-0.20057
10705,2020-10-31,CANBK,13.59,-0.031361
10706,2020-11-30,CANBK,16.92,0.245033
10707,2020-12-31,CANBK,21.8,0.288416
10708,2021-01-31,CANBK,22.62,0.037615
10709,2021-02-28,CANBK,27.25,0.204686
10710,2021-03-31,CANBK,26.24,-0.037064
10711,2021-04-30,CANBK,23.58,-0.101372
10712,2021-05-31,CANBK,27.88,0.182358
10713,2021-06-30,CANBK,26.24,-0.058824
10714,2021-07-31,CANBK,26.38,0.005335
10715,2021-08-31,CANBK,27.54,0.043973
10716,2021-09-30,CANBK,30.25,0.098402
10717,2021-10-31,CANBK,38.21,0.26314
10718,2021-11-30,CANBK,35.22,-0.078252
10719,2021-12-31,CANBK,35.46,0.006814
10720,2022-01-31,CANBK,45.64,0.287084
10721,2022-02-28,CANBK,39.22,-0.140666
10722,2022-03-31,CANBK,40.91,0.04309
10723,2022-04-30,CANBK,41.11,0.004889
10724,2022-05-31,CANBK,36.47,-0.112868
10725,2022-06-30,CANBK,31.84,-0.126954
10726,2022-07-31,CANBK,39.76,0.248744
10727,2022-08-31,CANBK,43.42,0.092052
10728,2022-09-30,CANBK,41.2,-0.051129
10729,2022-10-31,CANBK,53.03,0.287136
10730,2022-11-30,CANBK,57.71,0.088252
10731,2022-12-31,CANBK,61.19,0.060302
10732,2023-01-31,CANBK,55.64,-0.090701
10733,2023-02-28,CANBK,50.81,-0.086808
10734,2023-03-31,CANBK,51.63,0.016139
10735,2023-04-30,CANBK,58.0,0.123378
10736,2023-05-31,CANBK,56.55,-0.025
10737,2023-06-30,CANBK,55.2,-0.023873
10738,2023-07-31,CANBK,63.36,0.147826
10739,2023-08-31,CANBK,58.97,-0.069287
10740,2023-09-30,CANBK,69.68,0.181618
10741,2023-10-31,CANBK,70.94,0.018083
10742,2023-11-30,CANBK,74.99,0.05709
10743,2023-12-31,CANBK,81.27,0.083744
10744,2024-01-31,CANBK,89.76,0.104467
10745,2024-02-29,CANBK,106.51,0.186609
10746,2024-03-31,CANBK,109.36,0.026758
10747,2024-04-30,CANBK,116.8,0.068032
10748,2024-05-31,CANBK,110.81,-0.051284
10749,2024-06-30,CANBK,115.37,0.041152
10750,2024-07-31,CANBK,110.66,-0.040825
10751,2024-08-31,CANBK,107.65,-0.0272
10752,2024-09-30,CANBK,107.2,-0.00418
10753,2024-10-31,CANBK,99.46,-0.072201
10754,2024-11-30,CANBK,98.46,-0.010054
10755,2024-12-31,CANBK,96.6,-0.018891
10756,2025-01-31,CANBK,90.02,-0.068116
10757,2025-02-28,CANBK,78.38,-0.129305
10758,2025-03-31,CANBK,86.03,0.097601
10759,2025-04-30,CANBK,93.84,0.090782
10760,2025-05-31,CANBK,110.64,0.179028
10761,2025-06-30,CANBK,114.09,0.031182
10762,2025-07-31,CANBK,107.11,-0.06118
10763,2025-08-31,CANBK,108.77,0.015498
2807,2015-03-31,CGPOWER,165.7,
2808,2015-04-30,CGPOWER,168.5,0.016898
2809,2015-05-31,CGPOWER,169.0,0.002967
2810,2015-06-30,CGPOWER,162.45,-0.038757
2811,2015-07-31,CGPOWER,184.5,0.135734
2812,2015-08-31,CGPOWER,170.4,-0.076423
2813,2015-09-30,CGPOWER,172.1,0.009977
2814,2015-10-31,CGPOWER,173.95,0.01075
2815,2015-11-30,CGPOWER,192.8,0.108364
2816,2015-12-31,CGPOWER,192.8,0.0
2817,2016-01-31,CGPOWER,171.7,-0.10944
2818,2016-02-29,CGPOWER,131.45,-0.234421
2819,2016-03-31,CGPOWER,48.95,-0.627615
2820,2016-04-30,CGPOWER,57.55,0.175689
2821,2016-05-31,CGPOWER,65.95,0.14596
2822,2016-06-30,CGPOWER,73.9,0.120546
2823,2016-07-31,CGPOWER,79.0,0.069012
2824,2016-08-31,CGPOWER,83.45,0.056329
2825,2016-09-30,CGPOWER,75.35,-0.097064
2826,2016-10-31,CGPOWER,76.7,0.017916
2827,2016-11-30,CGPOWER,77.95,0.016297
2828,2016-12-31,CGPOWER,59.35,-0.238614
2829,2017-01-31,CGPOWER,64.25,0.082561
2830,2017-02-28,CGPOWER,69.05,0.074708
2831,2017-03-31,CGPOWER,77.8,0.12672
2832,2017-04-30,CGPOWER,78.75,0.012211
2833,2017-05-31,CGPOWER,82.5,0.047619
2834,2017-06-30,CGPOWER,82.8,0.003636
2835,2017-07-31,CGPOWER,84.95,0.025966
2836,2017-08-31,CGPOWER,81.0,-0.046498
2837,2017-09-30,CGPOWER,78.8,-0.02716
2838,2017-10-31,CGPOWER,82.95,0.052665
2839,2017-11-30,CGPOWER,86.6,0.044002
2840,2017-12-31,CGPOWER,92.6,0.069284
2841,2018-01-31,CGPOWER,90.7,-0.020518
2842,2018-02-28,CGPOWER,83.55,-0.078831
2843,2018-03-31,CGPOWER,77.2,-0.076002
2844,2018-04-30,CGPOWER,83.9,0.086788
2845,2018-05-31,CGPOWER,60.65,-0.277116
2846,2018-06-30,CGPOWER,55.9,-0.078318
2847,2018-07-31,CGPOWER,63.65,0.13864
2848,2018-08-31,CGPOWER,59.2,-0.069914
2849,2018-09-30,CGPOWER,44.8,-0.243243
2850,2018-10-31,CGPOWER,35.3,-0.212054
2851,2018-11-30,CGPOWER,38.75,0.097734
2852,2018-12-31,CGPOWER,45.0,0.16129
2853,2019-01-31,CGPOWER,37.65,-0.163333
2854,2019-02-28,CGPOWER,32.4,-0.139442
2855,2019-03-31,CGPOWER,42.45,0.310185
2856,2019-04-30,CGPOWER,37.7,-0.111896
2857,2019-05-31,CGPOWER,35.3,-0.06366
2858,2019-06-30,CGPOWER,28.5,-0.192635
2859,2019-07-31,CGPOWER,18.1,-0.364912
2860,2019-08-31,CGPOWER,10.5,-0.41989
2861,2019-09-30,CGPOWER,14.15,0.347619
2862,2019-10-31,CGPOWER,14.55,0.028269
2863,2019-11-30,CGPOWER,13.65,-0.061856
2864,2019-12-31,CGPOWER,10.9,-0.201465
2865,2020-01-31,CGPOWER,9.6,-0.119266
2866,2020-02-29,CGPOWER,7.0,-0.270833
2867,2020-03-31,CGPOWER,5.1,-0.271429
2868,2020-04-30,CGPOWER,8.0,0.568627
2869,2020-05-31,CGPOWER,6.0,-0.25
2870,2020-06-30,CGPOWER,8.55,0.425
2871,2020-07-31,CGPOWER,9.3,0.087719
2872,2020-08-31,CGPOWER,22.4,1.408602
2873,2020-09-30,CGPOWER,24.0,0.071429
2874,2020-10-31,CGPOWER,31.4,0.308333
2875,2020-11-30,CGPOWER,41.2,0.312102
2876,2020-12-31,CGPOWER,44.7,0.084951
2877,2021-01-31,CGPOWER,39.8,-0.10962
2878,2021-02-28,CGPOWER,56.2,0.41206
2879,2021-03-31,CGPOWER,67.95,0.209075
2880,2021-04-30,CGPOWER,69.5,0.022811
2881,2021-05-31,CGPOWER,85.8,0.234532
2882,2021-06-30,CGPOWER,79.1,-0.078089
2883,2021-07-31,CGPOWER,77.85,-0.015803
2884,2021-08-31,CGPOWER,85.6,0.09955
2885,2021-09-30,CGPOWER,122.95,0.436332
2886,2021-10-31,CGPOWER,148.25,0.205775
2887,2021-11-30,CGPOWER,148.0,-0.001686
2888,2021-12-31,CGPOWER,195.0,0.317568
2889,2022-01-31,CGPOWER,175.45,-0.100256
2890,2022-02-28,CGPOWER,173.95,-0.008549
2891,2022-03-31,CGPOWER,189.05,0.086807
2892,2022-04-30,CGPOWER,198.0,0.047342
2893,2022-05-31,CGPOWER,182.0,-0.080808
2894,2022-06-30,CGPOWER,191.4,0.051648
2895,2022-07-31,CGPOWER,224.35,0.172153
2896,2022-08-31,CGPOWER,224.75,0.001783
2897,2022-09-30,CGPOWER,234.45,0.043159
2898,2022-10-31,CGPOWER,259.85,0.108339
2899,2022-11-30,CGPOWER,280.0,0.077545
2900,2022-12-31,CGPOWER,269.0,-0.039286
2901,2023-01-31,CGPOWER,301.75,0.121747
2902,2023-02-28,CGPOWER,302.85,0.003645
2903,2023-03-31,CGPOWER,299.5,-0.011062
2904,2023-04-30,CGPOWER,307.75,0.027546
2905,2023-05-31,CGPOWER,390.0,0.267262
2906,2023-06-30,CGPOWER,377.0,-0.033333
2907,2023-07-31,CGPOWER,400.8,0.06313
2908,2023-08-31,CGPOWER,419.0,0.045409
2909,2023-09-30,CGPOWER,444.2,0.060143
2910,2023-10-31,CGPOWER,389.2,-0.123818
2911,2023-11-30,CGPOWER,450.15,0.156603
2912,2023-12-31,CGPOWER,452.0,0.00411
2913,2024-01-31,CGPOWER,466.05,0.031084
2914,2024-02-29,CGPOWER,448.45,-0.037764
2915,2024-03-31,CGPOWER,537.0,0.197458
2916,2024-04-30,CGPOWER,553.75,0.031192
2917,2024-05-31,CGPOWER,643.7,0.162438
2918,2024-06-30,CGPOWER,703.8,0.093366
2919,2024-07-31,CGPOWER,739.3,0.05044
2920,2024-08-31,CGPOWER,695.9,-0.058704
2921,2024-09-30,CGPOWER,760.0,0.092111
2922,2024-10-31,CGPOWER,702.85,-0.075197
2923,2024-11-30,CGPOWER,732.0,0.041474
2924,2024-12-31,CGPOWER,727.0,-0.006831
2925,2025-01-31,CGPOWER,638.7,-0.121458
2926,2025-02-28,CGPOWER,571.3,-0.105527
2927,2025-03-31,CGPOWER,635.95,0.113163
2928,2025-04-30,CGPOWER,624.4,-0.018162
2929,2025-05-31,CGPOWER,682.55,0.093129
2930,2025-06-30,CGPOWER,681.1,-0.002124
2931,2025-07-31,CGPOWER,660.5,-0.030245
2932,2025-08-31,CGPOWER,680.35,0.030053
3189,2015-03-31,CHOLAFIN,117.4,
3190,2015-04-30,CHOLAFIN,117.75,0.002981
3191,2015-05-31,CHOLAFIN,116.1,-0.014013
3192,2015-06-30,CHOLAFIN,125.1,0.077519
3193,2015-07-31,CHOLAFIN,137.5,0.099121
3194,2015-08-31,CHOLAFIN,121.0,-0.12
3195,2015-09-30,CHOLAFIN,130.5,0.078512
3196,2015-10-31,CHOLAFIN,126.0,-0.034483
3197,2015-11-30,CHOLAFIN,129.0,0.02381
3198,2015-12-31,CHOLAFIN,127.0,-0.015504
3199,2016-01-31,CHOLAFIN,126.6,-0.00315
3200,2016-02-29,CHOLAFIN,128.8,0.017378
3201,2016-03-31,CHOLAFIN,143.9,0.117236
3202,2016-04-30,CHOLAFIN,160.0,0.111883
3203,2016-05-31,CHOLAFIN,194.8,0.2175
3204,2016-06-30,CHOLAFIN,188.9,-0.030287
3205,2016-07-31,CHOLAFIN,218.8,0.158285
3206,2016-08-31,CHOLAFIN,232.0,0.060329
3207,2016-09-30,CHOLAFIN,235.6,0.015517
3208,2016-10-31,CHOLAFIN,235.4,-0.000849
3209,2016-11-30,CHOLAFIN,194.0,-0.175871
3210,2016-12-31,CHOLAFIN,188.8,-0.026804
3211,2017-01-31,CHOLAFIN,206.0,0.091102
3212,2017-02-28,CHOLAFIN,194.2,-0.057282
3213,2017-03-31,CHOLAFIN,192.95,-0.006437
3214,2017-04-30,CHOLAFIN,222.0,0.150557
3215,2017-05-31,CHOLAFIN,206.0,-0.072072
3216,2017-06-30,CHOLAFIN,224.0,0.087379
3217,2017-07-31,CHOLAFIN,240.0,0.071429
3218,2017-08-31,CHOLAFIN,234.0,-0.025
3219,2017-09-30,CHOLAFIN,217.6,-0.070085
3220,2017-10-31,CHOLAFIN,230.0,0.056985
3221,2017-11-30,CHOLAFIN,255.05,0.108913
3222,2017-12-31,CHOLAFIN,259.2,0.016271
3223,2018-01-31,CHOLAFIN,258.2,-0.003858
3224,2018-02-28,CHOLAFIN,294.0,0.138652
3225,2018-03-31,CHOLAFIN,293.6,-0.001361
3226,2018-04-30,CHOLAFIN,347.2,0.182561
3227,2018-05-31,CHOLAFIN,308.05,-0.112759
3228,2018-06-30,CHOLAFIN,303.2,-0.015744
3229,2018-07-31,CHOLAFIN,286.0,-0.056728
3230,2018-08-31,CHOLAFIN,294.8,0.030769
3231,2018-09-30,CHOLAFIN,234.0,-0.206242
3232,2018-10-31,CHOLAFIN,252.2,0.077778
3233,2018-11-30,CHOLAFIN,264.0,0.046788
3234,2018-12-31,CHOLAFIN,252.55,-0.043371
3235,2019-01-31,CHOLAFIN,234.0,-0.073451
3236,2019-02-28,CHOLAFIN,245.7,0.05
3237,2019-03-31,CHOLAFIN,290.0,0.180301
3238,2019-04-30,CHOLAFIN,277.4,-0.043448
3239,2019-05-31,CHOLAFIN,307.0,0.106705
3240,2019-06-30,CHOLAFIN,285.0,-0.071661
3241,2019-07-31,CHOLAFIN,259.0,-0.091228
3242,2019-08-31,CHOLAFIN,270.0,0.042471
3243,2019-09-30,CHOLAFIN,308.35,0.142037
3244,2019-10-31,CHOLAFIN,304.95,-0.011026
3245,2019-11-30,CHOLAFIN,312.7,0.025414
3246,2019-12-31,CHOLAFIN,305.55,-0.022865
3247,2020-01-31,CHOLAFIN,325.0,0.063656
3248,2020-02-29,CHOLAFIN,307.2,-0.054769
3249,2020-03-31,CHOLAFIN,151.3,-0.507487
3250,2020-04-30,CHOLAFIN,159.0,0.050892
3251,2020-05-31,CHOLAFIN,140.75,-0.11478
3252,2020-06-30,CHOLAFIN,189.5,0.346359
3253,2020-07-31,CHOLAFIN,202.8,0.070185
3254,2020-08-31,CHOLAFIN,233.5,0.151381
3255,2020-09-30,CHOLAFIN,247.8,0.061242
3256,2020-10-31,CHOLAFIN,271.2,0.094431
3257,2020-11-30,CHOLAFIN,385.85,0.422751
3258,2020-12-31,CHOLAFIN,387.0,0.00298
3259,2021-01-31,CHOLAFIN,400.0,0.033592
3260,2021-02-28,CHOLAFIN,518.0,0.295
3261,2021-03-31,CHOLAFIN,559.4,0.079923
3262,2021-04-30,CHOLAFIN,570.5,0.019843
3263,2021-05-31,CHOLAFIN,549.0,-0.037686
3264,2021-06-30,CHOLAFIN,512.9,-0.065756
3265,2021-07-31,CHOLAFIN,475.0,-0.073894
3266,2021-08-31,CHOLAFIN,552.3,0.162737
3267,2021-09-30,CHOLAFIN,564.0,0.021184
3268,2021-10-31,CHOLAFIN,624.6,0.107447
3269,2021-11-30,CHOLAFIN,549.75,-0.119837
3270,2021-12-31,CHOLAFIN,520.2,-0.053752
3271,2022-01-31,CHOLAFIN,635.05,0.22078
3272,2022-02-28,CHOLAFIN,689.0,0.084954
3273,2022-03-31,CHOLAFIN,716.6,0.040058
3274,2022-04-30,CHOLAFIN,744.95,0.039562
3275,2022-05-31,CHOLAFIN,678.0,-0.089872
3276,2022-06-30,CHOLAFIN,620.65,-0.084587
3277,2022-07-31,CHOLAFIN,706.0,0.137517
3278,2022-08-31,CHOLAFIN,790.1,0.119122
3279,2022-09-30,CHOLAFIN,730.25,-0.07575
3280,2022-10-31,CHOLAFIN,712.0,-0.024991
3281,2022-11-30,CHOLAFIN,720.0,0.011236
3282,2022-12-31,CHOLAFIN,725.5,0.007639
3283,2023-01-31,CHOLAFIN,709.0,-0.022743
3284,2023-02-28,CHOLAFIN,757.15,0.067913
3285,2023-03-31,CHOLAFIN,760.0,0.003764
3286,2023-04-30,CHOLAFIN,873.95,0.149934
3287,2023-05-31,CHOLAFIN,1055.0,0.207163
3288,2023-06-30,CHOLAFIN,1142.0,0.082464
3289,2023-07-31,CHOLAFIN,1133.5,-0.007443
3290,2023-08-31,CHOLAFIN,1121.3,-0.010763
3291,2023-09-30,CHOLAFIN,1220.0,0.088023
3292,2023-10-31,CHOLAFIN,1140.8,-0.064918
3293,2023-11-30,CHOLAFIN,1118.5,-0.019548
3294,2023-12-31,CHOLAFIN,1258.0,0.124721
3295,2024-01-31,CHOLAFIN,1187.0,-0.056439
3296,2024-02-29,CHOLAFIN,1092.45,-0.079655
3297,2024-03-31,CHOLAFIN,1161.0,0.062749
3298,2024-04-30,CHOLAFIN,1203.95,0.036994
3299,2024-05-31,CHOLAFIN,1245.5,0.034511
3300,2024-06-30,CHOLAFIN,1419.35,0.139582
3301,2024-07-31,CHOLAFIN,1418.5,-0.000599
3302,2024-08-31,CHOLAFIN,1455.0,0.025731
3303,2024-09-30,CHOLAFIN,1602.75,0.101546
3304,2024-10-31,CHOLAFIN,1270.0,-0.207612
3305,2024-11-30,CHOLAFIN,1235.0,-0.027559
3306,2024-12-31,CHOLAFIN,1187.8,-0.038219
3307,2025-01-31,CHOLAFIN,1297.0,0.091935
3308,2025-02-28,CHOLAFIN,1396.3,0.076561
3309,2025-03-31,CHOLAFIN,1525.5,0.09253
3310,2025-04-30,CHOLAFIN,1490.1,-0.023206
3311,2025-05-31,CHOLAFIN,1597.9,0.072344
3312,2025-06-30,CHOLAFIN,1628.0,0.018837
3313,2025-07-31,CHOLAFIN,1439.4,-0.115848
3314,2025-08-31,CHOLAFIN,1454.9,0.010768
-1,2006-01-31,CIPLA,154.6995,
-1,2006-02-28,CIPLA,193.1427,0.248502
-1,2006-03-31,CIPLA,231.6558,0.199402
-1,2006-04-30,CIPLA,227.021,-0.020007
-1,2006-05-31,CIPLA,200.5673,-0.116525
-1,2006-06-30,CIPLA,188.8926,-0.058208
-1,2006-07-31,CIPLA,206.3827,0.092593
-1,2006-08-31,CIPLA,219.5439,0.063771
-1,2006-09-30,CIPLA,231.4495,0.054229
-1,2006-10-31,CIPLA,231.0086,-0.001905
-1,2006-11-30,CIPLA,224.7044,-0.02729
-1,2006-12-31,CIPLA,221.6184,-0.013734
-1,2007-01-31,CIPLA,217.1657,-0.020092
-1,2007-02-28,CIPLA,204.5132,-0.058262
-1,2007-03-31,CIPLA,208.7895,0.02091
-1,2007-04-30,CIPLA,185.9972,-0.109164
-1,2007-05-31,CIPLA,191.7283,0.030813
-1,2007-06-30,CIPLA,183.5284,-0.042768
-1,2007-07-31,CIPLA,168.4511,-0.082152
-1,2007-08-31,CIPLA,146.9814,-0.127454
-1,2007-09-30,CIPLA,162.4724,0.105394
-1,2007-10-31,CIPLA,159.3531,-0.019199
-1,2007-11-30,CIPLA,163.1854,0.024049
-1,2007-12-31,CIPLA,189.5215,0.161388
-1,2008-01-31,CIPLA,168.6665,-0.11004
-1,2008-02-29,CIPLA,184.5751,0.09432
-1,2008-03-31,CIPLA,196.072,0.062288
-1,2008-04-30,CIPLA,189.8334,-0.031818
-1,2008-05-31,CIPLA,189.0313,-0.004225
-1,2008-06-30,CIPLA,188.0955,-0.004951
-1,2008-07-31,CIPLA,195.0917,0.037195
-1,2008-08-31,CIPLA,213.9414,0.09662
-1,2008-09-30,CIPLA,205.5395,-0.039272
-1,2008-10-31,CIPLA,159.2897,-0.225017
-1,2008-11-30,CIPLA,179.9201,0.129515
-1,2008-12-31,CIPLA,167.7397,-0.067699
-1,2009-01-31,CIPLA,172.5489,0.028671
-1,2009-02-28,CIPLA,172.1444,-0.002344
-1,2009-03-31,CIPLA,197.8087,0.149086
-1,2009-04-30,CIPLA,216.4165,0.09407
-1,2009-05-31,CIPLA,200.2808,-0.074559
-1,2009-06-30,CIPLA,227.743,0.137118
-1,2009-07-31,CIPLA,247.2497,0.085652
-1,2009-08-31,CIPLA,243.4742,-0.01527
-1,2009-09-30,CIPLA,253.4622,0.041023
-1,2009-10-31,CIPLA,259.9823,0.025724
-1,2009-11-30,CIPLA,289.7747,0.114594
-1,2009-12-31,CIPLA,303.4032,0.047031
-1,2010-01-31,CIPLA,287.2391,-0.053276
-1,2010-02-28,CIPLA,286.2883,-0.00331
-1,2010-03-31,CIPLA,306.3915,0.07022
-1,2010-04-30,CIPLA,310.738,0.014186
-1,2010-05-31,CIPLA,288.8691,-0.070377
-1,2010-06-30,CIPLA,306.5272,0.061128
-1,2010-07-31,CIPLA,295.4796,-0.036041
-1,2010-08-31,CIPLA,276.2912,-0.06494
-1,2010-09-30,CIPLA,293.6933,0.062985
-1,2010-10-31,CIPLA,322.4176,0.097804
-1,2010-11-30,CIPLA,313.6024,-0.027341
-1,2010-12-31,CIPLA,337.8099,0.077192
-1,2011-01-31,CIPLA,303.417,-0.101811
-1,2011-02-28,CIPLA,273.7284,-0.097848
-1,2011-03-31,CIPLA,293.8253,0.073419
-1,2011-04-30,CIPLA,282.7263,-0.037774
-1,2011-05-31,CIPLA,297.8446,0.053473
-1,2011-06-30,CIPLA,302.4122,0.015336
-1,2011-07-31,CIPLA,280.0772,-0.073856
-1,2011-08-31,CIPLA,256.4177,-0.084475
-1,2011-09-30,CIPLA,258.7123,0.008949
-1,2011-10-31,CIPLA,271.632,0.049938
-1,2011-11-30,CIPLA,301.6548,0.110527
-1,2011-12-31,CIPLA,294.1606,-0.024844
-1,2012-01-31,CIPLA,322.0686,0.094873
-1,2012-02-29,CIPLA,291.448,-0.095075
-1,2012-03-31,CIPLA,280.5515,-0.037387
-1,2012-04-30,CIPLA,286.8963,0.022615
-1,2012-05-31,CIPLA,284.9652,-0.006731
-1,2012-06-30,CIPLA,291.0802,0.021459
-1,2012-07-31,CIPLA,311.356,0.069657
-1,2012-08-31,CIPLA,346.1606,0.111784
-1,2012-09-30,CIPLA,351.5937,0.015695
-1,2012-10-31,CIPLA,336.0536,-0.044199
-1,2012-11-30,CIPLA,383.5526,0.141344
-1,2012-12-31,CIPLA,383.1825,-0.000965
-1,2013-01-31,CIPLA,376.5225,-0.017381
-1,2013-02-28,CIPLA,332.8624,-0.115956
-1,2013-03-31,CIPLA,351.2699,0.055301
-1,2013-04-30,CIPLA,374.9037,0.067281
-1,2013-05-31,CIPLA,342.7599,-0.085739
-1,2013-06-30,CIPLA,362.5549,0.057752
-1,2013-07-31,CIPLA,370.2787,0.021304
-1,2013-08-31,CIPLA,385.68,0.041594
-1,2013-09-30,CIPLA,402.0959,0.042564
-1,2013-10-31,CIPLA,384.1527,-0.044624
-1,2013-11-30,CIPLA,363.7458,-0.053122
-1,2013-12-31,CIPLA,372.6243,0.024409
-1,2014-01-31,CIPLA,381.7354,0.024451
-1,2014-02-28,CIPLA,357.2843,-0.064052
-1,2014-03-31,CIPLA,355.8897,-0.003903
-1,2014-04-30,CIPLA,369.5099,0.038271
-1,2014-05-31,CIPLA,357.5167,-0.032457
-1,2014-06-30,CIPLA,407.2093,0.138994
-1,2014-07-31,CIPLA,424.4088,0.042237
-1,2014-08-31,CIPLA,478.0526,0.126397
-1,2014-09-30,CIPLA,585.3948,0.224541
-1,2014-10-31,CIPLA,622.519,0.063417
-1,2014-11-30,CIPLA,593.1932,-0.047108
-1,2014-12-31,CIPLA,585.0212,-0.013776
-1,2015-01-31,CIPLA,649.79,0.110712
-1,2015-02-28,CIPLA,625.601,-0.037226
630,2015-03-31,CIPLA,711.0,0.136507
631,2015-04-30,CIPLA,638.0,-0.102672
632,2015-05-31,CIPLA,652.0,0.021944
633,2015-06-30,CIPLA,618.0,-0.052147
634,2015-07-31,CIPLA,709.0,0.147249
635,2015-08-31,CIPLA,684.0,-0.035261
636,2015-09-30,CIPLA,636.8,-0.069006
637,2015-10-31,CIPLA,689.1,0.082129
638,2015-11-30,CIPLA,644.65,-0.064504
639,2015-12-31,CIPLA,652.7,0.012487
640,2016-01-31,CIPLA,590.5,-0.095296
641,2016-02-29,CIPLA,512.05,-0.132854
642,2016-03-31,CIPLA,513.9,0.003613
643,2016-04-30,CIPLA,537.5,0.045923
644,2016-05-31,CIPLA,472.45,-0.121023
645,2016-06-30,CIPLA,500.8,0.060006
646,2016-07-31,CIPLA,528.25,0.054812
647,2016-08-31,CIPLA,574.8,0.088121
648,2016-09-30,CIPLA,579.7,0.008525
649,2016-10-31,CIPLA,577.25,-0.004226
650,2016-11-30,CIPLA,564.95,-0.021308
651,2016-12-31,CIPLA,567.0,0.003629
652,2017-01-31,CIPLA,574.1,0.012522
653,2017-02-28,CIPLA,583.8,0.016896
654,2017-03-31,CIPLA,595.0,0.019185
655,2017-04-30,CIPLA,556.1,-0.065378
656,2017-05-31,CIPLA,519.4,-0.065995
657,2017-06-30,CIPLA,557.6,0.073546
658,2017-07-31,CIPLA,561.9,0.007712
659,2017-08-31,CIPLA,575.0,0.023314
660,2017-09-30,CIPLA,585.8,0.018783
661,2017-10-31,CIPLA,626.25,0.069051
662,2017-11-30,CIPLA,602.4,-0.038084
663,2017-12-31,CIPLA,607.0,0.007636
664,2018-01-31,CIPLA,591.8,-0.025041
665,2018-02-28,CIPLA,591.0,-0.001352
666,2018-03-31,CIPLA,546.05,-0.076058
667,2018-04-30,CIPLA,606.0,0.109788
668,2018-05-31,CIPLA,522.75,-0.137376
669,2018-06-30,CIPLA,618.0,0.182209
670,2018-07-31,CIPLA,640.0,0.035599
671,2018-08-31,CIPLA,661.15,0.033047
672,2018-09-30,CIPLA,650.0,-0.016865
673,2018-10-31,CIPLA,624.85,-0.038692
674,2018-11-30,CIPLA,540.6,-0.134832
675,2018-12-31,CIPLA,519.0,-0.039956
676,2019-01-31,CIPLA,516.15,-0.005491
677,2019-02-28,CIPLA,555.25,0.075753
678,2019-03-31,CIPLA,527.45,-0.050068
679,2019-04-30,CIPLA,563.0,0.0674
680,2019-05-31,CIPLA,558.55,-0.007904
681,2019-06-30,CIPLA,552.05,-0.011637
682,2019-07-31,CIPLA,517.55,-0.062494
683,2019-08-31,CIPLA,473.0,-0.086079
684,2019-09-30,CIPLA,425.0,-0.10148
685,2019-10-31,CIPLA,472.0,0.110588
686,2019-11-30,CIPLA,467.0,-0.010593
687,2019-12-31,CIPLA,477.9,0.02334
688,2020-01-31,CIPLA,447.95,-0.06267
689,2020-02-29,CIPLA,405.05,-0.09577
690,2020-03-31,CIPLA,422.5,0.043081
691,2020-04-30,CIPLA,590.0,0.39645
692,2020-05-31,CIPLA,648.05,0.09839
693,2020-06-30,CIPLA,640.7,-0.011342
694,2020-07-31,CIPLA,721.0,0.125332
695,2020-08-31,CIPLA,708.35,-0.017545
696,2020-09-30,CIPLA,775.5,0.094798
697,2020-10-31,CIPLA,756.0,-0.025145
698,2020-11-30,CIPLA,742.0,-0.018519
699,2020-12-31,CIPLA,819.35,0.104245
700,2021-01-31,CIPLA,828.0,0.010557
701,2021-02-28,CIPLA,784.95,-0.051993
702,2021-03-31,CIPLA,813.95,0.036945
703,2021-04-30,CIPLA,910.0,0.118005
704,2021-05-31,CIPLA,947.0,0.040659
705,2021-06-30,CIPLA,971.05,0.025396
706,2021-07-31,CIPLA,920.55,-0.052006
707,2021-08-31,CIPLA,949.0,0.030905
708,2021-09-30,CIPLA,981.5,0.034247
709,2021-10-31,CIPLA,910.0,-0.072848
710,2021-11-30,CIPLA,973.2,0.069451
711,2021-12-31,CIPLA,944.05,-0.029953
712,2022-01-31,CIPLA,945.0,0.001006
713,2022-02-28,CIPLA,926.7,-0.019365
714,2022-03-31,CIPLA,1019.65,0.100302
715,2022-04-30,CIPLA,980.0,-0.038886
716,2022-05-31,CIPLA,995.8,0.016122
717,2022-06-30,CIPLA,914.0,-0.082145
718,2022-07-31,CIPLA,979.0,0.071116
719,2022-08-31,CIPLA,1038.35,0.060623
720,2022-09-30,CIPLA,1110.0,0.069004
721,2022-10-31,CIPLA,1168.0,0.052252
722,2022-11-30,CIPLA,1142.9,-0.02149
723,2022-12-31,CIPLA,1077.0,-0.05766
724,2023-01-31,CIPLA,1020.0,-0.052925
725,2023-02-28,CIPLA,905.8,-0.111961
726,2023-03-31,CIPLA,900.5,-0.005851
727,2023-04-30,CIPLA,908.95,0.009384
728,2023-05-31,CIPLA,949.0,0.044062
729,2023-06-30,CIPLA,1012.5,0.066913
730,2023-07-31,CIPLA,1177.0,0.162469
731,2023-08-31,CIPLA,1253.4,0.064911
732,2023-09-30,CIPLA,1189.0,-0.05138
733,2023-10-31,CIPLA,1203.1,0.011859
734,2023-11-30,CIPLA,1213.5,0.008644
735,2023-12-31,CIPLA,1250.0,0.030078
736,2024-01-31,CIPLA,1352.0,0.0816
737,2024-02-29,CIPLA,1474.85,0.090865
738,2024-03-31,CIPLA,1496.0,0.01434
739,2024-04-30,CIPLA,1396.1,-0.066778
740,2024-05-31,CIPLA,1449.0,0.037891
741,2024-06-30,CIPLA,1482.65,0.023223
742,2024-07-31,CIPLA,1544.0,0.041379
743,2024-08-31,CIPLA,1659.55,0.074838
744,2024-09-30,CIPLA,1655.0,-0.002742
745,2024-10-31,CIPLA,1553.0,-0.061631
746,2024-11-30,CIPLA,1531.9,-0.013587
747,2024-12-31,CIPLA,1529.35,-0.001665
748,2025-01-31,CIPLA,1481.0,-0.031615
749,2025-02-28,CIPLA,1405.0,-0.051317
750,2025-03-31,CIPLA,1441.0,0.025623
751,2025-04-30,CIPLA,1550.0,0.075642
752,2025-05-31,CIPLA,1463.9,-0.055548
753,2025-06-30,CIPLA,1503.1,0.026778
754,2025-07-31,CIPLA,1552.0,0.032533
755,2025-08-31,CIPLA,1485.0,-0.04317
-1,2010-11-30,COALINDIA,105.4651,
-1,2010-12-31,COALINDIA,104.634,-0.00788
-1,2011-01-31,COALINDIA,101.1767,-0.033042
-1,2011-02-28,COALINDIA,108.939,0.07672
-1,2011-03-31,COALINDIA,116.5258,0.069643
-1,2011-04-30,COALINDIA,127.9766,0.098268
-1,2011-05-31,COALINDIA,137.3592,0.073315
-1,2011-06-30,COALINDIA,132.113,-0.038193
-1,2011-07-31,COALINDIA,130.5661,-0.011709
-1,2011-08-31,COALINDIA,126.3119,-0.032583
-1,2011-09-30,COALINDIA,112.0531,-0.112886
-1,2011-10-31,COALINDIA,111.7638,-0.002582
-1,2011-11-30,COALINDIA,110.1311,-0.014608
-1,2011-12-31,COALINDIA,101.2102,-0.081003
-1,2012-01-31,COALINDIA,110.1479,0.088308
-1,2012-02-29,COALINDIA,112.6054,0.022311
-1,2012-03-31,COALINDIA,115.7698,0.028102
-1,2012-04-30,COALINDIA,121.9428,0.053321
-1,2012-05-31,COALINDIA,111.3007,-0.087271
-1,2012-06-30,COALINDIA,120.022,0.078358
-1,2012-07-31,COALINDIA,124.3654,0.036188
-1,2012-08-31,COALINDIA,121.6313,-0.021984
-1,2012-09-30,COALINDIA,124.227,0.021341
-1,2012-10-31,COALINDIA,120.016,-0.033898
-1,2012-11-30,COALINDIA,127.034,0.058476
-1,2012-12-31,COALINDIA,122.9619,-0.032055
-1,2013-01-31,COALINDIA,122.4594,-0.004087
-1,2013-02-28,COALINDIA,107.3664,-0.123249
-1,2013-03-31,COALINDIA,107.1238,-0.00226
-1,2013-04-30,COALINDIA,114.0822,0.064957
-1,2013-05-31,COALINDIA,116.0479,0.017231
-1,2013-06-30,COALINDIA,108.1315,-0.068217
-1,2013-07-31,COALINDIA,100.6261,-0.06941
-1,2013-08-31,COALINDIA,89.8504,-0.107087
-1,2013-09-30,COALINDIA,105.2365,0.171241
-1,2013-10-31,COALINDIA,104.499,-0.007008
-1,2013-11-30,COALINDIA,98.6925,-0.055565
-1,2013-12-31,COALINDIA,105.243,0.066373
-1,2014-01-31,COALINDIA,89.8013,-0.146724
-1,2014-02-28,COALINDIA,97.9332,0.090554
-1,2014-03-31,COALINDIA,115.8944,0.183403
-1,2014-04-30,COALINDIA,117.1386,0.010736
-1,2014-05-31,COALINDIA,148.8665,0.270858
-1,2014-06-30,COALINDIA,154.5057,0.037881
-1,2014-07-31,COALINDIA,147.5822,-0.044811
-1,2014-08-31,COALINDIA,142.9263,-0.031548
-1,2014-09-30,COALINDIA,137.0062,-0.041421
-1,2014-10-31,COALINDIA,148.726,0.085542
-1,2014-11-30,COALINDIA,142.4848,-0.041964
-1,2014-12-31,COALINDIA,154.0642,0.081268
-1,2015-01-31,COALINDIA,144.8328,-0.059919
-1,2015-02-28,COALINDIA,158.6398,0.095331
5722,2015-03-31,COALINDIA,346.1,1.181672
5723,2015-04-30,COALINDIA,347.9,0.005201
5724,2015-05-31,COALINDIA,375.75,0.080052
5725,2015-06-30,COALINDIA,402.25,0.070526
5726,2015-07-31,COALINDIA,420.9,0.046364
5727,2015-08-31,COALINDIA,348.65,-0.171656
5728,2015-09-30,COALINDIA,310.75,-0.108705
5729,2015-10-31,COALINDIA,305.65,-0.016412
5730,2015-11-30,COALINDIA,316.7,0.036152
5731,2015-12-31,COALINDIA,313.65,-0.009631
5732,2016-01-31,COALINDIA,306.15,-0.023912
5733,2016-02-29,COALINDIA,298.2,-0.025968
5734,2016-03-31,COALINDIA,279.25,-0.063548
5735,2016-04-30,COALINDIA,276.1,-0.01128
5736,2016-05-31,COALINDIA,278.8,0.009779
5737,2016-06-30,COALINDIA,299.75,0.075143
5738,2016-07-31,COALINDIA,314.45,0.049041
5739,2016-08-31,COALINDIA,320.3,0.018604
5740,2016-09-30,COALINDIA,308.85,-0.035748
5741,2016-10-31,COALINDIA,310.55,0.005504
5742,2016-11-30,COALINDIA,296.4,-0.045564
5743,2016-12-31,COALINDIA,287.3,-0.030702
5744,2017-01-31,COALINDIA,295.5,0.028542
5745,2017-02-28,COALINDIA,307.45,0.04044
5746,2017-03-31,COALINDIA,280.15,-0.088795
5747,2017-04-30,COALINDIA,264.65,-0.055328
5748,2017-05-31,COALINDIA,251.55,-0.049499
5749,2017-06-30,COALINDIA,233.8,-0.070563
5750,2017-07-31,COALINDIA,238.7,0.020958
5751,2017-08-31,COALINDIA,227.6,-0.046502
5752,2017-09-30,COALINDIA,259.1,0.138401
5753,2017-10-31,COALINDIA,274.4,0.059051
5754,2017-11-30,COALINDIA,263.25,-0.040634
5755,2017-12-31,COALINDIA,251.45,-0.044824
5756,2018-01-31,COALINDIA,286.75,0.140386
5757,2018-02-28,COALINDIA,297.7,0.038187
5758,2018-03-31,COALINDIA,269.0,-0.096406
5759,2018-04-30,COALINDIA,271.25,0.008364
5760,2018-05-31,COALINDIA,281.85,0.039078
5761,2018-06-30,COALINDIA,252.5,-0.104133
5762,2018-07-31,COALINDIA,250.2,-0.009109
5763,2018-08-31,COALINDIA,273.0,0.091127
5764,2018-09-30,COALINDIA,255.4,-0.064469
5765,2018-10-31,COALINDIA,254.35,-0.004111
5766,2018-11-30,COALINDIA,234.6,-0.077649
5767,2018-12-31,COALINDIA,230.25,-0.018542
5768,2019-01-31,COALINDIA,214.0,-0.070575
5769,2019-02-28,COALINDIA,218.75,0.022196
5770,2019-03-31,COALINDIA,226.1,0.0336
5771,2019-04-30,COALINDIA,241.45,0.06789
5772,2019-05-31,COALINDIA,242.65,0.00497
5773,2019-06-30,COALINDIA,242.15,-0.002061
5774,2019-07-31,COALINDIA,194.65,-0.196159
5775,2019-08-31,COALINDIA,176.45,-0.093501
5776,2019-09-30,COALINDIA,191.1,0.083026
5777,2019-10-31,COALINDIA,199.1,0.041863
5778,2019-11-30,COALINDIA,195.45,-0.018332
5779,2019-12-31,COALINDIA,202.2,0.034536
5780,2020-01-31,COALINDIA,175.5,-0.132047
5781,2020-02-29,COALINDIA,160.4,-0.08604
5782,2020-03-31,COALINDIA,133.65,-0.166771
5783,2020-04-30,COALINDIA,142.25,0.064347
5784,2020-05-31,COALINDIA,134.5,-0.054482
5785,2020-06-30,COALINDIA,127.15,-0.054647
5786,2020-07-31,COALINDIA,123.85,-0.025954
5787,2020-08-31,COALINDIA,128.35,0.036334
5788,2020-09-30,COALINDIA,110.85,-0.136346
5789,2020-10-31,COALINDIA,109.55,-0.011728
5790,2020-11-30,COALINDIA,119.85,0.094021
5791,2020-12-31,COALINDIA,129.35,0.079266
5792,2021-01-31,COALINDIA,120.45,-0.068806
5793,2021-02-28,COALINDIA,145.15,0.205064
5794,2021-03-31,COALINDIA,124.4,-0.142956
5795,2021-04-30,COALINDIA,127.15,0.022106
5796,2021-05-31,COALINDIA,141.25,0.110893
5797,2021-06-30,COALINDIA,139.95,-0.009204
5798,2021-07-31,COALINDIA,137.75,-0.01572
5799,2021-08-31,COALINDIA,139.35,0.011615
5800,2021-09-30,COALINDIA,176.6,0.267313
5801,2021-10-31,COALINDIA,157.55,-0.107871
5802,2021-11-30,COALINDIA,145.2,-0.078388
5803,2021-12-31,COALINDIA,139.85,-0.036846
5804,2022-01-31,COALINDIA,152.5,0.090454
5805,2022-02-28,COALINDIA,161.45,0.058689
5806,2022-03-31,COALINDIA,174.95,0.083617
5807,2022-04-30,COALINDIA,174.85,-0.000572
5808,2022-05-31,COALINDIA,185.15,0.058908
5809,2022-06-30,COALINDIA,176.1,-0.048879
5810,2022-07-31,COALINDIA,202.7,0.151051
5811,2022-08-31,COALINDIA,223.95,0.104835
5812,2022-09-30,COALINDIA,203.6,-0.090868
5813,2022-10-31,COALINDIA,235.6,0.157171
5814,2022-11-30,COALINDIA,217.8,-0.075552
5815,2022-12-31,COALINDIA,215.2,-0.011938
5816,2023-01-31,COALINDIA,214.9,-0.001394
5817,2023-02-28,COALINDIA,205.35,-0.044439
5818,2023-03-31,COALINDIA,203.9,-0.007061
5819,2023-04-30,COALINDIA,222.8,0.092692
5820,2023-05-31,COALINDIA,230.9,0.036355
5821,2023-06-30,COALINDIA,220.6,-0.044608
5822,2023-07-31,COALINDIA,219.3,-0.005893
5823,2023-08-31,COALINDIA,220.2,0.004104
5824,2023-09-30,COALINDIA,282.25,0.281789
5825,2023-10-31,COALINDIA,300.25,0.063773
5826,2023-11-30,COALINDIA,330.45,0.100583
5827,2023-12-31,COALINDIA,362.85,0.098048
5828,2024-01-31,COALINDIA,391.6,0.079234
5829,2024-02-29,COALINDIA,423.3,0.08095
5830,2024-03-31,COALINDIA,418.55,-0.011221
5831,2024-04-30,COALINDIA,437.75,0.045873
5832,2024-05-31,COALINDIA,474.5,0.083952
5833,2024-06-30,COALINDIA,456.7,-0.037513
5834,2024-07-31,COALINDIA,503.9,0.10335
5835,2024-08-31,COALINDIA,505.35,0.002878
5836,2024-09-30,COALINDIA,491.35,-0.027704
5837,2024-10-31,COALINDIA,436.8,-0.111021
5838,2024-11-30,COALINDIA,416.7,-0.046016
5839,2024-12-31,COALINDIA,384.4,-0.077514
5840,2025-01-31,COALINDIA,396.5,0.031478
5841,2025-02-28,COALINDIA,368.5,-0.070618
5842,2025-03-31,COALINDIA,397.3,0.078155
5843,2025-04-30,COALINDIA,384.1,-0.033224
5844,2025-05-31,COALINDIA,397.5,0.034887
5845,2025-06-30,COALINDIA,391.9,-0.014088
5846,2025-07-31,COALINDIA,376.0,-0.040572
5847,2025-08-31,COALINDIA,376.85,0.002261
-1,2006-01-31,DABUR,31.5653,
-1,2006-02-28,DABUR,29.4711,-0.066345
-1,2006-03-31,DABUR,33.1029,0.123233
-1,2006-04-30,DABUR,42.4581,0.28261
-1,2006-05-31,DABUR,36.01,-0.15187
-1,2006-06-30,DABUR,37.9881,0.054932
-1,2006-07-31,DABUR,35.4724,-0.066223
-1,2006-08-31,DABUR,36.7113,0.034926
-1,2006-09-30,DABUR,36.8041,0.002528
-1,2006-10-31,DABUR,41.1222,0.117327
-1,2006-11-30,DABUR,39.859,-0.030718
-1,2006-12-31,DABUR,39.781,-0.001957
-1,2007-01-31,DABUR,40.175,0.009904
-1,2007-02-28,DABUR,39.6876,-0.012132
-1,2007-03-31,DABUR,38.5908,-0.027636
-1,2007-04-30,DABUR,39.006,0.010759
-1,2007-05-31,DABUR,40.9317,0.049369
-1,2007-06-30,DABUR,42.1404,0.02953
-1,2007-07-31,DABUR,42.8779,0.017501
-1,2007-08-31,DABUR,41.3824,-0.034878
-1,2007-09-30,DABUR,43.3696,0.04802
-1,2007-10-31,DABUR,43.6974,0.007558
-1,2007-11-30,DABUR,45.7259,0.046422
-1,2007-12-31,DABUR,47.1078,0.030221
-1,2008-01-31,DABUR,38.074,-0.191769
-1,2008-02-29,DABUR,41.1678,0.081258
-1,2008-03-31,DABUR,45.7053,0.11022
-1,2008-04-30,DABUR,44.0759,-0.03565
-1,2008-05-31,DABUR,40.0334,-0.091717
-1,2008-06-30,DABUR,32.6083,-0.185473
-1,2008-07-31,DABUR,37.5736,0.152271
-1,2008-08-31,DABUR,38.01,0.011615
-1,2008-09-30,DABUR,37.8646,-0.003825
-1,2008-10-31,DABUR,33.916,-0.104282
-1,2008-11-30,DABUR,34.0615,0.00429
-1,2008-12-31,DABUR,34.9135,0.025014
-1,2009-01-31,DABUR,36.5553,0.047025
-1,2009-02-28,DABUR,37.8853,0.036383
-1,2009-03-31,DABUR,41.5858,0.097676
-1,2009-04-30,DABUR,43.1788,0.038306
-1,2009-05-31,DABUR,46.302,0.072332
-1,2009-06-30,DABUR,52.695,0.138072
-1,2009-07-31,DABUR,58.1834,0.104154
-1,2009-08-31,DABUR,52.773,-0.092989
-1,2009-09-30,DABUR,60.1912,0.140568
-1,2009-10-31,DABUR,64.2913,0.068118
-1,2009-11-30,DABUR,67.0059,0.042223
-1,2009-12-31,DABUR,67.4518,0.006655
-1,2010-01-31,DABUR,68.3014,0.012596
-1,2010-02-28,DABUR,71.8906,0.052549
-1,2010-03-31,DABUR,67.4518,-0.061744
-1,2010-04-30,DABUR,76.5842,0.135391
-1,2010-05-31,DABUR,78.7504,0.028285
-1,2010-06-30,DABUR,89.4544,0.135923
-1,2010-07-31,DABUR,83.9537,-0.061492
-1,2010-08-31,DABUR,88.8809,0.058689
-1,2010-09-30,DABUR,92.3319,0.038827
-1,2010-10-31,DABUR,85.2788,-0.076389
-1,2010-11-30,DABUR,80.021,-0.061654
-1,2010-12-31,DABUR,86.1391,0.076456
-1,2011-01-31,DABUR,80.511,-0.065337
-1,2011-02-28,DABUR,85.7095,0.064569
-1,2011-03-31,DABUR,82.5732,-0.036592
-1,2011-04-30,DABUR,86.9124,0.05255
-1,2011-05-31,DABUR,101.0469,0.162629
-1,2011-06-30,DABUR,97.9537,-0.030612
-1,2011-07-31,DABUR,89.9175,-0.082041
-1,2011-08-31,DABUR,95.7075,0.064392
-1,2011-09-30,DABUR,89.0101,-0.069978
-1,2011-10-31,DABUR,87.5411,-0.016504
-1,2011-11-30,DABUR,82.356,-0.05923
-1,2011-12-31,DABUR,86.4176,0.049318
-1,2012-01-31,DABUR,81.8556,-0.05279
-1,2012-02-29,DABUR,90.4148,0.104565
-1,2012-03-31,DABUR,92.6307,0.024508
-1,2012-04-30,DABUR,97.1927,0.049249
-1,2012-05-31,DABUR,90.632,-0.067502
-1,2012-06-30,DABUR,99.5389,0.098275
-1,2012-07-31,DABUR,104.3572,0.048406
-1,2012-08-31,DABUR,107.2001,0.027242
-1,2012-09-30,DABUR,111.9675,0.044472
-1,2012-10-31,DABUR,108.7747,-0.028515
-1,2012-11-30,DABUR,112.5986,0.035154
-1,2012-12-31,DABUR,113.3461,0.006639
-1,2013-01-31,DABUR,116.6875,0.02948
-1,2013-02-28,DABUR,111.1477,-0.047476
-1,2013-03-31,DABUR,120.4247,0.083466
-1,2013-04-30,DABUR,129.9655,0.079226
-1,2013-05-31,DABUR,137.4837,0.057848
-1,2013-06-30,DABUR,136.6484,-0.006076
-1,2013-07-31,DABUR,142.7254,0.044472
-1,2013-08-31,DABUR,144.2288,0.010534
-1,2013-09-30,DABUR,149.8882,0.039239
-1,2013-10-31,DABUR,157.9796,0.053983
-1,2013-11-30,DABUR,146.4837,-0.072768
-1,2013-12-31,DABUR,151.2816,0.032754
-1,2014-01-31,DABUR,152.7469,0.009686
-1,2014-02-28,DABUR,154.0346,0.00843
-1,2014-03-31,DABUR,159.5406,0.035745
-1,2014-04-30,DABUR,159.1854,-0.002226
-1,2014-05-31,DABUR,167.3556,0.051325
-1,2014-06-30,DABUR,166.5119,-0.005041
-1,2014-07-31,DABUR,185.0528,0.111349
-1,2014-08-31,DABUR,207.6877,0.122316
-1,2014-09-30,DABUR,198.3569,-0.044927
-1,2014-10-31,DABUR,203.3811,0.025329
-1,2014-11-30,DABUR,216.3113,0.063576
-1,2014-12-31,DABUR,209.8911,-0.02968
-1,2015-01-31,DABUR,230.0945,0.096257
-1,2015-02-28,DABUR,238.0861,0.034732
4750,2015-03-31,DABUR,265.6,0.115563
4751,2015-04-30,DABUR,252.0,-0.051205
4752,2015-05-31,DABUR,271.6,0.077778
4753,2015-06-30,DABUR,281.1,0.034978
4754,2015-07-31,DABUR,294.0,0.045891
4755,2015-08-31,DABUR,273.9,-0.068367
4756,2015-09-30,DABUR,276.0,0.007667
4757,2015-10-31,DABUR,269.9,-0.022101
4758,2015-11-30,DABUR,275.0,0.018896
4759,2015-12-31,DABUR,275.95,0.003455
4760,2016-01-31,DABUR,251.95,-0.086972
4761,2016-02-29,DABUR,235.9,-0.063703
4762,2016-03-31,DABUR,250.75,0.06295
4763,2016-04-30,DABUR,274.65,0.095314
4764,2016-05-31,DABUR,289.25,0.053159
4765,2016-06-30,DABUR,308.2,0.065514
4766,2016-07-31,DABUR,304.15,-0.013141
4767,2016-08-31,DABUR,291.55,-0.041427
4768,2016-09-30,DABUR,271.55,-0.068599
4769,2016-10-31,DABUR,291.9,0.07494
4770,2016-11-30,DABUR,284.8,-0.024323
4771,2016-12-31,DABUR,276.25,-0.030021
4772,2017-01-31,DABUR,276.3,0.000181
4773,2017-02-28,DABUR,276.35,0.000181
4774,2017-03-31,DABUR,277.35,0.003619
4775,2017-04-30,DABUR,286.3,0.03227
4776,2017-05-31,DABUR,278.6,-0.026895
4777,2017-06-30,DABUR,291.4,0.045944
4778,2017-07-31,DABUR,309.0,0.060398
4779,2017-08-31,DABUR,316.05,0.022816
4780,2017-09-30,DABUR,305.25,-0.034172
4781,2017-10-31,DABUR,333.3,0.091892
4782,2017-11-30,DABUR,346.5,0.039604
4783,2017-12-31,DABUR,349.75,0.00938
4784,2018-01-31,DABUR,356.5,0.019299
4785,2018-02-28,DABUR,325.0,-0.088359
4786,2018-03-31,DABUR,325.95,0.002923
4787,2018-04-30,DABUR,371.0,0.138211
4788,2018-05-31,DABUR,384.45,0.036253
4789,2018-06-30,DABUR,389.5,0.013136
4790,2018-07-31,DABUR,422.0,0.08344
4791,2018-08-31,DABUR,478.25,0.133294
4792,2018-09-30,DABUR,428.9,-0.103189
4793,2018-10-31,DABUR,384.9,-0.102588
4794,2018-11-30,DABUR,411.5,0.069109
4795,2018-12-31,DABUR,430.0,0.044957
4796,2019-01-31,DABUR,447.5,0.040698
4797,2019-02-28,DABUR,440.0,-0.01676
4798,2019-03-31,DABUR,409.0,-0.070455
4799,2019-04-30,DABUR,397.8,-0.027384
4800,2019-05-31,DABUR,397.85,0.000126
4801,2019-06-30,DABUR,399.15,0.003268
4802,2019-07-31,DABUR,426.5,0.068521
4803,2019-08-31,DABUR,448.1,0.050645
4804,2019-09-30,DABUR,445.45,-0.005914
4805,2019-10-31,DABUR,462.0,0.037153
4806,2019-11-30,DABUR,458.4,-0.007792
4807,2019-12-31,DABUR,458.0,-0.000873
4808,2020-01-31,DABUR,496.4,0.083843
4809,2020-02-29,DABUR,494.85,-0.003122
4810,2020-03-31,DABUR,447.95,-0.094776
4811,2020-04-30,DABUR,490.0,0.093872
4812,2020-05-31,DABUR,468.0,-0.044898
4813,2020-06-30,DABUR,467.0,-0.002137
4814,2020-07-31,DABUR,512.75,0.097966
4815,2020-08-31,DABUR,472.0,-0.079473
4816,2020-09-30,DABUR,509.8,0.080085
4817,2020-10-31,DABUR,511.7,0.003727
4818,2020-11-30,DABUR,498.95,-0.024917
4819,2020-12-31,DABUR,533.0,0.068243
4820,2021-01-31,DABUR,513.7,-0.03621
4821,2021-02-28,DABUR,502.0,-0.022776
4822,2021-03-31,DABUR,540.0,0.075697
4823,2021-04-30,DABUR,539.5,-0.000926
4824,2021-05-31,DABUR,542.0,0.004634
4825,2021-06-30,DABUR,568.05,0.048063
4826,2021-07-31,DABUR,601.85,0.059502
4827,2021-08-31,DABUR,620.4,0.030822
4828,2021-09-30,DABUR,617.7,-0.004352
4829,2021-10-31,DABUR,588.4,-0.047434
4830,2021-11-30,DABUR,594.65,0.010622
4831,2021-12-31,DABUR,579.5,-0.025477
4832,2022-01-31,DABUR,538.0,-0.071613
4833,2022-02-28,DABUR,564.6,0.049442
4834,2022-03-31,DABUR,537.1,-0.048707
4835,2022-04-30,DABUR,557.25,0.037516
4836,2022-05-31,DABUR,523.0,-0.061463
4837,2022-06-30,DABUR,495.9,-0.051816
4838,2022-07-31,DABUR,583.05,0.175741
4839,2022-08-31,DABUR,584.45,0.002401
4840,2022-09-30,DABUR,572.05,-0.021217
4841,2022-10-31,DABUR,556.4,-0.027358
4842,2022-11-30,DABUR,590.3,0.060927
4843,2022-12-31,DABUR,561.5,-0.048789
4844,2023-01-31,DABUR,556.0,-0.009795
4845,2023-02-28,DABUR,533.4,-0.040647
4846,2023-03-31,DABUR,547.0,0.025497
4847,2023-04-30,DABUR,533.0,-0.025594
4848,2023-05-31,DABUR,554.1,0.039587
4849,2023-06-30,DABUR,572.85,0.033839
4850,2023-07-31,DABUR,576.0,0.005499
4851,2023-08-31,DABUR,554.5,-0.037326
4852,2023-09-30,DABUR,550.5,-0.007214
4853,2023-10-31,DABUR,528.8,-0.039419
4854,2023-11-30,DABUR,540.25,0.021653
4855,2023-12-31,DABUR,556.65,0.030356
4856,2024-01-31,DABUR,542.0,-0.026318
4857,2024-02-29,DABUR,537.8,-0.007749
4858,2024-03-31,DABUR,522.35,-0.028728
4859,2024-04-30,DABUR,507.55,-0.028333
4860,2024-05-31,DABUR,553.0,0.089548
4861,2024-06-30,DABUR,600.0,0.084991
4862,2024-07-31,DABUR,636.75,0.06125
4863,2024-08-31,DABUR,638.9,0.003377
4864,2024-09-30,DABUR,625.0,-0.021756
4865,2024-10-31,DABUR,541.25,-0.134
4866,2024-11-30,DABUR,526.6,-0.027067
4867,2024-12-31,DABUR,507.8,-0.035701
4868,2025-01-31,DABUR,530.2,0.044112
4869,2025-02-28,DABUR,494.1,-0.068088
4870,2025-03-31,DABUR,505.7,0.023477
4871,2025-04-30,DABUR,486.0,-0.038956
4872,2025-05-31,DABUR,483.15,-0.005864
4873,2025-06-30,DABUR,484.95,0.003726
4874,2025-07-31,DABUR,529.2,0.091247
4875,2025-08-31,DABUR,514.0,-0.028723
6805,2015-03-31,DIVISLAB,885.0,
6806,2015-04-30,DIVISLAB,860.53,-0.02765
6807,2015-05-31,DIVISLAB,906.75,0.053711
6808,2015-06-30,DIVISLAB,943.85,0.040915
6809,2015-07-31,DIVISLAB,982.5,0.040949
6810,2015-08-31,DIVISLAB,1192.58,0.213822
6811,2015-09-30,DIVISLAB,1120.0,-0.06086
6812,2015-10-31,DIVISLAB,1149.85,0.026652
6813,2015-11-30,DIVISLAB,1140.2,-0.008392
6814,2015-12-31,DIVISLAB,1151.1,0.00956
6815,2016-01-31,DIVISLAB,1141.05,-0.008731
6816,2016-02-29,DIVISLAB,957.2,-0.161124
6817,2016-03-31,DIVISLAB,989.0,0.033222
6818,2016-04-30,DIVISLAB,1049.0,0.060667
6819,2016-05-31,DIVISLAB,1095.15,0.043994
6820,2016-06-30,DIVISLAB,1120.1,0.022782
6821,2016-07-31,DIVISLAB,1199.9,0.071244
6822,2016-08-31,DIVISLAB,1320.0,0.100092
6823,2016-09-30,DIVISLAB,1300.0,-0.015152
6824,2016-10-31,DIVISLAB,1286.0,-0.010769
6825,2016-11-30,DIVISLAB,1178.9,-0.083281
6826,2016-12-31,DIVISLAB,781.6,-0.337009
6827,2017-01-31,DIVISLAB,700.0,-0.104401
6828,2017-02-28,DIVISLAB,758.9,0.084143
6829,2017-03-31,DIVISLAB,625.0,-0.17644
6830,2017-04-30,DIVISLAB,627.05,0.00328
6831,2017-05-31,DIVISLAB,586.15,-0.065226
6832,2017-06-30,DIVISLAB,648.6,0.106543
6833,2017-07-31,DIVISLAB,672.95,0.037542
6834,2017-08-31,DIVISLAB,700.3,0.040642
6835,2017-09-30,DIVISLAB,862.65,0.231829
6836,2017-10-31,DIVISLAB,881.8,0.022199
6837,2017-11-30,DIVISLAB,1042.05,0.181731
6838,2017-12-31,DIVISLAB,1103.35,0.058826
6839,2018-01-31,DIVISLAB,1043.05,-0.054652
6840,2018-02-28,DIVISLAB,1028.95,-0.013518
6841,2018-03-31,DIVISLAB,1090.8,0.06011
6842,2018-04-30,DIVISLAB,1200.0,0.10011
6843,2018-05-31,DIVISLAB,1049.25,-0.125625
6844,2018-06-30,DIVISLAB,1038.0,-0.010722
6845,2018-07-31,DIVISLAB,1148.85,0.106792
6846,2018-08-31,DIVISLAB,1309.0,0.1394
6847,2018-09-30,DIVISLAB,1314.1,0.003896
6848,2018-10-31,DIVISLAB,1479.15,0.125599
6849,2018-11-30,DIVISLAB,1426.9,-0.035324
6850,2018-12-31,DIVISLAB,1481.2,0.038055
6851,2019-01-31,DIVISLAB,1511.0,0.020119
6852,2019-02-28,DIVISLAB,1660.0,0.09861
6853,2019-03-31,DIVISLAB,1709.0,0.029518
6854,2019-04-30,DIVISLAB,1745.0,0.021065
6855,2019-05-31,DIVISLAB,1592.5,-0.087393
6856,2019-06-30,DIVISLAB,1597.0,0.002826
6857,2019-07-31,DIVISLAB,1633.0,0.022542
6858,2019-08-31,DIVISLAB,1643.35,0.006338
6859,2019-09-30,DIVISLAB,1666.0,0.013783
6860,2019-10-31,DIVISLAB,1748.9,0.04976
6861,2019-11-30,DIVISLAB,1785.2,0.020756
6862,2019-12-31,DIVISLAB,1838.15,0.029661
6863,2020-01-31,DIVISLAB,1953.0,0.062481
6864,2020-02-29,DIVISLAB,2119.0,0.084997
6865,2020-03-31,DIVISLAB,1978.15,-0.06647
6866,2020-04-30,DIVISLAB,2333.0,0.179385
6867,2020-05-31,DIVISLAB,2393.0,0.025718
6868,2020-06-30,DIVISLAB,2277.0,-0.048475
6869,2020-07-31,DIVISLAB,2613.85,0.147936
6870,2020-08-31,DIVISLAB,3111.15,0.190256
6871,2020-09-30,DIVISLAB,3052.0,-0.019012
6872,2020-10-31,DIVISLAB,3144.0,0.030144
6873,2020-11-30,DIVISLAB,3608.0,0.147583
6874,2020-12-31,DIVISLAB,3838.0,0.063747
6875,2021-01-31,DIVISLAB,3380.0,-0.119333
6876,2021-02-28,DIVISLAB,3364.0,-0.004734
6877,2021-03-31,DIVISLAB,3600.85,0.070407
6878,2021-04-30,DIVISLAB,4052.1,0.125318
6879,2021-05-31,DIVISLAB,4182.0,0.032057
6880,2021-06-30,DIVISLAB,4404.6,0.053228
6881,2021-07-31,DIVISLAB,4893.45,0.110986
6882,2021-08-31,DIVISLAB,5170.0,0.056514
6883,2021-09-30,DIVISLAB,4800.0,-0.071567
6884,2021-10-31,DIVISLAB,5168.0,0.076667
6885,2021-11-30,DIVISLAB,4875.0,-0.056695
6886,2021-12-31,DIVISLAB,4677.0,-0.040615
6887,2022-01-31,DIVISLAB,4031.0,-0.138123
6888,2022-02-28,DIVISLAB,4262.0,0.057306
6889,2022-03-31,DIVISLAB,4424.0,0.03801
6890,2022-04-30,DIVISLAB,4488.05,0.014478
6891,2022-05-31,DIVISLAB,3606.05,-0.196522
6892,2022-06-30,DIVISLAB,3630.0,0.006642
6893,2022-07-31,DIVISLAB,3827.0,0.05427
6894,2022-08-31,DIVISLAB,3619.5,-0.05422
6895,2022-09-30,DIVISLAB,3699.0,0.021964
6896,2022-10-31,DIVISLAB,3607.2,-0.024818
6897,2022-11-30,DIVISLAB,3405.0,-0.056055
6898,2022-12-31,DIVISLAB,3424.0,0.00558
6899,2023-01-31,DIVISLAB,3323.05,-0.029483
6900,2023-02-28,DIVISLAB,2830.95,-0.148087
6901,2023-03-31,DIVISLAB,2827.0,-0.001395
6902,2023-04-30,DIVISLAB,3259.95,0.153148
6903,2023-05-31,DIVISLAB,3430.0,0.052163
6904,2023-06-30,DIVISLAB,3586.8,0.045714
6905,2023-07-31,DIVISLAB,3699.7,0.031477
6906,2023-08-31,DIVISLAB,3584.0,-0.031273
6907,2023-09-30,DIVISLAB,3764.0,0.050223
6908,2023-10-31,DIVISLAB,3395.0,-0.098034
6909,2023-11-30,DIVISLAB,3779.8,0.113343
6910,2023-12-31,DIVISLAB,3908.2,0.03397
6911,2024-01-31,DIVISLAB,3663.0,-0.06274
6912,2024-02-29,DIVISLAB,3491.0,-0.046956
6913,2024-03-31,DIVISLAB,3437.0,-0.015468
6914,2024-04-30,DIVISLAB,4001.0,0.164097
6915,2024-05-31,DIVISLAB,4307.65,0.076643
6916,2024-06-30,DIVISLAB,4599.0,0.067635
6917,2024-07-31,DIVISLAB,4934.95,0.073048
6918,2024-08-31,DIVISLAB,5105.0,0.034458
6919,2024-09-30,DIVISLAB,5460.4,0.069618
6920,2024-10-31,DIVISLAB,5875.0,0.075929
6921,2024-11-30,DIVISLAB,6183.25,0.052468
6922,2024-12-31,DIVISLAB,6103.5,-0.012898
6923,2025-01-31,DIVISLAB,5550.0,-0.090686
6924,2025-02-28,DIVISLAB,5461.0,-0.016036
6925,2025-03-31,DIVISLAB,5738.0,0.050723
6926,2025-04-30,DIVISLAB,6056.5,0.055507
6927,2025-05-31,DIVISLAB,6610.0,0.091389
6928,2025-06-30,DIVISLAB,6828.0,0.03298
6929,2025-07-31,DIVISLAB,6593.0,-0.034417
6930,2025-08-31,DIVISLAB,6133.5,-0.069695
-1,2007-07-31,DLF,516.5672,
-1,2007-08-31,DLF,504.6275,-0.023114
-1,2007-09-30,DLF,643.979,0.276147
-1,2007-10-31,DLF,803.5537,0.247795
-1,2007-11-30,DLF,799.3219,-0.005266
-1,2007-12-31,DLF,910.8846,0.139572
-1,2008-01-31,DLF,686.4502,-0.246392
-1,2008-02-29,DLF,661.8523,-0.035833
-1,2008-03-31,DLF,547.7269,-0.172433
-1,2008-04-30,DLF,598.1099,0.091986
-1,2008-05-31,DLF,497.7676,-0.167766
-1,2008-06-30,DLF,336.2274,-0.324529
-1,2008-07-31,DLF,433.8556,0.290364
-1,2008-08-31,DLF,418.2486,-0.035973
-1,2008-09-30,DLF,299.1186,-0.284831
-1,2008-10-31,DLF,187.552,-0.372984
-1,2008-11-30,DLF,169.1378,-0.098182
-1,2008-12-31,DLF,240.5354,0.422127
-1,2009-01-31,DLF,151.4482,-0.37037
-1,2009-02-28,DLF,129.5814,-0.144385
-1,2009-03-31,DLF,142.6248,0.100658
-1,2009-04-30,DLF,196.2902,0.37627
-1,2009-05-31,DLF,346.545,0.765473
-1,2009-06-30,DLF,264.9599,-0.235424
-1,2009-07-31,DLF,337.7641,0.274774
-1,2009-08-31,DLF,361.5917,0.070545
-1,2009-09-30,DLF,373.399,0.032654
-1,2009-10-31,DLF,317.1213,-0.150717
-1,2009-11-30,DLF,301.1475,-0.050371
-1,2009-12-31,DLF,309.3699,0.027304
-1,2010-01-31,DLF,285.7732,-0.076273
-1,2010-02-28,DLF,255.6243,-0.105499
-1,2010-03-31,DLF,264.5746,0.035013
-1,2010-04-30,DLF,266.1164,0.005827
-1,2010-05-31,DLF,236.9952,-0.10943
-1,2010-06-30,DLF,247.2304,0.043187
-1,2010-07-31,DLF,258.1509,0.044171
-1,2010-08-31,DLF,258.6219,0.001825
-1,2010-09-30,DLF,323.9305,0.252525
-1,2010-10-31,DLF,302.1044,-0.067379
-1,2010-11-30,DLF,264.2445,-0.125321
-1,2010-12-31,DLF,251.4953,-0.048248
-1,2011-01-31,DLF,192.8747,-0.233088
-1,2011-02-28,DLF,182.4945,-0.053818
-1,2011-03-31,DLF,231.3377,0.267642
-1,2011-04-30,DLF,191.9272,-0.170359
-1,2011-05-31,DLF,205.8393,0.072486
-1,2011-06-30,DLF,181.2885,-0.119272
-1,2011-07-31,DLF,198.9909,0.097648
-1,2011-08-31,DLF,170.948,-0.140926
-1,2011-09-30,DLF,190.1932,0.112579
-1,2011-10-31,DLF,210.3941,0.106213
-1,2011-11-30,DLF,180.7661,-0.140821
-1,2011-12-31,DLF,159.088,-0.119923
-1,2012-01-31,DLF,187.7169,0.179956
-1,2012-02-29,DLF,196.7965,0.048369
-1,2012-03-31,DLF,175.2922,-0.109272
-1,2012-04-30,DLF,162.4766,-0.07311
-1,2012-05-31,DLF,160.3913,-0.012834
-1,2012-06-30,DLF,172.5119,0.075569
-1,2012-07-31,DLF,181.6349,0.052883
-1,2012-08-31,DLF,169.4709,-0.06697
-1,2012-09-30,DLF,204.5714,0.207118
-1,2012-10-31,DLF,177.8653,-0.130547
-1,2012-11-30,DLF,184.0047,0.034517
-1,2012-12-31,DLF,202.2472,0.099141
-1,2013-01-31,DLF,243.4685,0.203816
-1,2013-02-28,DLF,243.2492,-0.000901
-1,2013-03-31,DLF,205.8431,-0.153777
-1,2013-04-30,DLF,208.9128,0.014913
-1,2013-05-31,DLF,170.7612,-0.18262
-1,2013-06-30,DLF,158.9649,-0.069081
-1,2013-07-31,DLF,131.3818,-0.173517
-1,2013-08-31,DLF,115.2025,-0.123147
-1,2013-09-30,DLF,113.6494,-0.013481
-1,2013-10-31,DLF,134.5953,0.184303
-1,2013-11-30,DLF,134.9947,0.002967
-1,2013-12-31,DLF,147.9527,0.095989
-1,2014-01-31,DLF,122.0366,-0.175165
-1,2014-02-28,DLF,125.2761,0.026545
-1,2014-03-31,DLF,156.6062,0.250088
-1,2014-04-30,DLF,124.3885,-0.205724
-1,2014-05-31,DLF,186.4719,0.499109
-1,2014-06-30,DLF,190.8652,0.02356
-1,2014-07-31,DLF,175.9545,-0.078122
-1,2014-08-31,DLF,157.3606,-0.105674
-1,2014-09-30,DLF,135.2504,-0.140507
-1,2014-10-31,DLF,111.8494,-0.17302
-1,2014-11-30,DLF,133.6813,0.19519
-1,2014-12-31,DLF,123.1912,-0.078471
-1,2015-01-31,DLF,152.3304,0.236536
-1,2015-02-28,DLF,139.8229,-0.082108
8241,2015-03-31,DLF,157.7,0.127855
8242,2015-04-30,DLF,137.65,-0.12714
8243,2015-05-31,DLF,119.05,-0.135125
8244,2015-06-30,DLF,116.55,-0.021
8245,2015-07-31,DLF,114.95,-0.013728
8246,2015-08-31,DLF,110.45,-0.039147
8247,2015-09-30,DLF,137.6,0.245813
8248,2015-10-31,DLF,116.1,-0.15625
8249,2015-11-30,DLF,116.05,-0.000431
8250,2015-12-31,DLF,116.0,-0.000431
8251,2016-01-31,DLF,96.5,-0.168103
8252,2016-02-29,DLF,88.65,-0.081347
8253,2016-03-31,DLF,115.0,0.297236
8254,2016-04-30,DLF,129.9,0.129565
8255,2016-05-31,DLF,130.0,0.00077
8256,2016-06-30,DLF,150.35,0.156538
8257,2016-07-31,DLF,161.5,0.07416
8258,2016-08-31,DLF,154.6,-0.042724
8259,2016-09-30,DLF,146.25,-0.05401
8260,2016-10-31,DLF,150.0,0.025641
8261,2016-11-30,DLF,114.7,-0.235333
8262,2016-12-31,DLF,111.0,-0.032258
8263,2017-01-31,DLF,135.55,0.221171
8264,2017-02-28,DLF,152.3,0.123571
8265,2017-03-31,DLF,148.8,-0.022981
8266,2017-04-30,DLF,185.7,0.247984
8267,2017-05-31,DLF,179.5,-0.033387
8268,2017-06-30,DLF,190.95,0.063788
8269,2017-07-31,DLF,192.95,0.010474
8270,2017-08-31,DLF,186.2,-0.034983
8271,2017-09-30,DLF,165.35,-0.111976
8272,2017-10-31,DLF,201.65,0.219534
8273,2017-11-30,DLF,234.55,0.163154
8274,2017-12-31,DLF,260.0,0.108506
8275,2018-01-31,DLF,250.2,-0.037692
8276,2018-02-28,DLF,225.55,-0.098521
8277,2018-03-31,DLF,201.15,-0.10818
8278,2018-04-30,DLF,222.6,0.106637
8279,2018-05-31,DLF,210.45,-0.054582
8280,2018-06-30,DLF,188.4,-0.104775
8281,2018-07-31,DLF,195.75,0.039013
8282,2018-08-31,DLF,220.75,0.127714
8283,2018-09-30,DLF,161.6,-0.26795
8284,2018-10-31,DLF,164.0,0.014851
8285,2018-11-30,DLF,178.65,0.089329
8286,2018-12-31,DLF,177.25,-0.007837
8287,2019-01-31,DLF,164.4,-0.072496
8288,2019-02-28,DLF,166.2,0.010949
8289,2019-03-31,DLF,201.8,0.2142
8290,2019-04-30,DLF,171.9,-0.148167
8291,2019-05-31,DLF,190.05,0.105585
8292,2019-06-30,DLF,188.95,-0.005788
8293,2019-07-31,DLF,177.45,-0.060863
8294,2019-08-31,DLF,168.1,-0.052691
8295,2019-09-30,DLF,155.35,-0.075848
8296,2019-10-31,DLF,183.8,0.183135
8297,2019-11-30,DLF,220.0,0.196953
8298,2019-12-31,DLF,230.3,0.046818
8299,2020-01-31,DLF,260.3,0.130265
8300,2020-02-29,DLF,202.9,-0.220515
8301,2020-03-31,DLF,136.8,-0.325776
8302,2020-04-30,DLF,146.75,0.072734
8303,2020-05-31,DLF,149.6,0.019421
8304,2020-06-30,DLF,148.65,-0.00635
8305,2020-07-31,DLF,141.2,-0.050118
8306,2020-08-31,DLF,157.45,0.115085
8307,2020-09-30,DLF,152.0,-0.034614
8308,2020-10-31,DLF,158.9,0.045395
8309,2020-11-30,DLF,186.0,0.170548
8310,2020-12-31,DLF,232.2,0.248387
8311,2021-01-31,DLF,256.3,0.10379
8312,2021-02-28,DLF,302.0,0.178307
8313,2021-03-31,DLF,286.4,-0.051656
8314,2021-04-30,DLF,246.15,-0.140538
8315,2021-05-31,DLF,288.6,0.172456
8316,2021-06-30,DLF,281.3,-0.025295
8317,2021-07-31,DLF,337.6,0.200142
8318,2021-08-31,DLF,320.0,-0.052133
8319,2021-09-30,DLF,417.1,0.303438
8320,2021-10-31,DLF,399.5,-0.042196
8321,2021-11-30,DLF,373.4,-0.065332
8322,2021-12-31,DLF,391.5,0.048473
8323,2022-01-31,DLF,391.9,0.001022
8324,2022-02-28,DLF,351.15,-0.103981
8325,2022-03-31,DLF,380.0,0.082159
8326,2022-04-30,DLF,370.4,-0.025263
8327,2022-05-31,DLF,345.85,-0.06628
8328,2022-06-30,DLF,312.95,-0.095128
8329,2022-07-31,DLF,384.0,0.227033
8330,2022-08-31,DLF,389.85,0.015234
8331,2022-09-30,DLF,357.0,-0.084263
8332,2022-10-31,DLF,385.0,0.078431
8333,2022-11-30,DLF,401.8,0.043636
8334,2022-12-31,DLF,374.5,-0.067944
8335,2023-01-31,DLF,356.0,-0.049399
8336,2023-02-28,DLF,351.6,-0.01236
8337,2023-03-31,DLF,356.0,0.012514
8338,2023-04-30,DLF,424.75,0.193118
8339,2023-05-31,DLF,474.35,0.116775
8340,2023-06-30,DLF,490.35,0.03373
8341,2023-07-31,DLF,517.3,0.054961
8342,2023-08-31,DLF,503.8,-0.026097
8343,2023-09-30,DLF,531.0,0.05399
8344,2023-10-31,DLF,562.5,0.059322
8345,2023-11-30,DLF,626.5,0.113778
8346,2023-12-31,DLF,724.0,0.155626
8347,2024-01-31,DLF,797.0,0.100829
8348,2024-02-29,DLF,904.05,0.134316
8349,2024-03-31,DLF,900.0,-0.00448
8350,2024-04-30,DLF,892.45,-0.008389
8351,2024-05-31,DLF,822.4,-0.078492
8352,2024-06-30,DLF,823.55,0.001398
8353,2024-07-31,DLF,891.05,0.081962
8354,2024-08-31,DLF,846.05,-0.050502
8355,2024-09-30,DLF,895.45,0.058389
8356,2024-10-31,DLF,819.7,-0.084594
8357,2024-11-30,DLF,821.0,0.001586
8358,2024-12-31,DLF,824.35,0.00408
8359,2025-01-31,DLF,745.0,-0.096258
8360,2025-02-28,DLF,633.0,-0.150336
8361,2025-03-31,DLF,680.0,0.07425
8362,2025-04-30,DLF,670.25,-0.014338
8363,2025-05-31,DLF,796.8,0.18881
8364,2025-06-30,DLF,838.5,0.052334
8365,2025-07-31,DLF,784.9,-0.063924
8366,2025-08-31,DLF,764.5,-0.025991
8014,2017-04-30,DMART,736.15,
8015,2017-05-31,DMART,749.2,0.017727
8016,2017-06-30,DMART,809.5,0.080486
8017,2017-07-31,DMART,920.4,0.136998
8018,2017-08-31,DMART,1042.5,0.13266
8019,2017-09-30,DMART,1086.0,0.041727
8020,2017-10-31,DMART,1139.95,0.049678
8021,2017-11-30,DMART,1114.0,-0.022764
8022,2017-12-31,DMART,1178.5,0.057899
8023,2018-01-31,DMART,1179.4,0.000764
8024,2018-02-28,DMART,1354.0,0.148041
8025,2018-03-31,DMART,1312.0,-0.031019
8026,2018-04-30,DMART,1489.7,0.135442
8027,2018-05-31,DMART,1530.0,0.027052
8028,2018-06-30,DMART,1487.0,-0.028105
8029,2018-07-31,DMART,1653.6,0.112038
8030,2018-08-31,DMART,1604.85,-0.029481
8031,2018-09-30,DMART,1396.0,-0.130137
8032,2018-10-31,DMART,1342.8,-0.038109
8033,2018-11-30,DMART,1487.0,0.107388
8034,2018-12-31,DMART,1605.7,0.079825
8035,2019-01-31,DMART,1374.1,-0.144236
8036,2019-02-28,DMART,1455.0,0.058875
8037,2019-03-31,DMART,1469.0,0.009622
8038,2019-04-30,DMART,1290.0,-0.121852
8039,2019-05-31,DMART,1320.0,0.023256
8040,2019-06-30,DMART,1397.1,0.058409
8041,2019-07-31,DMART,1483.9,0.062129
8042,2019-08-31,DMART,1574.0,0.060718
8043,2019-09-30,DMART,1874.0,0.190597
8044,2019-10-31,DMART,1994.25,0.064168
8045,2019-11-30,DMART,1829.8,-0.082462
8046,2019-12-31,DMART,1839.0,0.005028
8047,2020-01-31,DMART,2133.0,0.159869
8048,2020-02-29,DMART,2348.0,0.100797
8049,2020-03-31,DMART,2220.0,-0.054514
8050,2020-04-30,DMART,2365.0,0.065315
8051,2020-05-31,DMART,2300.0,-0.027484
8052,2020-06-30,DMART,2315.0,0.006522
8053,2020-07-31,DMART,2060.05,-0.11013
8054,2020-08-31,DMART,2248.8,0.091624
8055,2020-09-30,DMART,2187.0,-0.027481
8056,2020-10-31,DMART,2228.0,0.018747
8057,2020-11-30,DMART,2320.0,0.041293
8058,2020-12-31,DMART,2760.0,0.189655
8059,2021-01-31,DMART,2698.0,-0.022464
8060,2021-02-28,DMART,2960.0,0.097109
8061,2021-03-31,DMART,2870.0,-0.030405
8062,2021-04-30,DMART,2840.0,-0.010453
8063,2021-05-31,DMART,3070.0,0.080986
8064,2021-06-30,DMART,3350.5,0.091368
8065,2021-07-31,DMART,3501.0,0.044919
8066,2021-08-31,DMART,3950.0,0.128249
8067,2021-09-30,DMART,4241.0,0.073671
8068,2021-10-31,DMART,4622.0,0.089837
8069,2021-11-30,DMART,4725.0,0.022285
8070,2021-12-31,DMART,4665.0,-0.012698
8071,2022-01-31,DMART,4108.0,-0.1194
8072,2022-02-28,DMART,4344.0,0.057449
8073,2022-03-31,DMART,3996.0,-0.08011
8074,2022-04-30,DMART,3931.75,-0.016079
8075,2022-05-31,DMART,3961.0,0.007439
8076,2022-06-30,DMART,3386.0,-0.145165
8077,2022-07-31,DMART,4241.0,0.25251
8078,2022-08-31,DMART,4538.1,0.070054
8079,2022-09-30,DMART,4390.05,-0.032624
8080,2022-10-31,DMART,4322.0,-0.015501
8081,2022-11-30,DMART,4029.0,-0.067793
8082,2022-12-31,DMART,4051.95,0.005696
8083,2023-01-31,DMART,3510.7,-0.133578
8084,2023-02-28,DMART,3438.0,-0.020708
8085,2023-03-31,DMART,3411.0,-0.007853
8086,2023-04-30,DMART,3514.0,0.030196
8087,2023-05-31,DMART,3454.0,-0.017075
8088,2023-06-30,DMART,3895.0,0.127678
8089,2023-07-31,DMART,3752.0,-0.036714
8090,2023-08-31,DMART,3721.0,-0.008262
8091,2023-09-30,DMART,3680.7,-0.01083
8092,2023-10-31,DMART,3632.55,-0.013082
8093,2023-11-30,DMART,3950.0,0.08739
8094,2023-12-31,DMART,4060.0,0.027848
8095,2024-01-31,DMART,3810.0,-0.061576
8096,2024-02-29,DMART,3919.0,0.028609
8097,2024-03-31,DMART,4529.9,0.155882
8098,2024-04-30,DMART,4605.0,0.016579
8099,2024-05-31,DMART,4287.35,-0.068979
8100,2024-06-30,DMART,4713.05,0.099292
8101,2024-07-31,DMART,4953.9,0.051103
8102,2024-08-31,DMART,4920.0,-0.006843
8103,2024-09-30,DMART,5109.0,0.038415
8104,2024-10-31,DMART,3931.0,-0.230573
8105,2024-11-30,DMART,3710.0,-0.05622
8106,2024-12-31,DMART,3559.55,-0.040553
8107,2025-01-31,DMART,3660.0,0.02822
8108,2025-02-28,DMART,3409.95,-0.06832
8109,2025-03-31,DMART,4071.0,0.193859
8110,2025-04-30,DMART,4175.0,0.025547
8111,2025-05-31,DMART,4011.0,-0.039281
8112,2025-06-30,DMART,4366.4,0.088606
8113,2025-07-31,DMART,4266.6,-0.022856
8114,2025-08-31,DMART,4242.0,-0.005766
-1,2006-01-31,DRREDDY,98.1946,
-1,2006-02-28,DRREDDY,114.383,0.16486
-1,2006-03-31,DRREDDY,124.4806,0.088279
-1,2006-04-30,DRREDDY,125.4351,0.007668
-1,2006-05-31,DRREDDY,118.8494,-0.052503
-1,2006-06-30,DRREDDY,111.042,-0.065692
-1,2006-07-31,DRREDDY,122.4269,0.102528
-1,2006-08-31,DRREDDY,126.9977,0.037335
-1,2006-09-30,DRREDDY,128.5888,0.012529
-1,2006-10-31,DRREDDY,131.815,0.025089
-1,2006-11-30,DRREDDY,131.9908,0.001334
-1,2006-12-31,DRREDDY,142.6186,0.080519
-1,2007-01-31,DRREDDY,130.637,-0.084011
-1,2007-02-28,DRREDDY,119.0071,-0.089025
-1,2007-03-31,DRREDDY,128.035,0.07586
-1,2007-04-30,DRREDDY,124.5539,-0.027189
-1,2007-05-31,DRREDDY,113.7767,-0.086526
-1,2007-06-30,DRREDDY,115.5524,0.015607
-1,2007-07-31,DRREDDY,111.4735,-0.035299
-1,2007-08-31,DRREDDY,113.2649,0.01607
-1,2007-09-30,DRREDDY,114.9268,0.014673
-1,2007-10-31,DRREDDY,109.8969,-0.043766
-1,2007-11-30,DRREDDY,111.3555,0.013272
-1,2007-12-31,DRREDDY,129.4684,0.162658
-1,2008-01-31,DRREDDY,93.5698,-0.277277
-1,2008-02-29,DRREDDY,103.1964,0.102881
-1,2008-03-31,DRREDDY,104.5311,0.012934
-1,2008-04-30,DRREDDY,110.1445,0.053701
-1,2008-05-31,DRREDDY,126.2595,0.146308
-1,2008-06-30,DRREDDY,118.4186,-0.062101
-1,2008-07-31,DRREDDY,100.624,-0.150269
-1,2008-08-31,DRREDDY,102.9815,0.023429
-1,2008-09-30,DRREDDY,90.6767,-0.119486
-1,2008-10-31,DRREDDY,76.4426,-0.156976
-1,2008-11-30,DRREDDY,75.9625,-0.006281
-1,2008-12-31,DRREDDY,83.333,0.097028
-1,2009-01-31,DRREDDY,79.9811,-0.040223
-1,2009-02-28,DRREDDY,69.6768,-0.128834
-1,2009-03-31,DRREDDY,87.1649,0.250989
-1,2009-04-30,DRREDDY,96.8647,0.111281
-1,2009-05-31,DRREDDY,115.1352,0.188619
-1,2009-06-30,DRREDDY,138.669,0.204401
-1,2009-07-31,DRREDDY,145.8616,0.051869
-1,2009-08-31,DRREDDY,142.1176,-0.025668
-1,2009-09-30,DRREDDY,177.9383,0.25205
-1,2009-10-31,DRREDDY,181.281,0.018786
-1,2009-11-30,DRREDDY,202.3504,0.116225
-1,2009-12-31,DRREDDY,205.514,0.015634
-1,2010-01-31,DRREDDY,200.6746,-0.023548
-1,2010-02-28,DRREDDY,204.7432,0.020275
-1,2010-03-31,DRREDDY,228.5191,0.116125
-1,2010-04-30,DRREDDY,225.8306,-0.011765
-1,2010-05-31,DRREDDY,251.6228,0.11421
-1,2010-06-30,DRREDDY,260.1187,0.033764
-1,2010-07-31,DRREDDY,242.7954,-0.066598
-1,2010-08-31,DRREDDY,246.486,0.0152
-1,2010-09-30,DRREDDY,260.4411,0.056616
-1,2010-10-31,DRREDDY,299.8044,0.151141
-1,2010-11-30,DRREDDY,322.7648,0.076585
-1,2010-12-31,DRREDDY,300.3915,-0.069318
-1,2011-01-31,DRREDDY,293.4185,-0.023213
-1,2011-02-28,DRREDDY,279.2827,-0.048176
-1,2011-03-31,DRREDDY,296.0921,0.060188
-1,2011-04-30,DRREDDY,300.5812,0.015161
-1,2011-05-31,DRREDDY,291.901,-0.028878
-1,2011-06-30,DRREDDY,276.7357,-0.051954
-1,2011-07-31,DRREDDY,288.6098,0.042908
-1,2011-08-31,DRREDDY,272.2236,-0.056776
-1,2011-09-30,DRREDDY,269.8853,-0.00859
-1,2011-10-31,DRREDDY,304.0134,0.126454
-1,2011-11-30,DRREDDY,287.0539,-0.055785
-1,2011-12-31,DRREDDY,287.1358,0.000285
-1,2012-01-31,DRREDDY,307.4798,0.070851
-1,2012-02-29,DRREDDY,298.9182,-0.027844
-1,2012-03-31,DRREDDY,321.1273,0.074298
-1,2012-04-30,DRREDDY,320.7998,-0.00102
-1,2012-05-31,DRREDDY,306.7246,-0.043875
-1,2012-06-30,DRREDDY,299.9099,-0.022218
-1,2012-07-31,DRREDDY,296.4008,-0.011701
-1,2012-08-31,DRREDDY,307.8994,0.038794
-1,2012-09-30,DRREDDY,302.0354,-0.019045
-1,2012-10-31,DRREDDY,322.3803,0.067359
-1,2012-11-30,DRREDDY,333.9247,0.03581
-1,2012-12-31,DRREDDY,335.8243,0.005689
-1,2013-01-31,DRREDDY,351.6359,0.047083
-1,2013-02-28,DRREDDY,322.1876,-0.083747
-1,2013-03-31,DRREDDY,324.2157,0.006295
-1,2013-04-30,DRREDDY,372.247,0.148146
-1,2013-05-31,DRREDDY,383.9565,0.031456
-1,2013-06-30,DRREDDY,407.238,0.060636
-1,2013-07-31,DRREDDY,418.6814,0.0281
-1,2013-08-31,DRREDDY,423.5964,0.011739
-1,2013-09-30,DRREDDY,439.8999,0.038488
-1,2013-10-31,DRREDDY,453.8019,0.031603
-1,2013-11-30,DRREDDY,459.0485,0.011561
-1,2013-12-31,DRREDDY,468.2487,0.020042
-1,2014-01-31,DRREDDY,482.0952,0.029571
-1,2014-02-28,DRREDDY,534.9224,0.109578
-1,2014-03-31,DRREDDY,473.6617,-0.114523
-1,2014-04-30,DRREDDY,499.9413,0.055482
-1,2014-05-31,DRREDDY,454.587,-0.090719
-1,2014-06-30,DRREDDY,484.7739,0.066405
-1,2014-07-31,DRREDDY,518.8866,0.070368
-1,2014-08-31,DRREDDY,548.3264,0.056736
-1,2014-09-30,DRREDDY,600.7243,0.09556
-1,2014-10-31,DRREDDY,589.322,-0.018981
-1,2014-11-30,DRREDDY,670.7833,0.138229
-1,2014-12-31,DRREDDY,603.8118,-0.099841
-1,2015-01-31,DRREDDY,601.4031,-0.003989
-1,2015-02-28,DRREDDY,609.7363,0.013856
252,2015-03-31,DRREDDY,697.05,0.143199
253,2015-04-30,DRREDDY,663.2,-0.048562
254,2015-05-31,DRREDDY,705.6,0.063932
255,2015-06-30,DRREDDY,711.15,0.007866
256,2015-07-31,DRREDDY,817.6,0.149687
257,2015-08-31,DRREDDY,859.65,0.051431
258,2015-09-30,DRREDDY,832.0,-0.032164
259,2015-10-31,DRREDDY,857.0,0.030048
260,2015-11-30,DRREDDY,622.6,-0.273512
261,2015-12-31,DRREDDY,620.6,-0.003212
262,2016-01-31,DRREDDY,620.8,0.000322
263,2016-02-29,DRREDDY,606.65,-0.022793
264,2016-03-31,DRREDDY,608.05,0.002308
265,2016-04-30,DRREDDY,617.2,0.015048
266,2016-05-31,DRREDDY,638.8,0.034997
267,2016-06-30,DRREDDY,677.0,0.0598
268,2016-07-31,DRREDDY,586.0,-0.134417
269,2016-08-31,DRREDDY,619.2,0.056655
270,2016-09-30,DRREDDY,621.0,0.002907
271,2016-10-31,DRREDDY,663.8,0.068921
272,2016-11-30,DRREDDY,640.2,-0.035553
273,2016-12-31,DRREDDY,611.2,-0.045298
274,2017-01-31,DRREDDY,602.8,-0.013743
275,2017-02-28,DRREDDY,569.2,-0.05574
276,2017-03-31,DRREDDY,526.4,-0.075193
277,2017-04-30,DRREDDY,519.6,-0.012918
278,2017-05-31,DRREDDY,502.0,-0.033872
279,2017-06-30,DRREDDY,538.1,0.071912
280,2017-07-31,DRREDDY,475.15,-0.116986
281,2017-08-31,DRREDDY,403.5,-0.150794
282,2017-09-30,DRREDDY,466.1,0.155143
283,2017-10-31,DRREDDY,485.65,0.041944
284,2017-11-30,DRREDDY,457.2,-0.058581
285,2017-12-31,DRREDDY,482.85,0.056102
286,2018-01-31,DRREDDY,444.8,-0.078803
287,2018-02-28,DRREDDY,446.8,0.004496
288,2018-03-31,DRREDDY,414.7,-0.071844
289,2018-04-30,DRREDDY,422.4,0.018568
290,2018-05-31,DRREDDY,385.55,-0.08724
291,2018-06-30,DRREDDY,446.6,0.158345
292,2018-07-31,DRREDDY,426.0,-0.046126
293,2018-08-31,DRREDDY,498.4,0.169953
294,2018-09-30,DRREDDY,506.0,0.015249
295,2018-10-31,DRREDDY,508.4,0.004743
296,2018-11-30,DRREDDY,546.0,0.073958
297,2018-12-31,DRREDDY,523.4,-0.041392
298,2019-01-31,DRREDDY,543.65,0.038689
299,2019-02-28,DRREDDY,523.8,-0.036512
300,2019-03-31,DRREDDY,556.4,0.062237
301,2019-04-30,DRREDDY,586.75,0.054547
302,2019-05-31,DRREDDY,534.2,-0.089561
303,2019-06-30,DRREDDY,511.85,-0.041838
304,2019-07-31,DRREDDY,513.65,0.003517
305,2019-08-31,DRREDDY,511.65,-0.003894
306,2019-09-30,DRREDDY,540.05,0.055507
307,2019-10-31,DRREDDY,557.6,0.032497
308,2019-11-30,DRREDDY,581.15,0.042235
309,2019-12-31,DRREDDY,573.9,-0.012475
310,2020-01-31,DRREDDY,622.0,0.083813
311,2020-02-29,DRREDDY,584.0,-0.061093
312,2020-03-31,DRREDDY,623.8,0.068151
313,2020-04-30,DRREDDY,786.2,0.26034
314,2020-05-31,DRREDDY,812.0,0.032816
315,2020-06-30,DRREDDY,790.05,-0.027032
316,2020-07-31,DRREDDY,904.75,0.145181
317,2020-08-31,DRREDDY,846.7,-0.064161
318,2020-09-30,DRREDDY,1036.4,0.224046
319,2020-10-31,DRREDDY,977.2,-0.057121
320,2020-11-30,DRREDDY,965.2,-0.01228
321,2020-12-31,DRREDDY,1042.8,0.080398
322,2021-01-31,DRREDDY,922.7,-0.115171
323,2021-02-28,DRREDDY,885.4,-0.040425
324,2021-03-31,DRREDDY,902.6,0.019426
325,2021-04-30,DRREDDY,1033.8,0.145358
326,2021-05-31,DRREDDY,1059.85,0.025198
327,2021-06-30,DRREDDY,1081.35,0.020286
328,2021-07-31,DRREDDY,942.2,-0.128682
329,2021-08-31,DRREDDY,941.95,-0.000265
330,2021-09-30,DRREDDY,977.2,0.037422
331,2021-10-31,DRREDDY,927.15,-0.051218
332,2021-11-30,DRREDDY,931.0,0.004153
333,2021-12-31,DRREDDY,981.15,0.053867
334,2022-01-31,DRREDDY,859.35,-0.12414
335,2022-02-28,DRREDDY,813.0,-0.053936
336,2022-03-31,DRREDDY,858.6,0.056089
337,2022-04-30,DRREDDY,827.6,-0.036105
338,2022-05-31,DRREDDY,871.05,0.052501
339,2022-06-30,DRREDDY,873.95,0.003329
340,2022-07-31,DRREDDY,818.2,-0.063791
341,2022-08-31,DRREDDY,846.5,0.034588
342,2022-09-30,DRREDDY,864.95,0.021796
343,2022-10-31,DRREDDY,885.5,0.023759
344,2022-11-30,DRREDDY,897.3,0.013326
345,2022-12-31,DRREDDY,847.0,-0.056057
346,2023-01-31,DRREDDY,868.0,0.024793
347,2023-02-28,DRREDDY,862.8,-0.005991
348,2023-03-31,DRREDDY,928.0,0.075568
349,2023-04-30,DRREDDY,982.0,0.05819
350,2023-05-31,DRREDDY,901.25,-0.08223
351,2023-06-30,DRREDDY,1030.8,0.143745
352,2023-07-31,DRREDDY,1130.35,0.096575
353,2023-08-31,DRREDDY,1124.0,-0.005618
354,2023-09-30,DRREDDY,1118.1,-0.005249
355,2023-10-31,DRREDDY,1072.8,-0.040515
356,2023-11-30,DRREDDY,1156.85,0.078346
357,2023-12-31,DRREDDY,1160.8,0.003414
358,2024-01-31,DRREDDY,1224.0,0.054445
359,2024-02-29,DRREDDY,1281.8,0.047222
360,2024-03-31,DRREDDY,1228.1,-0.041894
361,2024-04-30,DRREDDY,1240.05,0.00973
362,2024-05-31,DRREDDY,1156.4,-0.067457
363,2024-06-30,DRREDDY,1280.0,0.106883
364,2024-07-31,DRREDDY,1351.2,0.055625
365,2024-08-31,DRREDDY,1398.9,0.035302
366,2024-09-30,DRREDDY,1350.0,-0.034956
367,2024-10-31,DRREDDY,1274.0,-0.056296
368,2024-11-30,DRREDDY,1202.45,-0.056162
369,2024-12-31,DRREDDY,1387.9,0.154227
370,2025-01-31,DRREDDY,1215.45,-0.124252
371,2025-02-28,DRREDDY,1115.7,-0.082068
372,2025-03-31,DRREDDY,1145.0,0.026262
373,2025-04-30,DRREDDY,1179.5,0.030131
374,2025-05-31,DRREDDY,1251.0,0.060619
375,2025-06-30,DRREDDY,1286.3,0.028217
376,2025-07-31,DRREDDY,1267.1,-0.014927
377,2025-08-31,DRREDDY,1196.7,-0.05556
7475,2015-03-31,EICHERMOT,1592.5,
7476,2015-04-30,EICHERMOT,1532.0,-0.037991
7477,2015-05-31,EICHERMOT,1830.0,0.194517
7478,2015-06-30,EICHERMOT,1967.0,0.074863
7479,2015-07-31,EICHERMOT,1910.0,-0.028978
7480,2015-08-31,EICHERMOT,1887.0,-0.012042
7481,2015-09-30,EICHERMOT,1780.0,-0.056704
7482,2015-10-31,EICHERMOT,1772.1,-0.004438
7483,2015-11-30,EICHERMOT,1677.0,-0.053665
7484,2015-12-31,EICHERMOT,1685.0,0.00477
7485,2016-01-31,EICHERMOT,1662.5,-0.013353
7486,2016-02-29,EICHERMOT,1892.0,0.138045
7487,2016-03-31,EICHERMOT,1920.0,0.014799
7488,2016-04-30,EICHERMOT,1995.5,0.039323
7489,2016-05-31,EICHERMOT,1842.9,-0.076472
7490,2016-06-30,EICHERMOT,1915.1,0.039177
7491,2016-07-31,EICHERMOT,2250.0,0.174873
7492,2016-08-31,EICHERMOT,2265.1,0.006711
7493,2016-09-30,EICHERMOT,2489.25,0.098958
7494,2016-10-31,EICHERMOT,2395.0,-0.037863
7495,2016-11-30,EICHERMOT,2175.0,-0.091858
7496,2016-12-31,EICHERMOT,2177.5,0.001149
7497,2017-01-31,EICHERMOT,2306.0,0.059013
7498,2017-02-28,EICHERMOT,2417.9,0.048526
7499,2017-03-31,EICHERMOT,2547.0,0.053393
7500,2017-04-30,EICHERMOT,2615.0,0.026698
7501,2017-05-31,EICHERMOT,2850.0,0.089866
7502,2017-06-30,EICHERMOT,2701.0,-0.052281
7503,2017-07-31,EICHERMOT,3016.0,0.116623
7504,2017-08-31,EICHERMOT,3150.0,0.04443
7505,2017-09-30,EICHERMOT,3121.9,-0.008921
7506,2017-10-31,EICHERMOT,3220.85,0.031695
7507,2017-11-30,EICHERMOT,3000.0,-0.068569
7508,2017-12-31,EICHERMOT,3035.1,0.0117
7509,2018-01-31,EICHERMOT,2687.0,-0.114691
7510,2018-02-28,EICHERMOT,2742.0,0.020469
7511,2018-03-31,EICHERMOT,2833.0,0.033187
7512,2018-04-30,EICHERMOT,3119.0,0.100953
7513,2018-05-31,EICHERMOT,3065.0,-0.017313
7514,2018-06-30,EICHERMOT,2872.55,-0.06279
7515,2018-07-31,EICHERMOT,2779.9,-0.032254
7516,2018-08-31,EICHERMOT,2793.6,0.004928
7517,2018-09-30,EICHERMOT,2424.9,-0.13198
7518,2018-10-31,EICHERMOT,2171.2,-0.104623
7519,2018-11-30,EICHERMOT,2335.0,0.075442
7520,2018-12-31,EICHERMOT,2306.6,-0.012163
7521,2019-01-31,EICHERMOT,1900.1,-0.176233
7522,2019-02-28,EICHERMOT,1982.15,0.043182
7523,2019-03-31,EICHERMOT,2051.6,0.035038
7524,2019-04-30,EICHERMOT,2033.2,-0.008969
7525,2019-05-31,EICHERMOT,1995.0,-0.018788
7526,2019-06-30,EICHERMOT,1913.0,-0.041103
7527,2019-07-31,EICHERMOT,1624.0,-0.151072
7528,2019-08-31,EICHERMOT,1626.0,0.001232
7529,2019-09-30,EICHERMOT,1772.0,0.089791
7530,2019-10-31,EICHERMOT,2263.0,0.277088
7531,2019-11-30,EICHERMOT,2288.5,0.011268
7532,2019-12-31,EICHERMOT,2240.0,-0.021193
7533,2020-01-31,EICHERMOT,2024.0,-0.096429
7534,2020-02-29,EICHERMOT,1661.0,-0.179348
7535,2020-03-31,EICHERMOT,1297.3,-0.218964
7536,2020-04-30,EICHERMOT,1465.0,0.129268
7537,2020-05-31,EICHERMOT,1650.0,0.12628
7538,2020-06-30,EICHERMOT,1832.0,0.110303
7539,2020-07-31,EICHERMOT,2062.0,0.125546
7540,2020-08-31,EICHERMOT,2102.0,0.019399
7541,2020-09-30,EICHERMOT,2190.0,0.041865
7542,2020-10-31,EICHERMOT,2085.0,-0.047945
7543,2020-11-30,EICHERMOT,2530.0,0.213429
7544,2020-12-31,EICHERMOT,2526.0,-0.001581
7545,2021-01-31,EICHERMOT,2758.3,0.091964
7546,2021-02-28,EICHERMOT,2480.0,-0.100895
7547,2021-03-31,EICHERMOT,2603.2,0.049677
7548,2021-04-30,EICHERMOT,2419.95,-0.070394
7549,2021-05-31,EICHERMOT,2666.5,0.101882
7550,2021-06-30,EICHERMOT,2674.5,0.003
7551,2021-07-31,EICHERMOT,2531.4,-0.053505
7552,2021-08-31,EICHERMOT,2674.0,0.056332
7553,2021-09-30,EICHERMOT,2788.85,0.042951
7554,2021-10-31,EICHERMOT,2488.0,-0.107876
7555,2021-11-30,EICHERMOT,2375.0,-0.045418
7556,2021-12-31,EICHERMOT,2588.0,0.089684
7557,2022-01-31,EICHERMOT,2639.0,0.019706
7558,2022-02-28,EICHERMOT,2586.0,-0.020083
7559,2022-03-31,EICHERMOT,2455.0,-0.050657
7560,2022-04-30,EICHERMOT,2631.9,0.072057
7561,2022-05-31,EICHERMOT,2806.15,0.066207
7562,2022-06-30,EICHERMOT,2785.0,-0.007537
7563,2022-07-31,EICHERMOT,3079.25,0.105655
7564,2022-08-31,EICHERMOT,3360.0,0.091175
7565,2022-09-30,EICHERMOT,3665.0,0.090774
7566,2022-10-31,EICHERMOT,3855.0,0.051842
7567,2022-11-30,EICHERMOT,3489.6,-0.094786
7568,2022-12-31,EICHERMOT,3222.9,-0.076427
7569,2023-01-31,EICHERMOT,3276.9,0.016755
7570,2023-02-28,EICHERMOT,3105.0,-0.052458
7571,2023-03-31,EICHERMOT,2952.0,-0.049275
7572,2023-04-30,EICHERMOT,3298.0,0.117209
7573,2023-05-31,EICHERMOT,3678.3,0.115312
7574,2023-06-30,EICHERMOT,3583.8,-0.025691
7575,2023-07-31,EICHERMOT,3367.1,-0.060467
7576,2023-08-31,EICHERMOT,3341.0,-0.007751
7577,2023-09-30,EICHERMOT,3471.6,0.03909
7578,2023-10-31,EICHERMOT,3296.0,-0.050582
7579,2023-11-30,EICHERMOT,3885.0,0.178701
7580,2023-12-31,EICHERMOT,4132.0,0.063578
7581,2024-01-31,EICHERMOT,3841.35,-0.070341
7582,2024-02-29,EICHERMOT,3800.0,-0.010764
7583,2024-03-31,EICHERMOT,4026.0,0.059474
7584,2024-04-30,EICHERMOT,4615.5,0.146423
7585,2024-05-31,EICHERMOT,4742.05,0.027418
7586,2024-06-30,EICHERMOT,4667.9,-0.015637
7587,2024-07-31,EICHERMOT,4980.0,0.066861
7588,2024-08-31,EICHERMOT,4956.25,-0.004769
7589,2024-09-30,EICHERMOT,5036.15,0.016121
7590,2024-10-31,EICHERMOT,4909.95,-0.025059
7591,2024-11-30,EICHERMOT,4832.2,-0.015835
7592,2024-12-31,EICHERMOT,4825.0,-0.00149
7593,2025-01-31,EICHERMOT,5195.95,0.076881
7594,2025-02-28,EICHERMOT,4803.0,-0.075626
7595,2025-03-31,EICHERMOT,5345.25,0.112898
7596,2025-04-30,EICHERMOT,5573.5,0.042701
7597,2025-05-31,EICHERMOT,5354.0,-0.039383
7598,2025-06-30,EICHERMOT,5640.0,0.053418
7599,2025-07-31,EICHERMOT,5463.5,-0.031294
7600,2025-08-31,EICHERMOT,5668.0,0.03743
4071,2021-08-31,ETERNAL,134.0,
4072,2021-09-30,ETERNAL,136.8,0.020896
4073,2021-10-31,ETERNAL,131.7,-0.037281
4074,2021-11-30,ETERNAL,153.15,0.16287
4075,2021-12-31,ETERNAL,136.9,-0.106105
4076,2022-01-31,ETERNAL,90.5,-0.338934
4077,2022-02-28,ETERNAL,80.05,-0.11547
4078,2022-03-31,ETERNAL,82.15,0.026234
4079,2022-04-30,ETERNAL,72.0,-0.123554
4080,2022-05-31,ETERNAL,76.3,0.059722
4081,2022-06-30,ETERNAL,54.0,-0.292267
4082,2022-07-31,ETERNAL,46.2,-0.144444
4083,2022-08-31,ETERNAL,58.25,0.260823
4084,2022-09-30,ETERNAL,62.2,0.067811
4085,2022-10-31,ETERNAL,63.05,0.013666
4086,2022-11-30,ETERNAL,65.75,0.042823
4087,2022-12-31,ETERNAL,59.4,-0.096578
4088,2023-01-31,ETERNAL,49.55,-0.165825
4089,2023-02-28,ETERNAL,53.35,0.07669
4090,2023-03-31,ETERNAL,51.1,-0.042174
4091,2023-04-30,ETERNAL,64.5,0.262231
4092,2023-05-31,ETERNAL,69.2,0.072868
4093,2023-06-30,ETERNAL,74.85,0.081647
4094,2023-07-31,ETERNAL,84.15,0.124248
4095,2023-08-31,ETERNAL,98.6,0.171717
4096,2023-09-30,ETERNAL,101.45,0.028905
4097,2023-10-31,ETERNAL,104.85,0.033514
4098,2023-11-30,ETERNAL,117.75,0.123033
4099,2023-12-31,ETERNAL,123.7,0.050531
4100,2024-01-31,ETERNAL,139.2,0.125303
4101,2024-02-29,ETERNAL,166.95,0.199353
4102,2024-03-31,ETERNAL,182.15,0.091045
4103,2024-04-30,ETERNAL,193.55,0.062586
4104,2024-05-31,ETERNAL,179.5,-0.072591
4105,2024-06-30,ETERNAL,199.99,0.11415
4106,2024-07-31,ETERNAL,229.6,0.148057
4107,2024-08-31,ETERNAL,251.45,0.095166
4108,2024-09-30,ETERNAL,272.9,0.085305
4109,2024-10-31,ETERNAL,241.5,-0.11506
4110,2024-11-30,ETERNAL,279.39,0.156894
4111,2024-12-31,ETERNAL,277.95,-0.005154
4112,2025-01-31,ETERNAL,222.1,-0.200935
4113,2025-02-28,ETERNAL,221.24,-0.003872
4114,2025-03-31,ETERNAL,201.2,-0.09058
4115,2025-04-30,ETERNAL,231.35,0.149851
4116,2025-05-31,ETERNAL,239.99,0.037346
4117,2025-06-30,ETERNAL,263.95,0.099837
4118,2025-07-31,ETERNAL,308.6,0.169161
4119,2025-08-31,ETERNAL,298.85,-0.031594
-1,2006-01-31,GAIL,19.2655,
-1,2006-02-28,GAIL,18.3565,-0.047183
-1,2006-03-31,GAIL,21.5867,0.17597
-1,2006-04-30,GAIL,19.5975,-0.092149
-1,2006-05-31,GAIL,16.0121,-0.182952
-1,2006-06-30,GAIL,17.4219,0.088046
-1,2006-07-31,GAIL,16.3883,-0.059328
-1,2006-08-31,GAIL,17.7616,0.083798
-1,2006-09-30,GAIL,17.9734,0.011925
-1,2006-10-31,GAIL,17.4918,-0.026795
-1,2006-11-30,GAIL,18.2431,0.042952
-1,2006-12-31,GAIL,17.8607,-0.020961
-1,2007-01-31,GAIL,19.6286,0.098983
-1,2007-02-28,GAIL,19.7438,0.005869
-1,2007-03-31,GAIL,18.4631,-0.064866
-1,2007-04-30,GAIL,20.8782,0.130807
-1,2007-05-31,GAIL,21.5086,0.030194
-1,2007-06-30,GAIL,21.8572,0.016207
-1,2007-07-31,GAIL,23.826,0.090076
-1,2007-08-31,GAIL,21.8291,-0.083812
-1,2007-09-30,GAIL,26.8668,0.230779
-1,2007-10-31,GAIL,29.1991,0.08681
-1,2007-11-30,GAIL,30.3723,0.040179
-1,2007-12-31,GAIL,38.5351,0.268758
-1,2008-01-31,GAIL,29.1073,-0.244655
-1,2008-02-29,GAIL,30.2541,0.039399
-1,2008-03-31,GAIL,30.4006,0.004842
-1,2008-04-30,GAIL,31.4474,0.034434
-1,2008-05-31,GAIL,28.6106,-0.090208
-1,2008-06-30,GAIL,23.8053,-0.167955
-1,2008-07-31,GAIL,26.8385,0.127417
-1,2008-08-31,GAIL,28.2462,0.052451
-1,2008-09-30,GAIL,29.6421,0.049419
-1,2008-10-31,GAIL,23.3578,-0.212006
-1,2008-11-30,GAIL,21.3501,-0.085954
-1,2008-12-31,GAIL,22.4438,0.051227
-1,2009-01-31,GAIL,21.2522,-0.053093
-1,2009-02-28,GAIL,22.6146,0.064106
-1,2009-03-31,GAIL,27.2797,0.206287
-1,2009-04-30,GAIL,28.5126,0.045195
-1,2009-05-31,GAIL,33.3221,0.16868
-1,2009-06-30,GAIL,32.0281,-0.038833
-1,2009-07-31,GAIL,36.8709,0.151205
-1,2009-08-31,GAIL,37.2541,0.010393
-1,2009-09-30,GAIL,40.2678,0.080896
-1,2009-10-31,GAIL,39.0457,-0.030349
-1,2009-11-30,GAIL,46.9389,0.202153
-1,2009-12-31,GAIL,46.3391,-0.012778
-1,2010-01-31,GAIL,44.3946,-0.041962
-1,2010-02-28,GAIL,44.9297,0.012053
-1,2010-03-31,GAIL,46.2592,0.029591
-1,2010-04-30,GAIL,48.3434,0.045055
-1,2010-05-31,GAIL,51.1093,0.057214
-1,2010-06-30,GAIL,52.6471,0.030088
-1,2010-07-31,GAIL,49.4024,-0.061631
-1,2010-08-31,GAIL,52.0556,0.053706
-1,2010-09-30,GAIL,53.8019,0.033547
-1,2010-10-31,GAIL,56.0348,0.041502
-1,2010-11-30,GAIL,56.0291,-0.000102
-1,2010-12-31,GAIL,58.4401,0.043031
-1,2011-01-31,GAIL,53.8963,-0.077751
-1,2011-02-28,GAIL,48.8151,-0.094277
-1,2011-03-31,GAIL,53.101,0.087799
-1,2011-04-30,GAIL,54.4113,0.024676
-1,2011-05-31,GAIL,50.9037,-0.064465
-1,2011-06-30,GAIL,50.4917,-0.008094
-1,2011-07-31,GAIL,52.7691,0.045104
-1,2011-08-31,GAIL,46.9898,-0.109521
-1,2011-09-30,GAIL,47.5873,0.012716
-1,2011-10-31,GAIL,49.0188,0.030082
-1,2011-11-30,GAIL,45.3966,-0.073894
-1,2011-12-31,GAIL,44.4693,-0.020427
-1,2012-01-31,GAIL,43.2696,-0.026978
-1,2012-02-29,GAIL,43.8126,0.012549
-1,2012-03-31,GAIL,43.9704,0.003602
-1,2012-04-30,GAIL,38.6179,-0.12173
-1,2012-05-31,GAIL,37.537,-0.02799
-1,2012-06-30,GAIL,41.1481,0.096201
-1,2012-07-31,GAIL,41.3526,0.00497
-1,2012-08-31,GAIL,41.4928,0.00339
-1,2012-09-30,GAIL,45.4202,0.094653
-1,2012-10-31,GAIL,41.4033,-0.088439
-1,2012-11-30,GAIL,41.9313,0.012753
-1,2012-12-31,GAIL,42.3348,0.009623
-1,2013-01-31,GAIL,40.6141,-0.040645
-1,2013-02-28,GAIL,39.463,-0.028342
-1,2013-03-31,GAIL,38.2174,-0.031564
-1,2013-04-30,GAIL,42.1682,0.103377
-1,2013-05-31,GAIL,36.7523,-0.128436
-1,2013-06-30,GAIL,37.6229,0.023688
-1,2013-07-31,GAIL,36.1699,-0.03862
-1,2013-08-31,GAIL,35.4794,-0.01909
-1,2013-09-30,GAIL,39.3642,0.109495
-1,2013-10-31,GAIL,43.2636,0.09906
-1,2013-11-30,GAIL,41.41,-0.042844
-1,2013-12-31,GAIL,41.881,0.011374
-1,2014-01-31,GAIL,43.8386,0.046742
-1,2014-02-28,GAIL,45.3619,0.034748
-1,2014-03-31,GAIL,46.5991,0.027274
-1,2014-04-30,GAIL,45.8618,-0.015822
-1,2014-05-31,GAIL,46.8159,0.020804
-1,2014-06-30,GAIL,57.3799,0.22565
-1,2014-07-31,GAIL,54.0217,-0.058526
-1,2014-08-31,GAIL,54.9449,0.017089
-1,2014-09-30,GAIL,56.4616,0.027604
-1,2014-10-31,GAIL,66.4298,0.176548
-1,2014-11-30,GAIL,61.3295,-0.076777
-1,2014-12-31,GAIL,55.8774,-0.088898
-1,2015-01-31,GAIL,53.1388,-0.049011
-1,2015-02-28,GAIL,51.0911,-0.038535
9102,2015-03-31,GAIL,65.28,0.277718
9103,2015-04-30,GAIL,60.27,-0.076746
9104,2015-05-31,GAIL,63.69,0.056745
9105,2015-06-30,GAIL,65.96,0.035641
9106,2015-07-31,GAIL,59.16,-0.103093
9107,2015-08-31,GAIL,48.61,-0.17833
9108,2015-09-30,GAIL,50.11,0.030858
9109,2015-10-31,GAIL,50.73,0.012373
9110,2015-11-30,GAIL,60.56,0.193771
9111,2015-12-31,GAIL,62.97,0.039795
9112,2016-01-31,GAIL,61.62,-0.021439
9113,2016-02-29,GAIL,49.96,-0.189224
9114,2016-03-31,GAIL,59.6,0.192954
9115,2016-04-30,GAIL,59.79,0.003188
9116,2016-05-31,GAIL,62.29,0.041813
9117,2016-06-30,GAIL,64.61,0.037245
9118,2016-07-31,GAIL,64.03,-0.008977
9119,2016-08-31,GAIL,64.22,0.002967
9120,2016-09-30,GAIL,62.58,-0.025537
9121,2016-10-31,GAIL,73.04,0.167146
9122,2016-11-30,GAIL,71.64,-0.019168
9123,2016-12-31,GAIL,73.95,0.032245
9124,2017-01-31,GAIL,79.49,0.074915
9125,2017-02-28,GAIL,88.7,0.115864
9126,2017-03-31,GAIL,85.61,-0.034837
9127,2017-04-30,GAIL,96.89,0.13176
9128,2017-05-31,GAIL,94.43,-0.02539
9129,2017-06-30,GAIL,82.14,-0.130149
9130,2017-07-31,GAIL,85.61,0.042245
9131,2017-08-31,GAIL,86.24,0.007359
9132,2017-09-30,GAIL,95.83,0.111201
9133,2017-10-31,GAIL,107.0,0.116561
9134,2017-11-30,GAIL,107.49,0.004579
9135,2017-12-31,GAIL,115.44,0.07396
9136,2018-01-31,GAIL,110.38,-0.043832
9137,2018-02-28,GAIL,105.32,-0.045842
9138,2018-03-31,GAIL,100.26,-0.048044
9139,2018-04-30,GAIL,99.25,-0.010074
9140,2018-05-31,GAIL,107.1,0.079093
9141,2018-06-30,GAIL,103.97,-0.029225
9142,2018-07-31,GAIL,115.29,0.108878
9143,2018-08-31,GAIL,113.85,-0.01249
9144,2018-09-30,GAIL,116.74,0.025384
9145,2018-10-31,GAIL,115.15,-0.01362
9146,2018-11-30,GAIL,104.69,-0.090838
9147,2018-12-31,GAIL,110.04,0.051103
9148,2019-01-31,GAIL,101.66,-0.076154
9149,2019-02-28,GAIL,104.88,0.031674
9150,2019-03-31,GAIL,107.1,0.021167
9151,2019-04-30,GAIL,108.69,0.014846
9152,2019-05-31,GAIL,110.95,0.020793
9153,2019-06-30,GAIL,94.86,-0.14502
9154,2019-07-31,GAIL,77.47,-0.183323
9155,2019-08-31,GAIL,78.24,0.009939
9156,2019-09-30,GAIL,80.75,0.032081
9157,2019-10-31,GAIL,83.35,0.032198
9158,2019-11-30,GAIL,75.64,-0.092501
9159,2019-12-31,GAIL,72.51,-0.04138
9160,2020-01-31,GAIL,72.03,-0.00662
9161,2020-02-29,GAIL,61.28,-0.149243
9162,2020-03-31,GAIL,43.89,-0.283779
9163,2020-04-30,GAIL,55.65,0.267943
9164,2020-05-31,GAIL,53.43,-0.039892
9165,2020-06-30,GAIL,59.98,0.12259
9166,2020-07-31,GAIL,56.85,-0.052184
9167,2020-08-31,GAIL,55.98,-0.015303
9168,2020-09-30,GAIL,50.11,-0.104859
9169,2020-10-31,GAIL,49.09,-0.020355
9170,2020-11-30,GAIL,60.7,0.236504
9171,2020-12-31,GAIL,73.95,0.218287
9172,2021-01-31,GAIL,75.11,0.015686
9173,2021-02-28,GAIL,85.52,0.138597
9174,2021-03-31,GAIL,81.81,-0.043382
9175,2021-04-30,GAIL,82.87,0.012957
9176,2021-05-31,GAIL,97.66,0.178472
9177,2021-06-30,GAIL,90.82,-0.070039
9178,2021-07-31,GAIL,84.55,-0.069038
9179,2021-08-31,GAIL,89.08,0.053578
9180,2021-09-30,GAIL,96.79,0.086551
9181,2021-10-31,GAIL,90.09,-0.069222
9182,2021-11-30,GAIL,77.95,-0.134754
9183,2021-12-31,GAIL,77.76,-0.002437
9184,2022-01-31,GAIL,87.2,0.121399
9185,2022-02-28,GAIL,87.73,0.006078
9186,2022-03-31,GAIL,94.82,0.080816
9187,2022-04-30,GAIL,96.98,0.02278
9188,2022-05-31,GAIL,89.18,-0.080429
9189,2022-06-30,GAIL,81.42,-0.087015
9190,2022-07-31,GAIL,88.84,0.091132
9191,2022-08-31,GAIL,82.24,-0.074291
9192,2022-09-30,GAIL,78.68,-0.043288
9193,2022-10-31,GAIL,82.48,0.048297
9194,2022-11-30,GAIL,85.95,0.042071
9195,2022-12-31,GAIL,87.25,0.015125
9196,2023-01-31,GAIL,86.72,-0.006074
9197,2023-02-28,GAIL,93.76,0.081181
9198,2023-03-31,GAIL,96.26,0.026664
9199,2023-04-30,GAIL,98.04,0.018492
9200,2023-05-31,GAIL,95.63,-0.024582
9201,2023-06-30,GAIL,95.92,0.003033
9202,2023-07-31,GAIL,109.94,0.146163
9203,2023-08-31,GAIL,105.75,-0.038112
9204,2023-09-30,GAIL,114.86,0.086147
9205,2023-10-31,GAIL,110.18,-0.040745
9206,2023-11-30,GAIL,121.89,0.106281
9207,2023-12-31,GAIL,150.99,0.23874
9208,2024-01-31,GAIL,161.11,0.067024
9209,2024-02-29,GAIL,176.33,0.09447
9210,2024-03-31,GAIL,175.27,-0.006011
9211,2024-04-30,GAIL,201.48,0.149541
9212,2024-05-31,GAIL,197.0,-0.022235
9213,2024-06-30,GAIL,211.88,0.075533
9214,2024-07-31,GAIL,232.61,0.097838
9215,2024-08-31,GAIL,227.98,-0.019905
9216,2024-09-30,GAIL,231.43,0.015133
9217,2024-10-31,GAIL,192.7,-0.167351
9218,2024-11-30,GAIL,192.02,-0.003529
9219,2024-12-31,GAIL,183.95,-0.042027
9220,2025-01-31,GAIL,170.74,-0.071813
9221,2025-02-28,GAIL,158.0,-0.074616
9222,2025-03-31,GAIL,182.3,0.153797
9223,2025-04-30,GAIL,188.2,0.032364
9224,2025-05-31,GAIL,189.8,0.008502
9225,2025-06-30,GAIL,190.69,0.004689
9226,2025-07-31,GAIL,177.73,-0.067964
9227,2025-08-31,GAIL,169.91,-0.043999
-1,2006-01-31,GLAXO,403.5055,
-1,2006-02-28,GLAXO,413.8069,0.02553
-1,2006-03-31,GLAXO,456.8375,0.103987
-1,2006-04-30,GLAXO,452.7167,-0.00902
-1,2006-05-31,GLAXO,362.957,-0.198269
-1,2006-06-30,GLAXO,333.1818,-0.082035
-1,2006-07-31,GLAXO,321.0725,-0.036344
-1,2006-08-31,GLAXO,388.7655,0.210834
-1,2006-09-30,GLAXO,395.8802,0.018301
-1,2006-10-31,GLAXO,369.879,-0.065679
-1,2006-11-30,GLAXO,376.0781,0.01676
-1,2006-12-31,GLAXO,373.5406,-0.006747
-1,2007-01-31,GLAXO,375.0824,0.004128
-1,2007-02-28,GLAXO,372.9465,-0.005694
-1,2007-03-31,GLAXO,359.713,-0.035484
-1,2007-04-30,GLAXO,386.1565,0.073513
-1,2007-05-31,GLAXO,423.5302,0.096784
-1,2007-06-30,GLAXO,418.7636,-0.011254
-1,2007-07-31,GLAXO,381.2086,-0.089681
-1,2007-08-31,GLAXO,385.3648,0.010903
-1,2007-09-30,GLAXO,368.9211,-0.04267
-1,2007-10-31,GLAXO,358.8602,-0.027271
-1,2007-11-30,GLAXO,311.2277,-0.132733
-1,2007-12-31,GLAXO,338.8374,0.088712
-1,2008-01-31,GLAXO,269.8131,-0.203709
-1,2008-02-29,GLAXO,366.5295,0.358457
-1,2008-03-31,GLAXO,344.1152,-0.061153
-1,2008-04-30,GLAXO,359.8003,0.045581
-1,2008-05-31,GLAXO,389.1355,0.081532
-1,2008-06-30,GLAXO,380.6133,-0.0219
-1,2008-07-31,GLAXO,375.7288,-0.012833
-1,2008-08-31,GLAXO,401.5687,0.068773
-1,2008-09-30,GLAXO,403.9938,0.006039
-1,2008-10-31,GLAXO,370.2465,-0.083534
-1,2008-11-30,GLAXO,398.2726,0.075696
-1,2008-12-31,GLAXO,393.0294,-0.013165
-1,2009-01-31,GLAXO,397.9992,0.012645
-1,2009-02-28,GLAXO,409.9713,0.030081
-1,2009-03-31,GLAXO,373.1499,-0.089815
-1,2009-04-30,GLAXO,422.5684,0.132436
-1,2009-05-31,GLAXO,420.4286,-0.005064
-1,2009-06-30,GLAXO,431.4514,0.026218
-1,2009-07-31,GLAXO,492.0314,0.14041
-1,2009-08-31,GLAXO,515.3536,0.0474
-1,2009-09-30,GLAXO,558.168,0.083078
-1,2009-10-31,GLAXO,562.8071,0.008311
-1,2009-11-30,GLAXO,598.4647,0.063357
-1,2009-12-31,GLAXO,579.7098,-0.031338
-1,2010-01-31,GLAXO,546.8035,-0.056763
-1,2010-02-28,GLAXO,614.936,0.124601
-1,2010-03-31,GLAXO,639.4269,0.039827
-1,2010-04-30,GLAXO,699.952,0.094655
-1,2010-05-31,GLAXO,771.3028,0.101937
-1,2010-06-30,GLAXO,799.1113,0.036054
-1,2010-07-31,GLAXO,735.7554,-0.079283
-1,2010-08-31,GLAXO,680.8335,-0.074647
-1,2010-09-30,GLAXO,808.6248,0.187698
-1,2010-10-31,GLAXO,813.1987,0.005656
-1,2010-11-30,GLAXO,779.5904,-0.041329
-1,2010-12-31,GLAXO,855.2956,0.097109
-1,2011-01-31,GLAXO,835.9577,-0.02261
-1,2011-02-28,GLAXO,808.1125,-0.033309
-1,2011-03-31,GLAXO,754.8372,-0.065926
-1,2011-04-30,GLAXO,841.5774,0.114912
-1,2011-05-31,GLAXO,865.3784,0.028281
-1,2011-06-30,GLAXO,876.0582,0.012341
-1,2011-07-31,GLAXO,874.1013,-0.002234
-1,2011-08-31,GLAXO,790.1169,-0.096081
-1,2011-09-30,GLAXO,779.4557,-0.013493
-1,2011-10-31,GLAXO,767.0054,-0.015973
-1,2011-11-30,GLAXO,714.6316,-0.068283
-1,2011-12-31,GLAXO,725.0876,0.014631
-1,2012-01-31,GLAXO,723.1867,-0.002622
-1,2012-02-29,GLAXO,773.4356,0.069483
-1,2012-03-31,GLAXO,863.5334,0.11649
-1,2012-04-30,GLAXO,815.4918,-0.055634
-1,2012-05-31,GLAXO,764.5057,-0.062522
-1,2012-06-30,GLAXO,768.0429,0.004627
-1,2012-07-31,GLAXO,802.5219,0.044892
-1,2012-08-31,GLAXO,798.7182,-0.00474
-1,2012-09-30,GLAXO,753.4946,-0.05662
-1,2012-10-31,GLAXO,762.604,0.01209
-1,2012-11-30,GLAXO,779.7578,0.022494
-1,2012-12-31,GLAXO,824.6202,0.057534
-1,2013-01-31,GLAXO,779.2633,-0.055003
-1,2013-02-28,GLAXO,802.9021,0.030335
-1,2013-03-31,GLAXO,838.7692,0.044672
-1,2013-04-30,GLAXO,860.4683,0.02587
-1,2013-05-31,GLAXO,971.5497,0.129094
-1,2013-06-30,GLAXO,907.9021,-0.065511
-1,2013-07-31,GLAXO,921.0283,0.014458
-1,2013-08-31,GLAXO,914.3193,-0.007284
-1,2013-09-30,GLAXO,959.8818,0.049832
-1,2013-10-31,GLAXO,945.6082,-0.01487
-1,2013-11-30,GLAXO,970.6355,0.026467
-1,2013-12-31,GLAXO,1166.108,0.201386
-1,2014-01-31,GLAXO,1160.5854,-0.004736
-1,2014-02-28,GLAXO,1184.3292,0.020458
-1,2014-03-31,GLAXO,1000.777,-0.154984
-1,2014-04-30,GLAXO,959.2012,-0.041544
-1,2014-05-31,GLAXO,965.5714,0.006641
-1,2014-06-30,GLAXO,992.0828,0.027457
-1,2014-07-31,GLAXO,989.6835,-0.002418
-1,2014-08-31,GLAXO,986.9471,-0.002765
-1,2014-09-30,GLAXO,1121.0304,0.135857
-1,2014-10-31,GLAXO,1078.6957,-0.037764
-1,2014-11-30,GLAXO,1163.4843,0.078603
-1,2014-12-31,GLAXO,1268.439,0.090207
-1,2015-01-31,GLAXO,1344.4829,0.059951
-1,2015-02-28,GLAXO,1229.3759,-0.085614
-1,2015-03-31,GLAXO,1358.5417,0.105066
12518,2015-04-30,GLAXO,3183.4,1.343248
12519,2015-05-31,GLAXO,3228.1,0.014042
12520,2015-06-30,GLAXO,3348.1,0.037174
12521,2015-07-31,GLAXO,3522.3,0.05203
12522,2015-08-31,GLAXO,3397.25,-0.035502
12523,2015-09-30,GLAXO,3359.55,-0.011097
12524,2015-10-31,GLAXO,3310.15,-0.014704
12525,2015-11-30,GLAXO,3296.25,-0.004199
12526,2015-12-31,GLAXO,3314.05,0.0054
12527,2016-01-31,GLAXO,3236.4,-0.023431
12528,2016-02-29,GLAXO,3157.4,-0.02441
12529,2016-03-31,GLAXO,3814.75,0.208193
12530,2016-04-30,GLAXO,3731.4,-0.021849
12531,2016-05-31,GLAXO,3554.45,-0.047422
12532,2016-06-30,GLAXO,3487.4,-0.018864
12533,2016-07-31,GLAXO,3314.95,-0.049449
12534,2016-08-31,GLAXO,1516.97,-0.542385
12535,2016-09-30,GLAXO,1390.47,-0.08339
12536,2016-10-31,GLAXO,2948.0,1.120146
12537,2016-11-30,GLAXO,1357.1,-0.539654
12538,2016-12-31,GLAXO,1364.9,0.005748
12539,2017-01-31,GLAXO,1362.05,-0.002088
12540,2017-02-28,GLAXO,1341.62,-0.014999
12541,2017-03-31,GLAXO,1372.28,0.022853
12542,2017-04-30,GLAXO,1248.17,-0.090441
12543,2017-05-31,GLAXO,1215.1,-0.026495
12544,2017-06-30,GLAXO,1254.88,0.032738
12545,2017-07-31,GLAXO,1200.47,-0.043359
12546,2017-08-31,GLAXO,1200.85,0.000317
12547,2017-09-30,GLAXO,1253.35,0.043719
12548,2017-10-31,GLAXO,1293.08,0.031699
12549,2017-11-30,GLAXO,1241.25,-0.040083
12550,2017-12-31,GLAXO,1244.65,0.002739
12551,2018-01-31,GLAXO,1230.3,-0.011529
12552,2018-02-28,GLAXO,1192.08,-0.031066
12553,2018-03-31,GLAXO,1043.88,-0.124321
12554,2018-04-30,GLAXO,1171.85,0.122591
12555,2018-05-31,GLAXO,1273.45,0.086701
12556,2018-06-30,GLAXO,1398.22,0.097978
12557,2018-07-31,GLAXO,1594.45,0.140343
12558,2018-08-31,GLAXO,1714.17,0.075085
12559,2018-09-30,GLAXO,1449.3,-0.154518
12560,2018-10-31,GLAXO,1420.25,-0.020044
12561,2018-11-30,GLAXO,1360.5,-0.04207
12562,2018-12-31,GLAXO,1515.35,0.113818
12563,2019-01-31,GLAXO,1409.25,-0.070017
12564,2019-02-28,GLAXO,1334.7,-0.0529
12565,2019-03-31,GLAXO,1297.45,-0.027909
12566,2019-04-30,GLAXO,1284.45,-0.01002
12567,2019-05-31,GLAXO,1265.0,-0.015143
12568,2019-06-30,GLAXO,1199.95,-0.051423
12569,2019-07-31,GLAXO,1207.35,0.006167
12570,2019-08-31,GLAXO,1215.2,0.006502
12571,2019-09-30,GLAXO,1389.45,0.143392
12572,2019-10-31,GLAXO,1662.9,0.196804
12573,2019-11-30,GLAXO,1677.0,0.008479
12574,2019-12-31,GLAXO,1610.3,-0.039773
12575,2020-01-31,GLAXO,1665.4,0.034217
12576,2020-02-29,GLAXO,1306.0,-0.215804
12577,2020-03-31,GLAXO,1257.4,-0.037213
12578,2020-04-30,GLAXO,1444.25,0.1486
12579,2020-05-31,GLAXO,1369.35,-0.051861
12580,2020-06-30,GLAXO,1481.6,0.081973
12581,2020-07-31,GLAXO,1437.3,-0.0299
12582,2020-08-31,GLAXO,1566.3,0.089752
12583,2020-09-30,GLAXO,1575.15,0.00565
12584,2020-10-31,GLAXO,1464.75,-0.070089
12585,2020-11-30,GLAXO,1553.45,0.060556
12586,2020-12-31,GLAXO,1623.95,0.045383
12587,2021-01-31,GLAXO,1465.8,-0.097386
12588,2021-02-28,GLAXO,1460.55,-0.003582
12589,2021-03-31,GLAXO,1440.75,-0.013557
12590,2021-04-30,GLAXO,1458.9,0.012598
12591,2021-05-31,GLAXO,1517.7,0.040304
12592,2021-06-30,GLAXO,1502.2,-0.010213
12593,2021-07-31,GLAXO,1607.75,0.070264
12594,2021-08-31,GLAXO,1527.7,-0.04979
12595,2021-09-30,GLAXO,1480.75,-0.030732
12596,2021-10-31,GLAXO,1503.95,0.015668
12597,2021-11-30,GLAXO,1678.95,0.11636
12598,2021-12-31,GLAXO,1756.65,0.046279
12599,2022-01-31,GLAXO,1773.45,0.009564
11016,2015-03-31,GODREJCP,346.33,
11017,2015-04-30,GODREJCP,353.67,0.021194
11018,2015-05-31,GODREJCP,358.33,0.013176
11019,2015-06-30,GODREJCP,410.0,0.144197
11020,2015-07-31,GODREJCP,458.33,0.117878
11021,2015-08-31,GODREJCP,441.67,-0.036349
11022,2015-09-30,GODREJCP,405.97,-0.08083
11023,2015-10-31,GODREJCP,421.0,0.037022
11024,2015-11-30,GODREJCP,411.67,-0.022162
11025,2015-12-31,GODREJCP,441.19,0.071708
11026,2016-01-31,GODREJCP,408.22,-0.07473
11027,2016-02-29,GODREJCP,399.92,-0.020332
11028,2016-03-31,GODREJCP,460.32,0.15103
11029,2016-04-30,GODREJCP,439.33,-0.045599
11030,2016-05-31,GODREJCP,492.67,0.121412
11031,2016-06-30,GODREJCP,535.65,0.087239
11032,2016-07-31,GODREJCP,530.0,-0.010548
11033,2016-08-31,GODREJCP,505.72,-0.045811
11034,2016-09-30,GODREJCP,525.15,0.03842
11035,2016-10-31,GODREJCP,533.0,0.014948
11036,2016-11-30,GODREJCP,485.37,-0.089362
11037,2016-12-31,GODREJCP,504.67,0.039763
11038,2017-01-31,GODREJCP,525.02,0.040323
11039,2017-02-28,GODREJCP,551.67,0.05076
11040,2017-03-31,GODREJCP,560.0,0.0151
11041,2017-04-30,GODREJCP,576.67,0.029768
11042,2017-05-31,GODREJCP,604.1,0.047566
11043,2017-06-30,GODREJCP,646.6,0.070353
11044,2017-07-31,GODREJCP,691.13,0.068868
11045,2017-08-31,GODREJCP,620.0,-0.102918
11046,2017-09-30,GODREJCP,611.0,-0.014516
11047,2017-10-31,GODREJCP,622.27,0.018445
11048,2017-11-30,GODREJCP,644.93,0.036415
11049,2017-12-31,GODREJCP,666.67,0.033709
11050,2018-01-31,GODREJCP,700.0,0.049995
11051,2018-02-28,GODREJCP,711.4,0.016286
11052,2018-03-31,GODREJCP,728.73,0.02436
11053,2018-04-30,GODREJCP,745.33,0.022779
11054,2018-05-31,GODREJCP,764.27,0.025412
11055,2018-06-30,GODREJCP,814.0,0.065069
11056,2018-07-31,GODREJCP,881.17,0.082518
11057,2018-08-31,GODREJCP,969.07,0.099754
11058,2018-09-30,GODREJCP,774.0,-0.201296
11059,2018-10-31,GODREJCP,725.0,-0.063307
11060,2018-11-30,GODREJCP,751.2,0.036138
11061,2018-12-31,GODREJCP,811.0,0.079606
11062,2019-01-31,GODREJCP,711.45,-0.12275
11063,2019-02-28,GODREJCP,674.0,-0.052639
11064,2019-03-31,GODREJCP,684.3,0.015282
11065,2019-04-30,GODREJCP,652.85,-0.045959
11066,2019-05-31,GODREJCP,690.4,0.057517
11067,2019-06-30,GODREJCP,662.7,-0.040122
11068,2019-07-31,GODREJCP,600.05,-0.094537
11069,2019-08-31,GODREJCP,609.5,0.015749
11070,2019-09-30,GODREJCP,687.0,0.127153
11071,2019-10-31,GODREJCP,738.1,0.074381
11072,2019-11-30,GODREJCP,723.0,-0.020458
11073,2019-12-31,GODREJCP,681.7,-0.057123
11074,2020-01-31,GODREJCP,672.25,-0.013862
11075,2020-02-29,GODREJCP,565.85,-0.158274
11076,2020-03-31,GODREJCP,520.85,-0.079526
11077,2020-04-30,GODREJCP,542.85,0.042239
11078,2020-05-31,GODREJCP,627.0,0.155015
11079,2020-06-30,GODREJCP,691.55,0.102951
11080,2020-07-31,GODREJCP,693.0,0.002097
11081,2020-08-31,GODREJCP,649.0,-0.063492
11082,2020-09-30,GODREJCP,724.95,0.117026
11083,2020-10-31,GODREJCP,664.8,-0.082971
11084,2020-11-30,GODREJCP,702.25,0.056333
11085,2020-12-31,GODREJCP,741.85,0.05639
11086,2021-01-31,GODREJCP,749.9,0.010851
11087,2021-02-28,GODREJCP,682.4,-0.090012
11088,2021-03-31,GODREJCP,726.3,0.064332
11089,2021-04-30,GODREJCP,691.25,-0.048258
11090,2021-05-31,GODREJCP,858.6,0.242098
11091,2021-06-30,GODREJCP,870.5,0.01386
11092,2021-07-31,GODREJCP,992.25,0.139862
11093,2021-08-31,GODREJCP,1100.0,0.108592
11094,2021-09-30,GODREJCP,1034.0,-0.06
11095,2021-10-31,GODREJCP,960.0,-0.071567
11096,2021-11-30,GODREJCP,922.15,-0.039427
11097,2021-12-31,GODREJCP,967.45,0.049124
11098,2022-01-31,GODREJCP,889.0,-0.081089
11099,2022-02-28,GODREJCP,767.0,-0.137233
11100,2022-03-31,GODREJCP,746.0,-0.027379
11101,2022-04-30,GODREJCP,783.1,0.049732
11102,2022-05-31,GODREJCP,767.0,-0.020559
11103,2022-06-30,GODREJCP,759.0,-0.01043
11104,2022-07-31,GODREJCP,852.1,0.122661
11105,2022-08-31,GODREJCP,924.0,0.08438
11106,2022-09-30,GODREJCP,907.8,-0.017532
11107,2022-10-31,GODREJCP,832.0,-0.083499
11108,2022-11-30,GODREJCP,883.0,0.061298
11109,2022-12-31,GODREJCP,874.0,-0.010193
11110,2023-01-31,GODREJCP,915.0,0.046911
11111,2023-02-28,GODREJCP,924.1,0.009945
11112,2023-03-31,GODREJCP,968.05,0.04756
11113,2023-04-30,GODREJCP,910.35,-0.059604
11114,2023-05-31,GODREJCP,1061.85,0.16642
11115,2023-06-30,GODREJCP,1081.25,0.01827
11116,2023-07-31,GODREJCP,1038.8,-0.03926
11117,2023-08-31,GODREJCP,1006.6,-0.030997
11118,2023-09-30,GODREJCP,990.05,-0.016441
11119,2023-10-31,GODREJCP,992.9,0.002879
11120,2023-11-30,GODREJCP,1011.9,0.019136
11121,2023-12-31,GODREJCP,1129.0,0.115723
11122,2024-01-31,GODREJCP,1162.0,0.029229
11123,2024-02-29,GODREJCP,1243.65,0.070267
11124,2024-03-31,GODREJCP,1257.8,0.011378
11125,2024-04-30,GODREJCP,1228.95,-0.022937
11126,2024-05-31,GODREJCP,1265.65,0.029863
11127,2024-06-30,GODREJCP,1373.5,0.085213
11128,2024-07-31,GODREJCP,1446.0,0.052785
11129,2024-08-31,GODREJCP,1476.7,0.021231
11130,2024-09-30,GODREJCP,1395.65,-0.054886
11131,2024-10-31,GODREJCP,1284.15,-0.079891
11132,2024-11-30,GODREJCP,1245.0,-0.030487
11133,2024-12-31,GODREJCP,1085.0,-0.128514
11134,2025-01-31,GODREJCP,1118.1,0.030507
11135,2025-02-28,GODREJCP,1009.0,-0.097576
11136,2025-03-31,GODREJCP,1160.0,0.149653
11137,2025-04-30,GODREJCP,1258.0,0.084483
11138,2025-05-31,GODREJCP,1232.0,-0.020668
11139,2025-06-30,GODREJCP,1176.6,-0.044968
11140,2025-07-31,GODREJCP,1259.0,0.070032
11141,2025-08-31,GODREJCP,1202.6,-0.044797
-1,2006-01-31,GRASIM,185.3545,
-1,2006-02-28,GRASIM,222.1068,0.198281
-1,2006-03-31,GRASIM,262.874,0.183548
-1,2006-04-30,GRASIM,320.8095,0.220393
-1,2006-05-31,GRASIM,226.0133,-0.295491
-1,2006-06-30,GRASIM,246.604,0.091104
-1,2006-07-31,GRASIM,265.149,0.075202
-1,2006-08-31,GRASIM,286.9825,0.082344
-1,2006-09-30,GRASIM,325.7335,0.135029
-1,2006-10-31,GRASIM,354.5111,0.088347
-1,2006-11-30,GRASIM,359.0526,0.012811
-1,2006-12-31,GRASIM,361.433,0.00663
-1,2007-01-31,GRASIM,359.0398,-0.006621
-1,2007-02-28,GRASIM,285.4409,-0.204988
-1,2007-03-31,GRASIM,270.0232,-0.054014
-1,2007-04-30,GRASIM,321.4124,0.190314
-1,2007-05-31,GRASIM,328.3328,0.021531
-1,2007-06-30,GRASIM,346.1525,0.054273
-1,2007-07-31,GRASIM,388.312,0.121795
-1,2007-08-31,GRASIM,386.9857,-0.003416
-1,2007-09-30,GRASIM,461.0619,0.191418
-1,2007-10-31,GRASIM,487.0232,0.056308
-1,2007-11-30,GRASIM,499.3802,0.025373
-1,2007-12-31,GRASIM,480.9171,-0.036972
-1,2008-01-31,GRASIM,387.5832,-0.194075
-1,2008-02-29,GRASIM,378.3713,-0.023768
-1,2008-03-31,GRASIM,338.1816,-0.106218
-1,2008-04-30,GRASIM,315.7986,-0.066186
-1,2008-05-31,GRASIM,291.7609,-0.076117
-1,2008-06-30,GRASIM,242.9371,-0.167342
-1,2008-07-31,GRASIM,237.3168,-0.023135
-1,2008-08-31,GRASIM,260.3412,0.09702
-1,2008-09-30,GRASIM,226.7189,-0.129147
-1,2008-10-31,GRASIM,137.7937,-0.392227
-1,2008-11-30,GRASIM,119.0415,-0.136089
-1,2008-12-31,GRASIM,163.86,0.376495
-1,2009-01-31,GRASIM,160.6295,-0.019715
-1,2009-02-28,GRASIM,184.4458,0.148269
-1,2009-03-31,GRASIM,212.5271,0.152247
-1,2009-04-30,GRASIM,241.7905,0.137693
-1,2009-05-31,GRASIM,282.512,0.168416
-1,2009-06-30,GRASIM,310.4858,0.099018
-1,2009-07-31,GRASIM,368.5894,0.187138
-1,2009-08-31,GRASIM,365.3409,-0.008813
-1,2009-09-30,GRASIM,377.7692,0.034018
-1,2009-10-31,GRASIM,297.4728,-0.212554
-1,2009-11-30,GRASIM,324.2701,0.090083
-1,2009-12-31,GRASIM,337.1,0.039565
-1,2010-01-31,GRASIM,354.0092,0.050161
-1,2010-02-28,GRASIM,367.2546,0.037415
-1,2010-03-31,GRASIM,383.3806,0.04391
-1,2010-04-30,GRASIM,371.7151,-0.030428
-1,2010-05-31,GRASIM,248.2913,-0.332039
-1,2010-06-30,GRASIM,248.9246,0.002551
-1,2010-07-31,GRASIM,249.7962,0.003501
-1,2010-08-31,GRASIM,275.2792,0.102015
-1,2010-09-30,GRASIM,308.6814,0.121339
-1,2010-10-31,GRASIM,311.4897,0.009098
-1,2010-11-30,GRASIM,316.3348,0.015555
-1,2010-12-31,GRASIM,325.6983,0.0296
-1,2011-01-31,GRASIM,317.1551,-0.02623
-1,2011-02-28,GRASIM,313.5265,-0.011441
-1,2011-03-31,GRASIM,341.5752,0.089462
-1,2011-04-30,GRASIM,340.9565,-0.001811
-1,2011-05-31,GRASIM,320.1442,-0.061041
-1,2011-06-30,GRASIM,291.3795,-0.089849
-1,2011-07-31,GRASIM,305.303,0.047785
-1,2011-08-31,GRASIM,303.7808,-0.004986
-1,2011-09-30,GRASIM,325.5732,0.071737
-1,2011-10-31,GRASIM,348.952,0.071808
-1,2011-11-30,GRASIM,329.3622,-0.056139
-1,2011-12-31,GRASIM,350.1197,0.063023
-1,2012-01-31,GRASIM,367.5219,0.049704
-1,2012-02-29,GRASIM,389.9042,0.060901
-1,2012-03-31,GRASIM,369.5758,-0.052137
-1,2012-04-30,GRASIM,360.7692,-0.023829
-1,2012-05-31,GRASIM,324.4102,-0.100782
-1,2012-06-30,GRASIM,371.5242,0.14523
-1,2012-07-31,GRASIM,403.7894,0.086845
-1,2012-08-31,GRASIM,420.6078,0.041651
-1,2012-09-30,GRASIM,470.7629,0.119244
-1,2012-10-31,GRASIM,470.5854,-0.000377
-1,2012-11-30,GRASIM,477.318,0.014307
-1,2012-12-31,GRASIM,450.2023,-0.056808
-1,2013-01-31,GRASIM,426.9642,-0.051617
-1,2013-02-28,GRASIM,419.8621,-0.016634
-1,2013-03-31,GRASIM,399.6069,-0.048243
-1,2013-04-30,GRASIM,416.3181,0.041819
-1,2013-05-31,GRASIM,405.3951,-0.026237
-1,2013-06-30,GRASIM,392.0219,-0.032988
-1,2013-07-31,GRASIM,375.9569,-0.04098
-1,2013-08-31,GRASIM,324.5181,-0.136821
-1,2013-09-30,GRASIM,379.9349,0.170766
-1,2013-10-31,GRASIM,404.2009,0.063869
-1,2013-11-30,GRASIM,381.8447,-0.05531
-1,2013-12-31,GRASIM,389.7777,0.020775
-1,2014-01-31,GRASIM,368.3116,-0.055073
-1,2014-02-28,GRASIM,364.8225,-0.009473
-1,2014-03-31,GRASIM,414.6826,0.136669
-1,2014-04-30,GRASIM,375.6274,-0.094181
-1,2014-05-31,GRASIM,456.4948,0.215286
-1,2014-06-30,GRASIM,492.5707,0.079028
-1,2014-07-31,GRASIM,461.5921,-0.062892
-1,2014-08-31,GRASIM,487.8109,0.056801
-1,2014-09-30,GRASIM,513.5697,0.052805
-1,2014-10-31,GRASIM,507.7296,-0.011372
-1,2014-11-30,GRASIM,514.6262,0.013583
-1,2014-12-31,GRASIM,489.9275,-0.047993
-1,2015-01-31,GRASIM,562.1492,0.147413
-1,2015-02-28,GRASIM,542.0602,-0.035736
11268,2015-03-31,GRASIM,722.15,0.332232
11269,2015-04-30,GRASIM,714.5,-0.010593
11270,2015-05-31,GRASIM,726.65,0.017005
11271,2015-06-30,GRASIM,688.25,-0.052845
11272,2015-07-31,GRASIM,740.05,0.075263
11273,2015-08-31,GRASIM,686.3,-0.07263
11274,2015-09-30,GRASIM,703.0,0.024333
11275,2015-10-31,GRASIM,739.05,0.05128
11276,2015-11-30,GRASIM,745.3,0.008457
11277,2015-12-31,GRASIM,746.5,0.00161
11278,2016-01-31,GRASIM,673.7,-0.097522
11279,2016-02-29,GRASIM,664.25,-0.014027
11280,2016-03-31,GRASIM,764.35,0.150696
11281,2016-04-30,GRASIM,813.7,0.064565
11282,2016-05-31,GRASIM,865.9,0.064151
11283,2016-06-30,GRASIM,924.3,0.067444
11284,2016-07-31,GRASIM,976.1,0.056042
11285,2016-08-31,GRASIM,928.95,-0.048304
11286,2016-09-30,GRASIM,966.35,0.040261
11287,2016-10-31,GRASIM,963.8,-0.002639
11288,2016-11-30,GRASIM,864.05,-0.103497
11289,2016-12-31,GRASIM,856.05,-0.009259
11290,2017-01-31,GRASIM,906.9,0.059401
11291,2017-02-28,GRASIM,980.2,0.080825
11292,2017-03-31,GRASIM,1046.05,0.06718
11293,2017-04-30,GRASIM,1148.65,0.098083
11294,2017-05-31,GRASIM,1138.45,-0.00888
11295,2017-06-30,GRASIM,1235.1,0.084896
11296,2017-07-31,GRASIM,1071.75,-0.132256
11297,2017-08-31,GRASIM,1190.25,0.110567
11298,2017-09-30,GRASIM,1133.5,-0.047679
11299,2017-10-31,GRASIM,1224.65,0.080415
11300,2017-11-30,GRASIM,1161.05,-0.051933
11301,2017-12-31,GRASIM,1160.55,-0.000431
11302,2018-01-31,GRASIM,1157.4,-0.002714
11303,2018-02-28,GRASIM,1146.85,-0.009115
11304,2018-03-31,GRASIM,1039.85,-0.093299
11305,2018-04-30,GRASIM,1083.65,0.042121
11306,2018-05-31,GRASIM,1043.85,-0.036728
11307,2018-06-30,GRASIM,1002.0,-0.040092
11308,2018-07-31,GRASIM,1020.95,0.018912
11309,2018-08-31,GRASIM,1066.75,0.04486
11310,2018-09-30,GRASIM,1012.05,-0.051277
11311,2018-10-31,GRASIM,827.7,-0.182155
11312,2018-11-30,GRASIM,860.6,0.039749
11313,2018-12-31,GRASIM,823.9,-0.042645
11314,2019-01-31,GRASIM,717.0,-0.129749
11315,2019-02-28,GRASIM,774.9,0.080753
11316,2019-03-31,GRASIM,856.6,0.105433
11317,2019-04-30,GRASIM,897.15,0.047338
11318,2019-05-31,GRASIM,880.1,-0.019005
11319,2019-06-30,GRASIM,911.4,0.035564
11320,2019-07-31,GRASIM,780.9,-0.143186
11321,2019-08-31,GRASIM,707.3,-0.09425
11322,2019-09-30,GRASIM,734.05,0.03782
11323,2019-10-31,GRASIM,766.95,0.04482
11324,2019-11-30,GRASIM,783.1,0.021057
11325,2019-12-31,GRASIM,742.05,-0.05242
11326,2020-01-31,GRASIM,774.4,0.043595
11327,2020-02-29,GRASIM,683.3,-0.117639
11328,2020-03-31,GRASIM,476.1,-0.303234
11329,2020-04-30,GRASIM,505.0,0.060702
11330,2020-05-31,GRASIM,582.7,0.153861
11331,2020-06-30,GRASIM,614.6,0.054745
11332,2020-07-31,GRASIM,630.5,0.02587
11333,2020-08-31,GRASIM,668.0,0.059477
11334,2020-09-30,GRASIM,740.05,0.107859
11335,2020-10-31,GRASIM,776.5,0.049253
11336,2020-11-30,GRASIM,873.45,0.124855
11337,2020-12-31,GRASIM,919.85,0.053123
11338,2021-01-31,GRASIM,1057.8,0.14997
11339,2021-02-28,GRASIM,1195.85,0.130507
11340,2021-03-31,GRASIM,1449.15,0.211816
11341,2021-04-30,GRASIM,1395.55,-0.036987
11342,2021-05-31,GRASIM,1462.55,0.04801
11343,2021-06-30,GRASIM,1493.7,0.021298
11344,2021-07-31,GRASIM,1549.7,0.037491
11345,2021-08-31,GRASIM,1494.05,-0.03591
11346,2021-09-30,GRASIM,1663.25,0.113249
11347,2021-10-31,GRASIM,1720.05,0.03415
11348,2021-11-30,GRASIM,1664.0,-0.032586
11349,2021-12-31,GRASIM,1620.55,-0.026112
11350,2022-01-31,GRASIM,1719.95,0.061337
11351,2022-02-28,GRASIM,1593.65,-0.073432
11352,2022-03-31,GRASIM,1662.8,0.043391
11353,2022-04-30,GRASIM,1678.85,0.009652
11354,2022-05-31,GRASIM,1420.9,-0.153647
11355,2022-06-30,GRASIM,1310.8,-0.077486
11356,2022-07-31,GRASIM,1567.0,0.195453
11357,2022-08-31,GRASIM,1668.35,0.064678
11358,2022-09-30,GRASIM,1669.15,0.00048
11359,2022-10-31,GRASIM,1718.15,0.029356
11360,2022-11-30,GRASIM,1756.0,0.02203
11361,2022-12-31,GRASIM,1715.2,-0.023235
11362,2023-01-31,GRASIM,1584.25,-0.076347
11363,2023-02-28,GRASIM,1564.8,-0.012277
11364,2023-03-31,GRASIM,1629.95,0.041635
11365,2023-04-30,GRASIM,1710.15,0.049204
11366,2023-05-31,GRASIM,1693.25,-0.009882
11367,2023-06-30,GRASIM,1726.95,0.019903
11368,2023-07-31,GRASIM,1840.2,0.065578
11369,2023-08-31,GRASIM,1782.9,-0.031138
11370,2023-09-30,GRASIM,1936.9,0.086376
11371,2023-10-31,GRASIM,1881.3,-0.028706
11372,2023-11-30,GRASIM,1999.05,0.06259
11373,2023-12-31,GRASIM,2124.0,0.062505
11374,2024-01-31,GRASIM,2160.0,0.016949
11375,2024-02-29,GRASIM,2205.0,0.020833
11376,2024-03-31,GRASIM,2305.0,0.045351
11377,2024-04-30,GRASIM,2410.0,0.045553
11378,2024-05-31,GRASIM,2324.1,-0.035643
11379,2024-06-30,GRASIM,2668.0,0.147971
11380,2024-07-31,GRASIM,2777.0,0.040855
11381,2024-08-31,GRASIM,2696.95,-0.028826
11382,2024-09-30,GRASIM,2789.65,0.034372
11383,2024-10-31,GRASIM,2703.5,-0.030882
11384,2024-11-30,GRASIM,2603.05,-0.037156
11385,2024-12-31,GRASIM,2447.0,-0.059949
11386,2025-01-31,GRASIM,2506.95,0.024499
11387,2025-02-28,GRASIM,2324.85,-0.072638
11388,2025-03-31,GRASIM,2605.5,0.120717
11389,2025-04-30,GRASIM,2722.1,0.044751
11390,2025-05-31,GRASIM,2536.0,-0.068366
11391,2025-06-30,GRASIM,2841.0,0.120268
11392,2025-07-31,GRASIM,2748.0,-0.032735
11393,2025-08-31,GRASIM,2764.0,0.005822
5002,2018-04-30,HAL,559.55,
5003,2018-05-31,HAL,528.0,-0.056385
5004,2018-06-30,HAL,422.5,-0.199811
5005,2018-07-31,HAL,482.5,0.142012
5006,2018-08-31,HAL,445.0,-0.07772
5007,2018-09-30,HAL,392.0,-0.119101
5008,2018-10-31,HAL,377.8,-0.036224
5009,2018-11-30,HAL,393.5,0.041556
5010,2018-12-31,HAL,401.5,0.02033
5011,2019-01-31,HAL,354.5,-0.117061
5012,2019-02-28,HAL,326.5,-0.078984
5013,2019-03-31,HAL,353.25,0.08193
5014,2019-04-30,HAL,333.75,-0.055202
5015,2019-05-31,HAL,354.0,0.060674
5016,2019-06-30,HAL,355.0,0.002825
5017,2019-07-31,HAL,330.0,-0.070423
5018,2019-08-31,HAL,325.75,-0.012879
5019,2019-09-30,HAL,353.25,0.084421
5020,2019-10-31,HAL,381.0,0.078556
5021,2019-11-30,HAL,387.5,0.01706
5022,2019-12-31,HAL,366.25,-0.054839
5023,2020-01-31,HAL,401.5,0.096246
5024,2020-02-29,HAL,345.0,-0.140722
5025,2020-03-31,HAL,260.2,-0.245797
5026,2020-04-30,HAL,263.7,0.013451
5027,2020-05-31,HAL,277.0,0.050436
5028,2020-06-30,HAL,384.4,0.387726
5029,2020-07-31,HAL,436.0,0.134235
5030,2020-08-31,HAL,460.95,0.057225
5031,2020-09-30,HAL,404.2,-0.123115
5032,2020-10-31,HAL,343.4,-0.150421
5033,2020-11-30,HAL,408.0,0.188119
5034,2020-12-31,HAL,421.75,0.033701
5035,2021-01-31,HAL,462.5,0.096621
5036,2021-02-28,HAL,542.4,0.172757
5037,2021-03-31,HAL,497.5,-0.08278
5038,2021-04-30,HAL,477.75,-0.039698
5039,2021-05-31,HAL,510.9,0.069388
5040,2021-06-30,HAL,510.5,-0.000783
5041,2021-07-31,HAL,558.65,0.094319
5042,2021-08-31,HAL,684.7,0.225633
5043,2021-09-30,HAL,677.4,-0.010662
5044,2021-10-31,HAL,658.0,-0.028639
5045,2021-11-30,HAL,635.05,-0.034878
5046,2021-12-31,HAL,604.8,-0.047634
5047,2022-01-31,HAL,722.5,0.19461
5048,2022-02-28,HAL,690.2,-0.044706
5049,2022-03-31,HAL,746.0,0.080846
5050,2022-04-30,HAL,797.0,0.068365
5051,2022-05-31,HAL,912.8,0.145295
5052,2022-06-30,HAL,884.0,-0.031551
5053,2022-07-31,HAL,1015.0,0.14819
5054,2022-08-31,HAL,1146.0,0.129064
5055,2022-09-30,HAL,1177.5,0.027487
5056,2022-10-31,HAL,1265.9,0.075074
5057,2022-11-30,HAL,1377.5,0.088159
5058,2022-12-31,HAL,1267.5,-0.079855
5059,2023-01-31,HAL,1280.75,0.010454
5060,2023-02-28,HAL,1288.1,0.005739
5061,2023-03-31,HAL,1366.7,0.06102
5062,2023-04-30,HAL,1459.0,0.067535
5063,2023-05-31,HAL,1562.5,0.070939
5064,2023-06-30,HAL,1891.0,0.21024
5065,2023-07-31,HAL,1979.8,0.046959
5066,2023-08-31,HAL,1956.0,-0.012021
5067,2023-09-30,HAL,1935.5,-0.010481
5068,2023-10-31,HAL,1825.0,-0.057091
5069,2023-11-30,HAL,2370.95,0.299151
5070,2023-12-31,HAL,2805.0,0.18307
5071,2024-01-31,HAL,3009.0,0.072727
5072,2024-02-29,HAL,3099.0,0.02991
5073,2024-03-31,HAL,3341.0,0.07809
5074,2024-04-30,HAL,3941.0,0.179587
5075,2024-05-31,HAL,5009.0,0.270997
5076,2024-06-30,HAL,5265.0,0.051108
5077,2024-07-31,HAL,4920.0,-0.065527
5078,2024-08-31,HAL,4688.0,-0.047154
5079,2024-09-30,HAL,4420.05,-0.057157
5080,2024-10-31,HAL,4254.0,-0.037567
5081,2024-11-30,HAL,4470.0,0.050776
5082,2024-12-31,HAL,4181.0,-0.064653
5083,2025-01-31,HAL,3963.0,-0.052141
5084,2025-02-28,HAL,3099.0,-0.218017
5085,2025-03-31,HAL,4180.0,0.348822
5086,2025-04-30,HAL,4481.0,0.07201
5087,2025-05-31,HAL,4965.2,0.108056
5088,2025-06-30,HAL,4877.9,-0.017582
5089,2025-07-31,HAL,4533.4,-0.070625
5090,2025-08-31,HAL,4538.6,0.001147
1690,2015-03-31,HAVELLS,305.0,
1691,2015-04-30,HAVELLS,280.8,-0.079344
1692,2015-05-31,HAVELLS,276.25,-0.016204
1693,2015-06-30,HAVELLS,284.5,0.029864
1694,2015-07-31,HAVELLS,278.55,-0.020914
1695,2015-08-31,HAVELLS,258.8,-0.070903
1696,2015-09-30,HAVELLS,251.75,-0.027241
1697,2015-10-31,HAVELLS,254.0,0.008937
1698,2015-11-30,HAVELLS,287.4,0.131496
1699,2015-12-31,HAVELLS,304.95,0.061065
1700,2016-01-31,HAVELLS,297.45,-0.024594
1701,2016-02-29,HAVELLS,272.25,-0.08472
1702,2016-03-31,HAVELLS,323.3,0.187511
1703,2016-04-30,HAVELLS,332.5,0.028457
1704,2016-05-31,HAVELLS,357.45,0.075038
1705,2016-06-30,HAVELLS,359.4,0.005455
1706,2016-07-31,HAVELLS,390.0,0.085142
1707,2016-08-31,HAVELLS,418.7,0.07359
1708,2016-09-30,HAVELLS,418.8,0.000239
1709,2016-10-31,HAVELLS,407.55,-0.026862
1710,2016-11-30,HAVELLS,345.65,-0.151883
1711,2016-12-31,HAVELLS,341.2,-0.012874
1712,2017-01-31,HAVELLS,420.2,0.231536
1713,2017-02-28,HAVELLS,406.75,-0.032009
1714,2017-03-31,HAVELLS,464.0,0.14075
1715,2017-04-30,HAVELLS,483.9,0.042888
1716,2017-05-31,HAVELLS,489.5,0.011573
1717,2017-06-30,HAVELLS,461.55,-0.057099
1718,2017-07-31,HAVELLS,472.9,0.024591
1719,2017-08-31,HAVELLS,489.5,0.035103
1720,2017-09-30,HAVELLS,485.05,-0.009091
1721,2017-10-31,HAVELLS,484.0,-0.002165
1722,2017-11-30,HAVELLS,508.4,0.050413
1723,2017-12-31,HAVELLS,561.5,0.104445
1724,2018-01-31,HAVELLS,522.25,-0.069902
1725,2018-02-28,HAVELLS,507.6,-0.028052
1726,2018-03-31,HAVELLS,487.6,-0.039401
1727,2018-04-30,HAVELLS,546.4,0.120591
1728,2018-05-31,HAVELLS,543.8,-0.004758
1729,2018-06-30,HAVELLS,543.35,-0.000828
1730,2018-07-31,HAVELLS,634.0,0.166835
1731,2018-08-31,HAVELLS,725.3,0.144006
1732,2018-09-30,HAVELLS,592.7,-0.182821
1733,2018-10-31,HAVELLS,645.5,0.089084
1734,2018-11-30,HAVELLS,682.0,0.056545
1735,2018-12-31,HAVELLS,691.55,0.014003
1736,2019-01-31,HAVELLS,714.0,0.032463
1737,2019-02-28,HAVELLS,718.45,0.006232
1738,2019-03-31,HAVELLS,773.0,0.075927
1739,2019-04-30,HAVELLS,774.25,0.001617
1740,2019-05-31,HAVELLS,750.0,-0.031321
1741,2019-06-30,HAVELLS,783.85,0.045133
1742,2019-07-31,HAVELLS,644.85,-0.17733
1743,2019-08-31,HAVELLS,680.95,0.055982
1744,2019-09-30,HAVELLS,719.0,0.055878
1745,2019-10-31,HAVELLS,690.6,-0.039499
1746,2019-11-30,HAVELLS,667.1,-0.034028
1747,2019-12-31,HAVELLS,647.3,-0.029681
1748,2020-01-31,HAVELLS,603.8,-0.067202
1749,2020-02-29,HAVELLS,613.0,0.015237
1750,2020-03-31,HAVELLS,476.0,-0.223491
1751,2020-04-30,HAVELLS,563.0,0.182773
1752,2020-05-31,HAVELLS,496.9,-0.117407
1753,2020-06-30,HAVELLS,579.5,0.166231
1754,2020-07-31,HAVELLS,584.0,0.007765
1755,2020-08-31,HAVELLS,613.15,0.049914
1756,2020-09-30,HAVELLS,675.5,0.101688
1757,2020-10-31,HAVELLS,729.2,0.079497
1758,2020-11-30,HAVELLS,805.5,0.104635
1759,2020-12-31,HAVELLS,916.6,0.137927
1760,2021-01-31,HAVELLS,1044.0,0.138992
1761,2021-02-28,HAVELLS,1103.65,0.057136
1762,2021-03-31,HAVELLS,1052.85,-0.046029
1763,2021-04-30,HAVELLS,985.0,-0.064444
1764,2021-05-31,HAVELLS,1030.95,0.04665
1765,2021-06-30,HAVELLS,979.95,-0.049469
1766,2021-07-31,HAVELLS,1172.3,0.196286
1767,2021-08-31,HAVELLS,1258.5,0.073531
1768,2021-09-30,HAVELLS,1376.7,0.093921
1769,2021-10-31,HAVELLS,1267.8,-0.079102
1770,2021-11-30,HAVELLS,1350.0,0.064837
1771,2021-12-31,HAVELLS,1394.1,0.032667
1772,2022-01-31,HAVELLS,1187.5,-0.148196
1773,2022-02-28,HAVELLS,1184.2,-0.002779
1774,2022-03-31,HAVELLS,1152.0,-0.027191
1775,2022-04-30,HAVELLS,1307.9,0.13533
1776,2022-05-31,HAVELLS,1203.0,-0.080205
1777,2022-06-30,HAVELLS,1090.1,-0.093849
1778,2022-07-31,HAVELLS,1248.8,0.145583
1779,2022-08-31,HAVELLS,1378.65,0.10398
1780,2022-09-30,HAVELLS,1344.9,-0.02448
1781,2022-10-31,HAVELLS,1219.0,-0.093613
1782,2022-11-30,HAVELLS,1259.3,0.03306
1783,2022-12-31,HAVELLS,1102.0,-0.124911
1784,2023-01-31,HAVELLS,1183.95,0.074365
1785,2023-02-28,HAVELLS,1199.0,0.012712
1786,2023-03-31,HAVELLS,1190.8,-0.006839
1787,2023-04-30,HAVELLS,1228.4,0.031575
1788,2023-05-31,HAVELLS,1310.0,0.066428
1789,2023-06-30,HAVELLS,1282.0,-0.021374
1790,2023-07-31,HAVELLS,1335.0,0.041342
1791,2023-08-31,HAVELLS,1386.0,0.038202
1792,2023-09-30,HAVELLS,1385.65,-0.000253
1793,2023-10-31,HAVELLS,1249.0,-0.098618
1794,2023-11-30,HAVELLS,1305.0,0.044836
1795,2023-12-31,HAVELLS,1367.75,0.048084
1796,2024-01-31,HAVELLS,1296.4,-0.052166
1797,2024-02-29,HAVELLS,1530.0,0.180191
1798,2024-03-31,HAVELLS,1525.0,-0.003268
1799,2024-04-30,HAVELLS,1666.15,0.092557
1800,2024-05-31,HAVELLS,1908.8,0.145635
1801,2024-06-30,HAVELLS,1820.0,-0.046521
1802,2024-07-31,HAVELLS,1847.0,0.014835
1803,2024-08-31,HAVELLS,1898.7,0.027991
1804,2024-09-30,HAVELLS,2020.3,0.064044
1805,2024-10-31,HAVELLS,1641.0,-0.187744
1806,2024-11-30,HAVELLS,1721.45,0.049025
1807,2024-12-31,HAVELLS,1675.0,-0.026983
1808,2025-01-31,HAVELLS,1565.0,-0.065672
1809,2025-02-28,HAVELLS,1424.5,-0.089776
1810,2025-03-31,HAVELLS,1521.9,0.068375
1811,2025-04-30,HAVELLS,1601.0,0.051975
1812,2025-05-31,HAVELLS,1528.0,-0.045597
1813,2025-06-30,HAVELLS,1552.1,0.015772
1814,2025-07-31,HAVELLS,1498.9,-0.034276
1815,2025-08-31,HAVELLS,1491.0,-0.005271
-1,2006-01-31,HCLTECH,46.1015,
-1,2006-02-28,HCLTECH,45.1996,-0.019563
-1,2006-03-31,HCLTECH,48.4779,0.072529
-1,2006-04-30,HCLTECH,42.6089,-0.121065
-1,2006-05-31,HCLTECH,37.6066,-0.1174
-1,2006-06-30,HCLTECH,37.6409,0.000912
-1,2006-07-31,HCLTECH,38.7746,0.030119
-1,2006-08-31,HCLTECH,43.3796,0.118763
-1,2006-09-30,HCLTECH,41.0376,-0.053989
-1,2006-10-31,HCLTECH,46.4197,0.13115
-1,2006-11-30,HCLTECH,47.3419,0.019867
-1,2006-12-31,HCLTECH,48.1679,0.017448
-1,2007-01-31,HCLTECH,49.0034,0.017346
-1,2007-02-28,HCLTECH,45.6827,-0.067765
-1,2007-03-31,HCLTECH,44.3096,-0.030057
-1,2007-04-30,HCLTECH,50.8252,0.147047
-1,2007-05-31,HCLTECH,52.66,0.0361
-1,2007-06-30,HCLTECH,52.6141,-0.000872
-1,2007-07-31,HCLTECH,47.9485,-0.088676
-1,2007-08-31,HCLTECH,46.6253,-0.027596
-1,2007-09-30,HCLTECH,45.9752,-0.013943
-1,2007-10-31,HCLTECH,48.1932,0.048243
-1,2007-11-30,HCLTECH,49.621,0.029627
-1,2007-12-31,HCLTECH,51.0858,0.02952
-1,2008-01-31,HCLTECH,37.4485,-0.266949
-1,2008-02-29,HCLTECH,43.4051,0.159061
-1,2008-03-31,HCLTECH,39.5906,-0.087881
-1,2008-04-30,HCLTECH,45.0934,0.138993
-1,2008-05-31,HCLTECH,49.549,0.098808
-1,2008-06-30,HCLTECH,39.7763,-0.197233
-1,2008-07-31,HCLTECH,31.5548,-0.206693
-1,2008-08-31,HCLTECH,36.7208,0.163715
-1,2008-09-30,HCLTECH,30.6256,-0.165988
-1,2008-10-31,HCLTECH,27.2315,-0.110826
-1,2008-11-30,HCLTECH,22.3769,-0.178271
-1,2008-12-31,HCLTECH,18.7641,-0.161452
-1,2009-01-31,HCLTECH,18.8942,0.006933
-1,2009-02-28,HCLTECH,16.6017,-0.121334
-1,2009-03-31,HCLTECH,16.9082,0.018462
-1,2009-04-30,HCLTECH,21.5557,0.274867
-1,2009-05-31,HCLTECH,27.8704,0.292948
-1,2009-06-30,HCLTECH,31.0515,0.114139
-1,2009-07-31,HCLTECH,40.2442,0.296047
-1,2009-08-31,HCLTECH,50.0966,0.244815
-1,2009-09-30,HCLTECH,56.9097,0.135999
-1,2009-10-31,HCLTECH,51.1402,-0.10138
-1,2009-11-30,HCLTECH,56.4738,0.104294
-1,2009-12-31,HCLTECH,62.2032,0.101452
-1,2010-01-31,HCLTECH,58.2699,-0.063233
-1,2010-02-28,HCLTECH,61.8588,0.061591
-1,2010-03-31,HCLTECH,60.3928,-0.023699
-1,2010-04-30,HCLTECH,66.4675,0.100586
-1,2010-05-31,HCLTECH,64.5951,-0.02817
-1,2010-06-30,HCLTECH,61.5204,-0.0476
-1,2010-07-31,HCLTECH,66.2592,0.077028
-1,2010-08-31,HCLTECH,64.6289,-0.024605
-1,2010-09-30,HCLTECH,71.0825,0.099856
-1,2010-10-31,HCLTECH,68.2189,-0.040286
-1,2010-11-30,HCLTECH,68.6154,0.005812
-1,2010-12-31,HCLTECH,77.5376,0.130032
-1,2011-01-31,HCLTECH,83.4007,0.075616
-1,2011-02-28,HCLTECH,75.4946,-0.094797
-1,2011-03-31,HCLTECH,81.5518,0.080234
-1,2011-04-30,HCLTECH,88.9315,0.090491
-1,2011-05-31,HCLTECH,88.1793,-0.008458
-1,2011-06-30,HCLTECH,84.745,-0.038947
-1,2011-07-31,HCLTECH,83.3833,-0.016068
-1,2011-08-31,HCLTECH,281.564,2.376743
-1,2011-09-30,HCLTECH,70.0827,-0.751095
-1,2011-10-31,HCLTECH,76.0093,0.084566
-1,2011-11-30,HCLTECH,66.3855,-0.126613
-1,2011-12-31,HCLTECH,67.1033,0.010813
-1,2012-01-31,HCLTECH,75.6999,0.12811
-1,2012-02-29,HCLTECH,84.2837,0.113392
-1,2012-03-31,HCLTECH,83.9882,-0.003506
-1,2012-04-30,HCLTECH,88.9936,0.059596
-1,2012-05-31,HCLTECH,87.9513,-0.011712
-1,2012-06-30,HCLTECH,83.1354,-0.054756
-1,2012-07-31,HCLTECH,90.4814,0.088362
-1,2012-08-31,HCLTECH,94.992,0.049851
-1,2012-09-30,HCLTECH,100.7588,0.060708
-1,2012-10-31,HCLTECH,106.0895,0.052906
-1,2012-11-30,HCLTECH,115.3197,0.087004
-1,2012-12-31,HCLTECH,108.6799,-0.057577
-1,2013-01-31,HCLTECH,120.8529,0.112008
-1,2013-02-28,HCLTECH,127.4324,0.054442
-1,2013-03-31,HCLTECH,140.0453,0.098977
-1,2013-04-30,HCLTECH,127.0802,-0.092578
-1,2013-05-31,HCLTECH,131.5684,0.035318
-1,2013-06-30,HCLTECH,137.0706,0.04182
-1,2013-07-31,HCLTECH,165.6065,0.208184
-1,2013-08-31,HCLTECH,183.7825,0.109754
-1,2013-09-30,HCLTECH,192.0403,0.044932
-1,2013-10-31,HCLTECH,193.4799,0.007496
-1,2013-11-30,HCLTECH,192.1829,-0.006704
-1,2013-12-31,HCLTECH,223.4258,0.162569
-1,2014-01-31,HCLTECH,260.0901,0.164101
-1,2014-02-28,HCLTECH,281.0329,0.080521
-1,2014-03-31,HCLTECH,248.061,-0.117324
-1,2014-04-30,HCLTECH,250.2371,0.008772
-1,2014-05-31,HCLTECH,253.7336,0.013973
-1,2014-06-30,HCLTECH,268.3293,0.057524
-1,2014-07-31,HCLTECH,278.158,0.036629
-1,2014-08-31,HCLTECH,291.6894,0.048646
-1,2014-09-30,HCLTECH,309.0997,0.059688
-1,2014-10-31,HCLTECH,289.929,-0.062021
-1,2014-11-30,HCLTECH,300.8604,0.037704
-1,2014-12-31,HCLTECH,289.015,-0.039372
-1,2015-01-31,HCLTECH,324.2799,0.122018
-1,2015-02-28,HCLTECH,365.9518,0.128506
756,2015-03-31,HCLTECH,491.4,0.3428
757,2015-04-30,HCLTECH,442.55,-0.09941
758,2015-05-31,HCLTECH,497.5,0.124167
759,2015-06-30,HCLTECH,460.05,-0.075276
760,2015-07-31,HCLTECH,501.0,0.089012
761,2015-08-31,HCLTECH,486.5,-0.028942
762,2015-09-30,HCLTECH,492.15,0.011614
763,2015-10-31,HCLTECH,435.2,-0.115717
764,2015-11-30,HCLTECH,435.5,0.000689
765,2015-12-31,HCLTECH,429.0,-0.014925
766,2016-01-31,HCLTECH,433.2,0.00979
767,2016-02-29,HCLTECH,408.0,-0.058172
768,2016-03-31,HCLTECH,406.7,-0.003186
769,2016-04-30,HCLTECH,375.0,-0.077944
770,2016-05-31,HCLTECH,369.55,-0.014533
771,2016-06-30,HCLTECH,364.85,-0.012718
772,2016-07-31,HCLTECH,376.05,0.030698
773,2016-08-31,HCLTECH,389.0,0.034437
774,2016-09-30,HCLTECH,400.0,0.028278
775,2016-10-31,HCLTECH,384.2,-0.0395
776,2016-11-30,HCLTECH,402.5,0.047631
777,2016-12-31,HCLTECH,412.6,0.025093
778,2017-01-31,HCLTECH,402.35,-0.024842
779,2017-02-28,HCLTECH,419.75,0.043246
780,2017-03-31,HCLTECH,438.0,0.043478
781,2017-04-30,HCLTECH,408.05,-0.068379
782,2017-05-31,HCLTECH,430.0,0.053792
783,2017-06-30,HCLTECH,425.7,-0.01
784,2017-07-31,HCLTECH,445.3,0.046042
785,2017-08-31,HCLTECH,427.5,-0.039973
786,2017-09-30,HCLTECH,435.5,0.018713
787,2017-10-31,HCLTECH,427.65,-0.018025
788,2017-11-30,HCLTECH,423.05,-0.010756
789,2017-12-31,HCLTECH,447.5,0.057795
790,2018-01-31,HCLTECH,492.0,0.099441
791,2018-02-28,HCLTECH,470.5,-0.043699
792,2018-03-31,HCLTECH,483.15,0.026886
793,2018-04-30,HCLTECH,526.5,0.089724
794,2018-05-31,HCLTECH,453.95,-0.137797
795,2018-06-30,HCLTECH,463.45,0.020927
796,2018-07-31,HCLTECH,482.5,0.041105
797,2018-08-31,HCLTECH,522.15,0.082176
798,2018-09-30,HCLTECH,542.95,0.039835
799,2018-10-31,HCLTECH,531.0,-0.022009
800,2018-11-30,HCLTECH,508.5,-0.042373
801,2018-12-31,HCLTECH,482.1,-0.051917
802,2019-01-31,HCLTECH,502.6,0.042522
803,2019-02-28,HCLTECH,525.4,0.045364
804,2019-03-31,HCLTECH,543.5,0.03445
805,2019-04-30,HCLTECH,590.0,0.085557
806,2019-05-31,HCLTECH,545.0,-0.076271
807,2019-06-30,HCLTECH,532.85,-0.022294
808,2019-07-31,HCLTECH,517.0,-0.029746
809,2019-08-31,HCLTECH,550.6,0.06499
810,2019-09-30,HCLTECH,539.3,-0.020523
811,2019-10-31,HCLTECH,578.0,0.07176
812,2019-11-30,HCLTECH,563.75,-0.024654
813,2019-12-31,HCLTECH,569.0,0.009313
814,2020-01-31,HCLTECH,591.6,0.039719
815,2020-02-29,HCLTECH,539.0,-0.088911
816,2020-03-31,HCLTECH,433.0,-0.19666
817,2020-04-30,HCLTECH,545.0,0.258661
818,2020-05-31,HCLTECH,551.0,0.011009
819,2020-06-30,HCLTECH,557.0,0.010889
820,2020-07-31,HCLTECH,706.0,0.267504
821,2020-08-31,HCLTECH,689.0,-0.024079
822,2020-09-30,HCLTECH,810.0,0.175617
823,2020-10-31,HCLTECH,844.75,0.042901
824,2020-11-30,HCLTECH,823.15,-0.02557
825,2020-12-31,HCLTECH,945.7,0.148879
826,2021-01-31,HCLTECH,914.4,-0.033097
827,2021-02-28,HCLTECH,910.95,-0.003773
828,2021-03-31,HCLTECH,984.1,0.080301
829,2021-04-30,HCLTECH,900.2,-0.085256
830,2021-05-31,HCLTECH,946.0,0.050878
831,2021-06-30,HCLTECH,985.45,0.041702
832,2021-07-31,HCLTECH,1022.3,0.037394
833,2021-08-31,HCLTECH,1179.3,0.153575
834,2021-09-30,HCLTECH,1280.0,0.08539
835,2021-10-31,HCLTECH,1145.0,-0.105469
836,2021-11-30,HCLTECH,1139.35,-0.004934
837,2021-12-31,HCLTECH,1319.45,0.158073
838,2022-01-31,HCLTECH,1099.75,-0.166509
839,2022-02-28,HCLTECH,1126.0,0.023869
840,2022-03-31,HCLTECH,1163.0,0.03286
841,2022-04-30,HCLTECH,1085.8,-0.06638
842,2022-05-31,HCLTECH,1041.25,-0.04103
843,2022-06-30,HCLTECH,971.25,-0.067227
844,2022-07-31,HCLTECH,948.0,-0.023938
845,2022-08-31,HCLTECH,936.85,-0.011762
846,2022-09-30,HCLTECH,932.95,-0.004163
847,2022-10-31,HCLTECH,1038.65,0.113297
848,2022-11-30,HCLTECH,1122.0,0.080248
849,2022-12-31,HCLTECH,1037.0,-0.075758
850,2023-01-31,HCLTECH,1123.55,0.083462
851,2023-02-28,HCLTECH,1085.0,-0.034311
852,2023-03-31,HCLTECH,1085.45,0.000415
853,2023-04-30,HCLTECH,1063.0,-0.020683
854,2023-05-31,HCLTECH,1144.0,0.076199
855,2023-06-30,HCLTECH,1184.85,0.035708
856,2023-07-31,HCLTECH,1114.5,-0.059375
857,2023-08-31,HCLTECH,1175.0,0.054284
858,2023-09-30,HCLTECH,1237.0,0.052766
859,2023-10-31,HCLTECH,1275.5,0.031124
860,2023-11-30,HCLTECH,1340.0,0.050568
861,2023-12-31,HCLTECH,1468.9,0.096194
862,2024-01-31,HCLTECH,1570.8,0.069372
863,2024-02-29,HCLTECH,1670.0,0.063153
864,2024-03-31,HCLTECH,1547.05,-0.073623
865,2024-04-30,HCLTECH,1367.45,-0.116092
866,2024-05-31,HCLTECH,1324.0,-0.031774
867,2024-06-30,HCLTECH,1461.0,0.103474
868,2024-07-31,HCLTECH,1640.85,0.123101
869,2024-08-31,HCLTECH,1754.6,0.069324
870,2024-09-30,HCLTECH,1796.0,0.023595
871,2024-10-31,HCLTECH,1773.0,-0.012806
872,2024-11-30,HCLTECH,1850.0,0.043429
873,2024-12-31,HCLTECH,1924.8,0.040432
874,2025-01-31,HCLTECH,1724.0,-0.104323
875,2025-02-28,HCLTECH,1576.7,-0.085441
876,2025-03-31,HCLTECH,1590.0,0.008435
877,2025-04-30,HCLTECH,1556.5,-0.021069
878,2025-05-31,HCLTECH,1631.5,0.048185
879,2025-06-30,HCLTECH,1732.0,0.0616
880,2025-07-31,HCLTECH,1465.2,-0.154042
881,2025-08-31,HCLTECH,1463.2,-0.001365
-1,2006-01-31,HDFCBANK,32.6683,
-1,2006-02-28,HDFCBANK,31.5843,-0.033182
-1,2006-03-31,HDFCBANK,33.1739,0.050329
-1,2006-04-30,HDFCBANK,141.5306,3.266324
-1,2006-05-31,HDFCBANK,31.9292,-0.774401
-1,2006-06-30,HDFCBANK,34.3204,0.074891
-1,2006-07-31,HDFCBANK,34.2794,-0.001195
-1,2006-08-31,HDFCBANK,36.7393,0.07176
-1,2006-09-30,HDFCBANK,39.8999,0.086028
-1,2006-10-31,HDFCBANK,43.3171,0.085644
-1,2006-11-30,HDFCBANK,48.3706,0.116663
-1,2006-12-31,HDFCBANK,46.0487,-0.048002
-1,2007-01-31,HDFCBANK,46.5079,0.009972
-1,2007-02-28,HDFCBANK,40.316,-0.133137
-1,2007-03-31,HDFCBANK,41.1418,0.020483
-1,2007-04-30,HDFCBANK,44.1601,0.073363
-1,2007-05-31,HDFCBANK,49.4831,0.120539
-1,2007-06-30,HDFCBANK,49.783,0.006061
-1,2007-07-31,HDFCBANK,52.1207,0.046958
-1,2007-08-31,HDFCBANK,50.8661,-0.024071
-1,2007-09-30,HDFCBANK,62.3226,0.225229
-1,2007-10-31,HDFCBANK,71.7778,0.151714
-1,2007-11-30,HDFCBANK,74.5019,0.037952
-1,2007-12-31,HDFCBANK,75.0641,0.007546
-1,2008-01-31,HDFCBANK,68.1377,-0.092273
-1,2008-02-29,HDFCBANK,63.2408,-0.071868
-1,2008-03-31,HDFCBANK,57.7925,-0.086152
-1,2008-04-30,HDFCBANK,66.1668,0.144903
-1,2008-05-31,HDFCBANK,59.7517,-0.096953
-1,2008-06-30,HDFCBANK,43.9789,-0.263972
-1,2008-07-31,HDFCBANK,47.9407,0.090084
-1,2008-08-31,HDFCBANK,55.7354,0.16259
-1,2008-09-30,HDFCBANK,53.6836,-0.036813
-1,2008-10-31,HDFCBANK,44.6425,-0.168415
-1,2008-11-30,HDFCBANK,40.2834,-0.097645
-1,2008-12-31,HDFCBANK,43.5838,0.08193
-1,2009-01-31,HDFCBANK,40.4078,-0.072871
-1,2009-02-28,HDFCBANK,38.8319,-0.039
-1,2009-03-31,HDFCBANK,42.4946,0.094322
-1,2009-04-30,HDFCBANK,48.0367,0.130419
-1,2009-05-31,HDFCBANK,63.0608,0.312763
-1,2009-06-30,HDFCBANK,65.1847,0.03368
-1,2009-07-31,HDFCBANK,65.867,0.010467
-1,2009-08-31,HDFCBANK,64.6324,-0.018744
-1,2009-09-30,HDFCBANK,72.5192,0.122025
-1,2009-10-31,HDFCBANK,71.2098,-0.018056
-1,2009-11-30,HDFCBANK,77.605,0.089808
-1,2009-12-31,HDFCBANK,74.7929,-0.036236
-1,2010-01-31,HDFCBANK,71.6646,-0.041826
-1,2010-02-28,HDFCBANK,74.905,0.045216
-1,2010-03-31,HDFCBANK,84.9536,0.134151
-1,2010-04-30,HDFCBANK,87.8952,0.034626
-1,2010-05-31,HDFCBANK,82.9741,-0.055988
-1,2010-06-30,HDFCBANK,84.3164,0.016177
-1,2010-07-31,HDFCBANK,94.0511,0.115454
-1,2010-08-31,HDFCBANK,94.3761,0.003456
-1,2010-09-30,HDFCBANK,110.0786,0.166382
-1,2010-10-31,HDFCBANK,100.8168,-0.084138
-1,2010-11-30,HDFCBANK,101.06,0.002412
-1,2010-12-31,HDFCBANK,103.7552,0.026669
-1,2011-01-31,HDFCBANK,90.5312,-0.127454
-1,2011-02-28,HDFCBANK,90.7501,0.002418
-1,2011-03-31,HDFCBANK,103.733,0.143062
-1,2011-04-30,HDFCBANK,101.5088,-0.021442
-1,2011-05-31,HDFCBANK,106.1077,0.045305
-1,2011-06-30,HDFCBANK,111.2371,0.048341
-1,2011-07-31,HDFCBANK,108.3767,-0.025714
-1,2011-08-31,HDFCBANK,105.0706,-0.030506
-1,2011-09-30,HDFCBANK,104.1133,-0.009111
-1,2011-10-31,HDFCBANK,109.0891,0.047792
-1,2011-11-30,HDFCBANK,98.5141,-0.096939
-1,2011-12-31,HDFCBANK,95.03,-0.035367
-1,2012-01-31,HDFCBANK,109.5566,0.152863
-1,2012-02-29,HDFCBANK,115.1224,0.050803
-1,2012-03-31,HDFCBANK,115.7346,0.005318
-1,2012-04-30,HDFCBANK,120.7772,0.04357
-1,2012-05-31,HDFCBANK,112.6957,-0.066912
-1,2012-06-30,HDFCBANK,125.4636,0.113295
-1,2012-07-31,HDFCBANK,131.8842,0.051175
-1,2012-08-31,HDFCBANK,133.5896,0.012931
-1,2012-09-30,HDFCBANK,141.1739,0.056773
-1,2012-10-31,HDFCBANK,142.3071,0.008027
-1,2012-11-30,HDFCBANK,157.9582,0.109981
-1,2012-12-31,HDFCBANK,152.2699,-0.036011
-1,2013-01-31,HDFCBANK,144.2929,-0.052387
-1,2013-02-28,HDFCBANK,140.3212,-0.027525
-1,2013-03-31,HDFCBANK,140.3212,0.0
-1,2013-04-30,HDFCBANK,153.1001,0.091069
-1,2013-05-31,HDFCBANK,157.184,0.026675
-1,2013-06-30,HDFCBANK,150.228,-0.044254
-1,2013-07-31,HDFCBANK,137.9636,-0.081639
-1,2013-08-31,HDFCBANK,134.4,-0.02583
-1,2013-09-30,HDFCBANK,134.185,-0.0016
-1,2013-10-31,HDFCBANK,154.0396,0.147964
-1,2013-11-30,HDFCBANK,149.6275,-0.028643
-1,2013-12-31,HDFCBANK,150.6569,0.00688
-1,2014-01-31,HDFCBANK,142.2061,-0.056093
-1,2014-02-28,HDFCBANK,151.5054,0.065393
-1,2014-03-31,HDFCBANK,169.4255,0.11828
-1,2014-04-30,HDFCBANK,163.2032,-0.036726
-1,2014-05-31,HDFCBANK,179.3697,0.099057
-1,2014-06-30,HDFCBANK,185.886,0.036329
-1,2014-07-31,HDFCBANK,190.2991,0.023741
-1,2014-08-31,HDFCBANK,192.4782,0.011451
-1,2014-09-30,HDFCBANK,199.1181,0.034497
-1,2014-10-31,HDFCBANK,208.0626,0.044921
-1,2014-11-30,HDFCBANK,218.399,0.049679
-1,2014-12-31,HDFCBANK,217.1327,-0.005798
-1,2015-01-31,HDFCBANK,245.8259,0.132146
-1,2015-02-28,HDFCBANK,240.4979,-0.021674
7738,2015-03-31,HDFCBANK,510.5,1.12268
7739,2015-04-30,HDFCBANK,496.0,-0.028404
7740,2015-05-31,HDFCBANK,524.6,0.057661
7741,2015-06-30,HDFCBANK,532.95,0.015917
7742,2015-07-31,HDFCBANK,556.75,0.044657
7743,2015-08-31,HDFCBANK,512.5,-0.079479
7744,2015-09-30,HDFCBANK,534.9,0.043707
7745,2015-10-31,HDFCBANK,548.95,0.026267
7746,2015-11-30,HDFCBANK,539.55,-0.017124
7747,2015-12-31,HDFCBANK,541.2,0.003058
7748,2016-01-31,HDFCBANK,525.5,-0.02901
7749,2016-02-29,HDFCBANK,488.45,-0.070504
7750,2016-03-31,HDFCBANK,535.9,0.097144
7751,2016-04-30,HDFCBANK,564.05,0.052528
7752,2016-05-31,HDFCBANK,590.0,0.046007
7753,2016-06-30,HDFCBANK,586.8,-0.005424
7754,2016-07-31,HDFCBANK,624.25,0.063821
7755,2016-08-31,HDFCBANK,645.5,0.034041
7756,2016-09-30,HDFCBANK,637.5,-0.012393
7757,2016-10-31,HDFCBANK,625.55,-0.018745
7758,2016-11-30,HDFCBANK,599.25,-0.042043
7759,2016-12-31,HDFCBANK,601.45,0.003671
7760,2017-01-31,HDFCBANK,642.0,0.06742
7761,2017-02-28,HDFCBANK,695.05,0.082632
7762,2017-03-31,HDFCBANK,720.0,0.035897
7763,2017-04-30,HDFCBANK,772.5,0.072917
7764,2017-05-31,HDFCBANK,820.0,0.061489
7765,2017-06-30,HDFCBANK,827.7,0.00939
7766,2017-07-31,HDFCBANK,891.0,0.076477
7767,2017-08-31,HDFCBANK,884.5,-0.007295
7768,2017-09-30,HDFCBANK,900.0,0.017524
7769,2017-10-31,HDFCBANK,904.7,0.005222
7770,2017-11-30,HDFCBANK,926.35,0.023931
7771,2017-12-31,HDFCBANK,935.7,0.010093
7772,2018-01-31,HDFCBANK,1002.3,0.071177
7773,2018-02-28,HDFCBANK,944.0,-0.058166
7774,2018-03-31,HDFCBANK,945.0,0.001059
7775,2018-04-30,HDFCBANK,973.0,0.02963
7776,2018-05-31,HDFCBANK,1064.15,0.093679
7777,2018-06-30,HDFCBANK,1055.5,-0.008129
7778,2018-07-31,HDFCBANK,1091.7,0.034297
7779,2018-08-31,HDFCBANK,1029.95,-0.056563
7780,2018-09-30,HDFCBANK,1004.25,-0.024953
7781,2018-10-31,HDFCBANK,953.0,-0.051033
7782,2018-11-30,HDFCBANK,1060.2,0.112487
7783,2018-12-31,HDFCBANK,1060.9,0.00066
7784,2019-01-31,HDFCBANK,1036.5,-0.022999
7785,2019-02-28,HDFCBANK,1039.5,0.002894
7786,2019-03-31,HDFCBANK,1158.0,0.113997
7787,2019-04-30,HDFCBANK,1159.5,0.001295
7788,2019-05-31,HDFCBANK,1213.0,0.046141
7789,2019-06-30,HDFCBANK,1220.5,0.006183
7790,2019-07-31,HDFCBANK,1125.0,-0.078247
7791,2019-08-31,HDFCBANK,1115.95,-0.008044
7792,2019-09-30,HDFCBANK,1227.5,0.09996
7793,2019-10-31,HDFCBANK,1230.0,0.002037
7794,2019-11-30,HDFCBANK,1275.0,0.036585
7795,2019-12-31,HDFCBANK,1275.5,0.000392
7796,2020-01-31,HDFCBANK,1224.25,-0.04018
7797,2020-02-29,HDFCBANK,1178.8,-0.037125
7798,2020-03-31,HDFCBANK,857.95,-0.272184
7799,2020-04-30,HDFCBANK,999.95,0.165511
7800,2020-05-31,HDFCBANK,947.1,-0.052853
7801,2020-06-30,HDFCBANK,1066.45,0.126016
7802,2020-07-31,HDFCBANK,1034.0,-0.030428
7803,2020-08-31,HDFCBANK,1112.0,0.075435
7804,2020-09-30,HDFCBANK,1078.0,-0.030576
7805,2020-10-31,HDFCBANK,1182.4,0.096846
7806,2020-11-30,HDFCBANK,1436.65,0.215029
7807,2020-12-31,HDFCBANK,1438.45,0.001253
7808,2021-01-31,HDFCBANK,1390.1,-0.033613
7809,2021-02-28,HDFCBANK,1537.0,0.105676
7810,2021-03-31,HDFCBANK,1494.4,-0.027716
7811,2021-04-30,HDFCBANK,1413.0,-0.05447
7812,2021-05-31,HDFCBANK,1513.0,0.070771
7813,2021-06-30,HDFCBANK,1497.0,-0.010575
7814,2021-07-31,HDFCBANK,1425.0,-0.048096
7815,2021-08-31,HDFCBANK,1580.85,0.109368
7816,2021-09-30,HDFCBANK,1592.85,0.007591
7817,2021-10-31,HDFCBANK,1587.9,-0.003108
7818,2021-11-30,HDFCBANK,1490.8,-0.06115
7819,2021-12-31,HDFCBANK,1481.0,-0.006574
7820,2022-01-31,HDFCBANK,1484.55,0.002397
7821,2022-02-28,HDFCBANK,1428.7,-0.037621
7822,2022-03-31,HDFCBANK,1470.0,0.028907
7823,2022-04-30,HDFCBANK,1382.0,-0.059864
7824,2022-05-31,HDFCBANK,1384.0,0.001447
7825,2022-06-30,HDFCBANK,1344.0,-0.028902
7826,2022-07-31,HDFCBANK,1437.5,0.069568
7827,2022-08-31,HDFCBANK,1483.65,0.032104
7828,2022-09-30,HDFCBANK,1422.05,-0.041519
7829,2022-10-31,HDFCBANK,1495.9,0.051932
7830,2022-11-30,HDFCBANK,1611.9,0.077545
7831,2022-12-31,HDFCBANK,1630.0,0.011229
7832,2023-01-31,HDFCBANK,1605.8,-0.014847
7833,2023-02-28,HDFCBANK,1603.0,-0.001744
7834,2023-03-31,HDFCBANK,1609.2,0.003868
7835,2023-04-30,HDFCBANK,1687.15,0.04844
7836,2023-05-31,HDFCBANK,1611.45,-0.044869
7837,2023-06-30,HDFCBANK,1700.0,0.054951
7838,2023-07-31,HDFCBANK,1650.0,-0.029412
7839,2023-08-31,HDFCBANK,1577.0,-0.044242
7840,2023-09-30,HDFCBANK,1525.85,-0.032435
7841,2023-10-31,HDFCBANK,1475.0,-0.033326
7842,2023-11-30,HDFCBANK,1556.6,0.055322
7843,2023-12-31,HDFCBANK,1708.0,0.097263
7844,2024-01-31,HDFCBANK,1462.15,-0.14394
7845,2024-02-29,HDFCBANK,1408.0,-0.037035
7846,2024-03-31,HDFCBANK,1447.0,0.027699
7847,2024-04-30,HDFCBANK,1515.45,0.047305
7848,2024-05-31,HDFCBANK,1526.0,0.006962
7849,2024-06-30,HDFCBANK,1685.0,0.104194
7850,2024-07-31,HDFCBANK,1617.95,-0.039792
7851,2024-08-31,HDFCBANK,1625.45,0.004635
7852,2024-09-30,HDFCBANK,1732.0,0.065551
7853,2024-10-31,HDFCBANK,1734.3,0.001328
7854,2024-11-30,HDFCBANK,1795.5,0.035288
7855,2024-12-31,HDFCBANK,1772.0,-0.013088
7856,2025-01-31,HDFCBANK,1699.5,-0.040914
7857,2025-02-28,HDFCBANK,1730.15,0.018035
7858,2025-03-31,HDFCBANK,1825.5,0.055111
7859,2025-04-30,HDFCBANK,1920.1,0.051821
7860,2025-05-31,HDFCBANK,1941.4,0.011093
7861,2025-06-30,HDFCBANK,2000.0,0.030184
7862,2025-07-31,HDFCBANK,2018.0,0.009
7863,2025-08-31,HDFCBANK,1985.3,-0.016204
6585,2017-11-30,HDFCLIFE,372.0,
6586,2017-12-31,HDFCLIFE,384.9,0.034677
6587,2018-01-31,HDFCLIFE,426.7,0.1086
6588,2018-02-28,HDFCLIFE,461.25,0.08097
6589,2018-03-31,HDFCLIFE,454.0,-0.015718
6590,2018-04-30,HDFCLIFE,519.0,0.143172
6591,2018-05-31,HDFCLIFE,488.0,-0.05973
6592,2018-06-30,HDFCLIFE,455.3,-0.067008
6593,2018-07-31,HDFCLIFE,503.0,0.104766
6594,2018-08-31,HDFCLIFE,461.1,-0.0833
6595,2018-09-30,HDFCLIFE,390.4,-0.153329
6596,2018-10-31,HDFCLIFE,374.0,-0.042008
6597,2018-11-30,HDFCLIFE,396.5,0.06016
6598,2018-12-31,HDFCLIFE,386.8,-0.024464
6599,2019-01-31,HDFCLIFE,372.0,-0.038263
6600,2019-02-28,HDFCLIFE,351.5,-0.055108
6601,2019-03-31,HDFCLIFE,377.5,0.073969
6602,2019-04-30,HDFCLIFE,405.5,0.074172
6603,2019-05-31,HDFCLIFE,441.4,0.088533
6604,2019-06-30,HDFCLIFE,464.55,0.052447
6605,2019-07-31,HDFCLIFE,494.0,0.063395
6606,2019-08-31,HDFCLIFE,555.85,0.125202
6607,2019-09-30,HDFCLIFE,600.6,0.080507
6608,2019-10-31,HDFCLIFE,625.7,0.041792
6609,2019-11-30,HDFCLIFE,572.45,-0.085105
6610,2019-12-31,HDFCLIFE,622.5,0.087431
6611,2020-01-31,HDFCLIFE,600.0,-0.036145
6612,2020-02-29,HDFCLIFE,544.0,-0.093333
6613,2020-03-31,HDFCLIFE,438.1,-0.194669
6614,2020-04-30,HDFCLIFE,499.0,0.139009
6615,2020-05-31,HDFCLIFE,516.8,0.035671
6616,2020-06-30,HDFCLIFE,550.1,0.064435
6617,2020-07-31,HDFCLIFE,627.0,0.139793
6618,2020-08-31,HDFCLIFE,573.8,-0.084848
6619,2020-09-30,HDFCLIFE,558.9,-0.025967
6620,2020-10-31,HDFCLIFE,590.8,0.057076
6621,2020-11-30,HDFCLIFE,647.0,0.095125
6622,2020-12-31,HDFCLIFE,676.15,0.045054
6623,2021-01-31,HDFCLIFE,679.8,0.005398
6624,2021-02-28,HDFCLIFE,699.6,0.029126
6625,2021-03-31,HDFCLIFE,695.0,-0.006575
6626,2021-04-30,HDFCLIFE,662.7,-0.046475
6627,2021-05-31,HDFCLIFE,666.45,0.005659
6628,2021-06-30,HDFCLIFE,688.0,0.032336
6629,2021-07-31,HDFCLIFE,664.7,-0.033866
6630,2021-08-31,HDFCLIFE,717.15,0.078908
6631,2021-09-30,HDFCLIFE,722.0,0.006763
6632,2021-10-31,HDFCLIFE,682.65,-0.054501
6633,2021-11-30,HDFCLIFE,677.4,-0.007691
6634,2021-12-31,HDFCLIFE,651.4,-0.038382
6635,2022-01-31,HDFCLIFE,623.1,-0.043445
6636,2022-02-28,HDFCLIFE,523.0,-0.160648
6637,2022-03-31,HDFCLIFE,537.2,0.027151
6638,2022-04-30,HDFCLIFE,581.6,0.082651
6639,2022-05-31,HDFCLIFE,599.0,0.029917
6640,2022-06-30,HDFCLIFE,547.0,-0.086811
6641,2022-07-31,HDFCLIFE,554.0,0.012797
6642,2022-08-31,HDFCLIFE,574.0,0.036101
6643,2022-09-30,HDFCLIFE,529.15,-0.078136
6644,2022-10-31,HDFCLIFE,540.3,0.021072
6645,2022-11-30,HDFCLIFE,590.5,0.092911
6646,2022-12-31,HDFCLIFE,566.35,-0.040898
6647,2023-01-31,HDFCLIFE,579.5,0.023219
6648,2023-02-28,HDFCLIFE,488.9,-0.156342
6649,2023-03-31,HDFCLIFE,501.0,0.024749
6650,2023-04-30,HDFCLIFE,530.45,0.058782
6651,2023-05-31,HDFCLIFE,593.3,0.118484
6652,2023-06-30,HDFCLIFE,648.5,0.093039
6653,2023-07-31,HDFCLIFE,647.0,-0.002313
6654,2023-08-31,HDFCLIFE,646.05,-0.001468
6655,2023-09-30,HDFCLIFE,639.4,-0.010293
6656,2023-10-31,HDFCLIFE,620.9,-0.028933
6657,2023-11-30,HDFCLIFE,692.0,0.114511
6658,2023-12-31,HDFCLIFE,646.2,-0.066185
6659,2024-01-31,HDFCLIFE,576.25,-0.108248
6660,2024-02-29,HDFCLIFE,584.0,0.013449
6661,2024-03-31,HDFCLIFE,632.5,0.083048
6662,2024-04-30,HDFCLIFE,584.25,-0.076285
6663,2024-05-31,HDFCLIFE,548.5,-0.06119
6664,2024-06-30,HDFCLIFE,595.0,0.084777
6665,2024-07-31,HDFCLIFE,716.5,0.204202
6666,2024-08-31,HDFCLIFE,741.85,0.03538
6667,2024-09-30,HDFCLIFE,718.35,-0.031678
6668,2024-10-31,HDFCLIFE,720.0,0.002297
6669,2024-11-30,HDFCLIFE,656.0,-0.088889
6670,2024-12-31,HDFCLIFE,617.95,-0.058003
6671,2025-01-31,HDFCLIFE,638.85,0.033822
6672,2025-02-28,HDFCLIFE,609.5,-0.045942
6673,2025-03-31,HDFCLIFE,683.75,0.121821
6674,2025-04-30,HDFCLIFE,745.0,0.08958
6675,2025-05-31,HDFCLIFE,776.25,0.041946
6676,2025-06-30,HDFCLIFE,812.7,0.046957
6677,2025-07-31,HDFCLIFE,757.0,-0.068537
6678,2025-08-31,HDFCLIFE,752.4,-0.006077
-1,2006-01-31,HEROMOTOCO,452.0952,
-1,2006-02-28,HEROMOTOCO,469.0252,0.037448
-1,2006-03-31,HEROMOTOCO,469.6317,0.001293
-1,2006-04-30,HEROMOTOCO,446.0827,-0.050144
-1,2006-05-31,HEROMOTOCO,406.2107,-0.089383
-1,2006-06-30,HEROMOTOCO,418.5784,0.030447
-1,2006-07-31,HEROMOTOCO,372.2983,-0.110565
-1,2006-08-31,HEROMOTOCO,380.2621,0.021391
-1,2006-09-30,HEROMOTOCO,420.7819,0.106558
-1,2006-10-31,HEROMOTOCO,411.5507,-0.021938
-1,2006-11-30,HEROMOTOCO,403.0523,-0.02065
-1,2006-12-31,HEROMOTOCO,414.7,0.028899
-1,2007-01-31,HEROMOTOCO,388.9612,-0.062066
-1,2007-02-28,HEROMOTOCO,368.028,-0.053818
-1,2007-03-31,HEROMOTOCO,374.001,0.01623
-1,2007-04-30,HEROMOTOCO,375.3858,0.003703
-1,2007-05-31,HEROMOTOCO,397.7037,0.059453
-1,2007-06-30,HEROMOTOCO,376.0917,-0.054342
-1,2007-07-31,HEROMOTOCO,366.0188,-0.026783
-1,2007-08-31,HEROMOTOCO,360.9035,-0.013976
-1,2007-09-30,HEROMOTOCO,415.8296,0.152191
-1,2007-10-31,HEROMOTOCO,403.7753,-0.028989
-1,2007-11-30,HEROMOTOCO,401.409,-0.00586
-1,2007-12-31,HEROMOTOCO,387.7123,-0.034122
-1,2008-01-31,HEROMOTOCO,385.6243,-0.005385
-1,2008-02-29,HEROMOTOCO,424.0699,0.099697
-1,2008-03-31,HEROMOTOCO,386.7101,-0.088098
-1,2008-04-30,HEROMOTOCO,474.1521,0.226118
-1,2008-05-31,HEROMOTOCO,415.4399,-0.123826
-1,2008-06-30,HEROMOTOCO,385.4574,-0.07217
-1,2008-07-31,HEROMOTOCO,447.5659,0.161129
-1,2008-08-31,HEROMOTOCO,461.4018,0.030914
-1,2008-09-30,HEROMOTOCO,485.6773,0.052612
-1,2008-10-31,HEROMOTOCO,424.3806,-0.126209
-1,2008-11-30,HEROMOTOCO,457.5443,0.078146
-1,2008-12-31,HEROMOTOCO,457.5443,0.0
-1,2009-01-31,HEROMOTOCO,499.2196,0.091085
-1,2009-02-28,HEROMOTOCO,529.3087,0.060272
-1,2009-03-31,HEROMOTOCO,609.841,0.152146
-1,2009-04-30,HEROMOTOCO,674.6025,0.106194
-1,2009-05-31,HEROMOTOCO,761.2833,0.128492
-1,2009-06-30,HEROMOTOCO,795.6997,0.045208
-1,2009-07-31,HEROMOTOCO,913.9501,0.148612
-1,2009-08-31,HEROMOTOCO,860.0912,-0.05893
-1,2009-09-30,HEROMOTOCO,965.275,0.122294
-1,2009-10-31,HEROMOTOCO,903.7189,-0.063771
-1,2009-11-30,HEROMOTOCO,995.8655,0.101964
-1,2009-12-31,HEROMOTOCO,991.4211,-0.004463
-1,2010-01-31,HEROMOTOCO,899.823,-0.092391
-1,2010-02-28,HEROMOTOCO,1026.0231,0.14025
-1,2010-03-31,HEROMOTOCO,1122.2677,0.093804
-1,2010-04-30,HEROMOTOCO,1105.5299,-0.014914
-1,2010-05-31,HEROMOTOCO,1162.854,0.051852
-1,2010-06-30,HEROMOTOCO,1229.5361,0.057343
-1,2010-07-31,HEROMOTOCO,1089.2695,-0.114081
-1,2010-08-31,HEROMOTOCO,1075.2852,-0.012838
-1,2010-09-30,HEROMOTOCO,1134.2228,0.054811
-1,2010-10-31,HEROMOTOCO,1138.6484,0.003902
-1,2010-11-30,HEROMOTOCO,1210.3464,0.062968
-1,2010-12-31,HEROMOTOCO,1213.6735,0.002749
-1,2011-01-31,HEROMOTOCO,996.932,-0.178583
-1,2011-02-28,HEROMOTOCO,894.4367,-0.102811
-1,2011-03-31,HEROMOTOCO,970.2856,0.084801
-1,2011-04-30,HEROMOTOCO,1043.8759,0.075844
-1,2011-05-31,HEROMOTOCO,1178.9471,0.129394
-1,2011-06-30,HEROMOTOCO,1193.2169,0.012104
-1,2011-07-31,HEROMOTOCO,1134.6749,-0.049062
-1,2011-08-31,HEROMOTOCO,1304.1677,0.149376
-1,2011-09-30,HEROMOTOCO,1256.6306,-0.03645
-1,2011-10-31,HEROMOTOCO,1411.6912,0.123394
-1,2011-11-30,HEROMOTOCO,1294.134,-0.083274
-1,2011-12-31,HEROMOTOCO,1232.9445,-0.047282
-1,2012-01-31,HEROMOTOCO,1205.3428,-0.022387
-1,2012-02-29,HEROMOTOCO,1259.4457,0.044886
-1,2012-03-31,HEROMOTOCO,1330.0837,0.056087
-1,2012-04-30,HEROMOTOCO,1450.327,0.090403
-1,2012-05-31,HEROMOTOCO,1184.375,-0.183374
-1,2012-06-30,HEROMOTOCO,1391.0143,0.174471
-1,2012-07-31,HEROMOTOCO,1297.5637,-0.067182
-1,2012-08-31,HEROMOTOCO,1140.9504,-0.120698
-1,2012-09-30,HEROMOTOCO,1245.1799,0.091353
-1,2012-10-31,HEROMOTOCO,1244.9812,-0.00016
-1,2012-11-30,HEROMOTOCO,1209.6517,-0.028378
-1,2012-12-31,HEROMOTOCO,1258.6233,0.040484
-1,2013-01-31,HEROMOTOCO,1206.6387,-0.041303
-1,2013-02-28,HEROMOTOCO,1104.2253,-0.084875
-1,2013-03-31,HEROMOTOCO,1021.1497,-0.075234
-1,2013-04-30,HEROMOTOCO,1088.9943,0.066439
-1,2013-05-31,HEROMOTOCO,1149.8527,0.055885
-1,2013-06-30,HEROMOTOCO,1101.3119,-0.042215
-1,2013-07-31,HEROMOTOCO,1204.8507,0.094014
-1,2013-08-31,HEROMOTOCO,1355.2415,0.124821
-1,2013-09-30,HEROMOTOCO,1330.5735,-0.018202
-1,2013-10-31,HEROMOTOCO,1418.4163,0.066019
-1,2013-11-30,HEROMOTOCO,1401.048,-0.012245
-1,2013-12-31,HEROMOTOCO,1416.301,0.010887
-1,2014-01-31,HEROMOTOCO,1343.8922,-0.051125
-1,2014-02-28,HEROMOTOCO,1342.4933,-0.001041
-1,2014-03-31,HEROMOTOCO,1552.4507,0.156394
-1,2014-04-30,HEROMOTOCO,1501.642,-0.032728
-1,2014-05-31,HEROMOTOCO,1600.9396,0.066126
-1,2014-06-30,HEROMOTOCO,1798.0326,0.123111
-1,2014-07-31,HEROMOTOCO,1772.4404,-0.014233
-1,2014-08-31,HEROMOTOCO,1821.8511,0.027877
-1,2014-09-30,HEROMOTOCO,2009.1248,0.102793
-1,2014-10-31,HEROMOTOCO,2168.1116,0.079132
-1,2014-11-30,HEROMOTOCO,2226.9448,0.027136
-1,2014-12-31,HEROMOTOCO,2198.1121,-0.012947
-1,2015-01-31,HEROMOTOCO,2027.4858,-0.077624
-1,2015-02-28,HEROMOTOCO,1890.9996,-0.067318
5217,2015-03-31,HEROMOTOCO,2479.8,0.31137
5218,2015-04-30,HEROMOTOCO,2176.4,-0.122349
5219,2015-05-31,HEROMOTOCO,2528.9,0.161965
5220,2015-06-30,HEROMOTOCO,2357.3,-0.067856
5221,2015-07-31,HEROMOTOCO,2525.6,0.071395
5222,2015-08-31,HEROMOTOCO,2257.05,-0.106331
5223,2015-09-30,HEROMOTOCO,2236.0,-0.009326
5224,2015-10-31,HEROMOTOCO,2424.15,0.084146
5225,2015-11-30,HEROMOTOCO,2524.85,0.04154
5226,2015-12-31,HEROMOTOCO,2524.95,4e-05
5227,2016-01-31,HEROMOTOCO,2400.75,-0.049189
5228,2016-02-29,HEROMOTOCO,2341.25,-0.024784
5229,2016-03-31,HEROMOTOCO,2770.5,0.183342
5230,2016-04-30,HEROMOTOCO,2731.45,-0.014095
5231,2016-05-31,HEROMOTOCO,2933.95,0.074136
5232,2016-06-30,HEROMOTOCO,2981.2,0.016105
5233,2016-07-31,HEROMOTOCO,3024.1,0.01439
5234,2016-08-31,HEROMOTOCO,3360.7,0.111306
5235,2016-09-30,HEROMOTOCO,3234.85,-0.037448
5236,2016-10-31,HEROMOTOCO,3172.55,-0.019259
5237,2016-11-30,HEROMOTOCO,2985.5,-0.058959
5238,2016-12-31,HEROMOTOCO,2860.6,-0.041836
5239,2017-01-31,HEROMOTOCO,2995.9,0.047298
5240,2017-02-28,HEROMOTOCO,2957.85,-0.012701
5241,2017-03-31,HEROMOTOCO,3045.1,0.029498
5242,2017-04-30,HEROMOTOCO,3160.7,0.037963
5243,2017-05-31,HEROMOTOCO,3570.4,0.129623
5244,2017-06-30,HEROMOTOCO,3497.65,-0.020376
5245,2017-07-31,HEROMOTOCO,3470.9,-0.007648
5246,2017-08-31,HEROMOTOCO,3789.9,0.091907
5247,2017-09-30,HEROMOTOCO,3591.95,-0.052231
5248,2017-10-31,HEROMOTOCO,3661.85,0.01946
5249,2017-11-30,HEROMOTOCO,3458.25,-0.0556
5250,2017-12-31,HEROMOTOCO,3616.25,0.045688
5251,2018-01-31,HEROMOTOCO,3498.45,-0.032575
5252,2018-02-28,HEROMOTOCO,3402.85,-0.027326
5253,2018-03-31,HEROMOTOCO,3349.95,-0.015546
5254,2018-04-30,HEROMOTOCO,3543.1,0.057658
5255,2018-05-31,HEROMOTOCO,3365.55,-0.050111
5256,2018-06-30,HEROMOTOCO,3285.25,-0.023859
5257,2018-07-31,HEROMOTOCO,3118.75,-0.050681
5258,2018-08-31,HEROMOTOCO,3081.95,-0.0118
5259,2018-09-30,HEROMOTOCO,2744.4,-0.109525
5260,2018-10-31,HEROMOTOCO,2588.05,-0.056971
5261,2018-11-30,HEROMOTOCO,2882.65,0.113831
5262,2018-12-31,HEROMOTOCO,2916.8,0.011847
5263,2019-01-31,HEROMOTOCO,2462.2,-0.155856
5264,2019-02-28,HEROMOTOCO,2470.0,0.003168
5265,2019-03-31,HEROMOTOCO,2392.1,-0.031538
5266,2019-04-30,HEROMOTOCO,2346.15,-0.019209
5267,2019-05-31,HEROMOTOCO,2509.95,0.069817
5268,2019-06-30,HEROMOTOCO,2429.05,-0.032232
5269,2019-07-31,HEROMOTOCO,2191.8,-0.097672
5270,2019-08-31,HEROMOTOCO,2397.1,0.093667
5271,2019-09-30,HEROMOTOCO,2526.65,0.054044
5272,2019-10-31,HEROMOTOCO,2545.9,0.007619
5273,2019-11-30,HEROMOTOCO,2272.0,-0.107585
5274,2019-12-31,HEROMOTOCO,2287.6,0.006866
5275,2020-01-31,HEROMOTOCO,2340.3,0.023037
5276,2020-02-29,HEROMOTOCO,1895.45,-0.190082
5277,2020-03-31,HEROMOTOCO,1444.05,-0.238149
5278,2020-04-30,HEROMOTOCO,2003.55,0.387452
5279,2020-05-31,HEROMOTOCO,2182.3,0.089217
5280,2020-06-30,HEROMOTOCO,2391.1,0.095679
5281,2020-07-31,HEROMOTOCO,2507.35,0.048618
5282,2020-08-31,HEROMOTOCO,2827.85,0.127824
5283,2020-09-30,HEROMOTOCO,2971.85,0.050922
5284,2020-10-31,HEROMOTOCO,2638.7,-0.112102
5285,2020-11-30,HEROMOTOCO,2911.95,0.103555
5286,2020-12-31,HEROMOTOCO,2932.65,0.007109
5287,2021-01-31,HEROMOTOCO,3094.35,0.055138
5288,2021-02-28,HEROMOTOCO,3042.5,-0.016756
5289,2021-03-31,HEROMOTOCO,2747.4,-0.096993
5290,2021-04-30,HEROMOTOCO,2651.45,-0.034924
5291,2021-05-31,HEROMOTOCO,2830.95,0.067699
5292,2021-06-30,HEROMOTOCO,2736.35,-0.033416
5293,2021-07-31,HEROMOTOCO,2605.6,-0.047783
5294,2021-08-31,HEROMOTOCO,2572.45,-0.012723
5295,2021-09-30,HEROMOTOCO,2666.6,0.036599
5296,2021-10-31,HEROMOTOCO,2497.35,-0.06347
5297,2021-11-30,HEROMOTOCO,2290.3,-0.082908
5298,2021-12-31,HEROMOTOCO,2307.1,0.007335
5299,2022-01-31,HEROMOTOCO,2550.0,0.105284
5300,2022-02-28,HEROMOTOCO,2364.2,-0.072863
5301,2022-03-31,HEROMOTOCO,2138.35,-0.095529
5302,2022-04-30,HEROMOTOCO,2340.3,0.094442
5303,2022-05-31,HEROMOTOCO,2624.15,0.121288
5304,2022-06-30,HEROMOTOCO,2565.65,-0.022293
5305,2022-07-31,HEROMOTOCO,2640.8,0.029291
5306,2022-08-31,HEROMOTOCO,2679.5,0.014655
5307,2022-09-30,HEROMOTOCO,2390.25,-0.107949
5308,2022-10-31,HEROMOTOCO,2516.85,0.052965
5309,2022-11-30,HEROMOTOCO,2682.75,0.065916
5310,2022-12-31,HEROMOTOCO,2570.5,-0.041841
5311,2023-01-31,HEROMOTOCO,2600.7,0.011749
5312,2023-02-28,HEROMOTOCO,2268.1,-0.127889
5313,2023-03-31,HEROMOTOCO,2188.4,-0.03514
5314,2023-04-30,HEROMOTOCO,2399.8,0.0966
5315,2023-05-31,HEROMOTOCO,2595.75,0.081653
5316,2023-06-30,HEROMOTOCO,2736.35,0.054165
5317,2023-07-31,HEROMOTOCO,3033.9,0.10874
5318,2023-08-31,HEROMOTOCO,2751.0,-0.093246
5319,2023-09-30,HEROMOTOCO,2882.2,0.047692
5320,2023-10-31,HEROMOTOCO,2918.75,0.012681
5321,2023-11-30,HEROMOTOCO,3628.95,0.243323
5322,2023-12-31,HEROMOTOCO,3945.95,0.087353
5323,2024-01-31,HEROMOTOCO,4409.35,0.117437
5324,2024-02-29,HEROMOTOCO,4302.05,-0.024335
5325,2024-03-31,HEROMOTOCO,4614.2,0.072558
5326,2024-04-30,HEROMOTOCO,4439.6,-0.03784
5327,2024-05-31,HEROMOTOCO,4999.75,0.126171
5328,2024-06-30,HEROMOTOCO,5453.15,0.090685
5329,2024-07-31,HEROMOTOCO,5386.85,-0.012158
5330,2024-08-31,HEROMOTOCO,5333.2,-0.009959
5331,2024-09-30,HEROMOTOCO,5585.85,0.047373
5332,2024-10-31,HEROMOTOCO,4857.3,-0.130428
5333,2024-11-30,HEROMOTOCO,4648.35,-0.043018
5334,2024-12-31,HEROMOTOCO,4058.2,-0.126959
5335,2025-01-31,HEROMOTOCO,4231.8,0.042778
5336,2025-02-28,HEROMOTOCO,3704.0,-0.124722
5337,2025-03-31,HEROMOTOCO,3721.0,0.00459
5338,2025-04-30,HEROMOTOCO,3825.0,0.027949
5339,2025-05-31,HEROMOTOCO,4310.1,0.126824
5340,2025-06-30,HEROMOTOCO,4236.8,-0.017007
5341,2025-07-31,HEROMOTOCO,4251.9,0.003564
5342,2025-08-31,HEROMOTOCO,4470.1,0.051318
-1,2006-01-31,HINDALCO,124.6613,
-1,2006-02-28,HINDALCO,116.0001,-0.069478
-1,2006-03-31,HINDALCO,138.2016,0.191392
-1,2006-04-30,HINDALCO,169.783,0.228517
-1,2006-05-31,HINDALCO,134.3438,-0.208732
-1,2006-06-30,HINDALCO,132.7553,-0.011824
-1,2006-07-31,HINDALCO,121.5221,-0.084616
-1,2006-08-31,HINDALCO,131.8132,0.084685
-1,2006-09-30,HINDALCO,131.2772,-0.004066
-1,2006-10-31,HINDALCO,144.5237,0.100905
-1,2006-11-30,HINDALCO,132.5789,-0.082649
-1,2006-12-31,HINDALCO,133.3829,0.006064
-1,2007-01-31,HINDALCO,134.876,0.011194
-1,2007-02-28,HINDALCO,106.5455,-0.210048
-1,2007-03-31,HINDALCO,99.7692,-0.0636
-1,2007-04-30,HINDALCO,113.3025,0.135646
-1,2007-05-31,HINDALCO,109.0745,-0.037316
-1,2007-06-30,HINDALCO,124.2409,0.139046
-1,2007-07-31,HINDALCO,131.8436,0.061193
-1,2007-08-31,HINDALCO,122.4954,-0.070904
-1,2007-09-30,HINDALCO,133.5891,0.090564
-1,2007-10-31,HINDALCO,152.4405,0.141115
-1,2007-11-30,HINDALCO,143.8294,-0.056488
-1,2007-12-31,HINDALCO,166.676,0.158845
-1,2008-01-31,HINDALCO,127.1889,-0.236909
-1,2008-02-29,HINDALCO,157.1727,0.235742
-1,2008-03-31,HINDALCO,128.081,-0.185094
-1,2008-04-30,HINDALCO,150.3847,0.174137
-1,2008-05-31,HINDALCO,149.1822,-0.007996
-1,2008-06-30,HINDALCO,110.3933,-0.26001
-1,2008-07-31,HINDALCO,109.6563,-0.006676
-1,2008-08-31,HINDALCO,104.7718,-0.044544
-1,2008-09-30,HINDALCO,85.3515,-0.185358
-1,2008-10-31,HINDALCO,52.5574,-0.384224
-1,2008-11-30,HINDALCO,45.9986,-0.124793
-1,2008-12-31,HINDALCO,44.6521,-0.029273
-1,2009-01-31,HINDALCO,42.5237,-0.047666
-1,2009-02-28,HINDALCO,33.5325,-0.21144
-1,2009-03-31,HINDALCO,45.2167,0.348444
-1,2009-04-30,HINDALCO,46.6936,0.032663
-1,2009-05-31,HINDALCO,73.5369,0.574882
-1,2009-06-30,HINDALCO,75.1006,0.021264
-1,2009-07-31,HINDALCO,87.1324,0.160209
-1,2009-08-31,HINDALCO,92.0841,0.05683
-1,2009-09-30,HINDALCO,112.108,0.217452
-1,2009-10-31,HINDALCO,107.0556,-0.045067
-1,2009-11-30,HINDALCO,121.3326,0.133361
-1,2009-12-31,HINDALCO,141.3204,0.164736
-1,2010-01-31,HINDALCO,129.4596,-0.083928
-1,2010-02-28,HINDALCO,142.9019,0.103834
-1,2010-03-31,HINDALCO,159.2436,0.114356
-1,2010-04-30,HINDALCO,156.8275,-0.015172
-1,2010-05-31,HINDALCO,132.0075,-0.158263
-1,2010-06-30,HINDALCO,126.9556,-0.03827
-1,2010-07-31,HINDALCO,140.8812,0.109689
-1,2010-08-31,HINDALCO,146.1966,0.03773
-1,2010-09-30,HINDALCO,174.4669,0.193372
-1,2010-10-31,HINDALCO,186.3754,0.068257
-1,2010-11-30,HINDALCO,182.8782,-0.018764
-1,2010-12-31,HINDALCO,218.6924,0.195836
-1,2011-01-31,HINDALCO,203.3308,-0.070243
-1,2011-02-28,HINDALCO,178.2741,-0.123231
-1,2011-03-31,HINDALCO,185.1802,0.038739
-1,2011-04-30,HINDALCO,191.2894,0.032991
-1,2011-05-31,HINDALCO,174.7325,-0.086554
-1,2011-06-30,HINDALCO,159.8579,-0.085128
-1,2011-07-31,HINDALCO,149.1446,-0.067018
-1,2011-08-31,HINDALCO,133.3403,-0.105966
-1,2011-09-30,HINDALCO,116.3851,-0.127157
-1,2011-10-31,HINDALCO,121.6549,0.045279
-1,2011-11-30,HINDALCO,110.0218,-0.095624
-1,2011-12-31,HINDALCO,103.6684,-0.057747
-1,2012-01-31,HINDALCO,131.185,0.265429
-1,2012-02-29,HINDALCO,133.2432,0.015689
-1,2012-03-31,HINDALCO,115.7936,-0.130961
-1,2012-04-30,HINDALCO,108.0531,-0.066847
-1,2012-05-31,HINDALCO,104.3843,-0.033954
-1,2012-06-30,HINDALCO,107.2925,0.027861
-1,2012-07-31,HINDALCO,107.4715,0.001668
-1,2012-08-31,HINDALCO,92.9302,-0.135304
-1,2012-09-30,HINDALCO,109.6097,0.179484
-1,2012-10-31,HINDALCO,105.841,-0.034383
-1,2012-11-30,HINDALCO,105.8864,0.000429
-1,2012-12-31,HINDALCO,118.5092,0.119211
-1,2013-01-31,HINDALCO,105.5231,-0.109579
-1,2013-02-28,HINDALCO,89.8127,-0.148881
-1,2013-03-31,HINDALCO,83.1835,-0.073811
-1,2013-04-30,HINDALCO,88.3143,0.061681
-1,2013-05-31,HINDALCO,92.9911,0.052956
-1,2013-06-30,HINDALCO,90.63,-0.025391
-1,2013-07-31,HINDALCO,81.8213,-0.097194
-1,2013-08-31,HINDALCO,95.3976,0.165926
-1,2013-09-30,HINDALCO,102.9642,0.079316
-1,2013-10-31,HINDALCO,105.8626,0.02815
-1,2013-11-30,HINDALCO,112.9017,0.066493
-1,2013-12-31,HINDALCO,112.8097,-0.000815
-1,2014-01-31,HINDALCO,100.8019,-0.106443
-1,2014-02-28,HINDALCO,96.9372,-0.03834
-1,2014-03-31,HINDALCO,130.4305,0.345515
-1,2014-04-30,HINDALCO,123.5754,-0.052557
-1,2014-05-31,HINDALCO,136.1814,0.102011
-1,2014-06-30,HINDALCO,151.0877,0.109459
-1,2014-07-31,HINDALCO,176.3917,0.167479
-1,2014-08-31,HINDALCO,156.5166,-0.112676
-1,2014-09-30,HINDALCO,144.2327,-0.078483
-1,2014-10-31,HINDALCO,151.5312,0.050602
-1,2014-11-30,HINDALCO,161.1119,0.063226
-1,2014-12-31,HINDALCO,145.8384,-0.094801
-1,2015-01-31,HINDALCO,129.3153,-0.113297
-1,2015-02-28,HINDALCO,143.6168,0.110594
11394,2015-03-31,HINDALCO,128.55,-0.10491
11395,2015-04-30,HINDALCO,128.9,0.002723
11396,2015-05-31,HINDALCO,129.0,0.000776
11397,2015-06-30,HINDALCO,111.85,-0.132946
11398,2015-07-31,HINDALCO,105.05,-0.060796
11399,2015-08-31,HINDALCO,80.1,-0.237506
11400,2015-09-30,HINDALCO,71.4,-0.108614
11401,2015-10-31,HINDALCO,83.15,0.164566
11402,2015-11-30,HINDALCO,77.2,-0.071557
11403,2015-12-31,HINDALCO,84.65,0.096503
11404,2016-01-31,HINDALCO,70.15,-0.171294
11405,2016-02-29,HINDALCO,68.25,-0.027085
11406,2016-03-31,HINDALCO,88.2,0.292308
11407,2016-04-30,HINDALCO,96.0,0.088435
11408,2016-05-31,HINDALCO,105.1,0.094792
11409,2016-06-30,HINDALCO,123.15,0.171741
11410,2016-07-31,HINDALCO,133.2,0.081608
11411,2016-08-31,HINDALCO,159.0,0.193694
11412,2016-09-30,HINDALCO,152.75,-0.039308
11413,2016-10-31,HINDALCO,149.4,-0.021931
11414,2016-11-30,HINDALCO,175.7,0.176037
11415,2016-12-31,HINDALCO,154.8,-0.118953
11416,2017-01-31,HINDALCO,190.0,0.22739
11417,2017-02-28,HINDALCO,184.3,-0.03
11418,2017-03-31,HINDALCO,194.55,0.055616
11419,2017-04-30,HINDALCO,199.2,0.023901
11420,2017-05-31,HINDALCO,200.4,0.006024
11421,2017-06-30,HINDALCO,191.1,-0.046407
11422,2017-07-31,HINDALCO,220.1,0.151753
11423,2017-08-31,HINDALCO,238.25,0.082463
11424,2017-09-30,HINDALCO,240.8,0.010703
11425,2017-10-31,HINDALCO,267.7,0.111711
11426,2017-11-30,HINDALCO,239.8,-0.104221
11427,2017-12-31,HINDALCO,274.2,0.143453
11428,2018-01-31,HINDALCO,256.3,-0.065281
11429,2018-02-28,HINDALCO,244.75,-0.045064
11430,2018-03-31,HINDALCO,215.3,-0.120327
11431,2018-04-30,HINDALCO,235.65,0.094519
11432,2018-05-31,HINDALCO,234.95,-0.002971
11433,2018-06-30,HINDALCO,230.2,-0.020217
11434,2018-07-31,HINDALCO,213.4,-0.07298
11435,2018-08-31,HINDALCO,237.9,0.114808
11436,2018-09-30,HINDALCO,228.4,-0.039933
11437,2018-10-31,HINDALCO,220.1,-0.03634
11438,2018-11-30,HINDALCO,226.2,0.027715
11439,2018-12-31,HINDALCO,225.5,-0.003095
11440,2019-01-31,HINDALCO,208.65,-0.074723
11441,2019-02-28,HINDALCO,196.5,-0.058231
11442,2019-03-31,HINDALCO,204.9,0.042748
11443,2019-04-30,HINDALCO,205.65,0.00366
11444,2019-05-31,HINDALCO,197.0,-0.042062
11445,2019-06-30,HINDALCO,207.2,0.051777
11446,2019-07-31,HINDALCO,190.6,-0.080116
11447,2019-08-31,HINDALCO,184.5,-0.032004
11448,2019-09-30,HINDALCO,191.3,0.036856
11449,2019-10-31,HINDALCO,187.45,-0.020125
11450,2019-11-30,HINDALCO,199.8,0.065884
11451,2019-12-31,HINDALCO,215.8,0.08008
11452,2020-01-31,HINDALCO,189.4,-0.122335
11453,2020-02-29,HINDALCO,155.0,-0.181626
11454,2020-03-31,HINDALCO,94.9,-0.387742
11455,2020-04-30,HINDALCO,130.0,0.369863
11456,2020-05-31,HINDALCO,138.45,0.065
11457,2020-06-30,HINDALCO,147.3,0.063922
11458,2020-07-31,HINDALCO,164.0,0.113374
11459,2020-08-31,HINDALCO,184.7,0.12622
11460,2020-09-30,HINDALCO,174.45,-0.055495
11461,2020-10-31,HINDALCO,171.1,-0.019203
11462,2020-11-30,HINDALCO,225.25,0.316482
11463,2020-12-31,HINDALCO,239.2,0.061931
11464,2021-01-31,HINDALCO,226.1,-0.054766
11465,2021-02-28,HINDALCO,340.95,0.507961
11466,2021-03-31,HINDALCO,326.1,-0.043555
11467,2021-04-30,HINDALCO,363.65,0.115149
11468,2021-05-31,HINDALCO,394.2,0.084009
11469,2021-06-30,HINDALCO,372.4,-0.055302
11470,2021-07-31,HINDALCO,447.65,0.202068
11471,2021-08-31,HINDALCO,470.0,0.049927
11472,2021-09-30,HINDALCO,488.0,0.038298
11473,2021-10-31,HINDALCO,463.9,-0.049385
11474,2021-11-30,HINDALCO,412.0,-0.111878
11475,2021-12-31,HINDALCO,474.75,0.152306
11476,2022-01-31,HINDALCO,489.7,0.03149
11477,2022-02-28,HINDALCO,572.0,0.168062
11478,2022-03-31,HINDALCO,571.3,-0.001224
11479,2022-04-30,HINDALCO,483.35,-0.153947
11480,2022-05-31,HINDALCO,427.0,-0.116582
11481,2022-06-30,HINDALCO,337.7,-0.209133
11482,2022-07-31,HINDALCO,416.0,0.231863
11483,2022-08-31,HINDALCO,437.8,0.052404
11484,2022-09-30,HINDALCO,391.8,-0.105071
11485,2022-10-31,HINDALCO,405.5,0.034967
11486,2022-11-30,HINDALCO,449.85,0.109371
11487,2022-12-31,HINDALCO,473.75,0.053129
11488,2023-01-31,HINDALCO,468.95,-0.010132
11489,2023-02-28,HINDALCO,399.45,-0.148203
11490,2023-03-31,HINDALCO,403.2,0.009388
11491,2023-04-30,HINDALCO,435.5,0.080109
11492,2023-05-31,HINDALCO,407.5,-0.064294
11493,2023-06-30,HINDALCO,420.5,0.031902
11494,2023-07-31,HINDALCO,461.55,0.097622
11495,2023-08-31,HINDALCO,461.9,0.000758
11496,2023-09-30,HINDALCO,493.0,0.067331
11497,2023-10-31,HINDALCO,460.05,-0.066836
11498,2023-11-30,HINDALCO,516.0,0.121617
11499,2023-12-31,HINDALCO,614.25,0.190407
11500,2024-01-31,HINDALCO,579.45,-0.056654
11501,2024-02-29,HINDALCO,506.5,-0.125895
11502,2024-03-31,HINDALCO,561.85,0.109279
11503,2024-04-30,HINDALCO,644.0,0.146213
11504,2024-05-31,HINDALCO,686.0,0.065217
11505,2024-06-30,HINDALCO,691.95,0.008673
11506,2024-07-31,HINDALCO,672.0,-0.028832
11507,2024-08-31,HINDALCO,702.0,0.044643
11508,2024-09-30,HINDALCO,755.0,0.075499
11509,2024-10-31,HINDALCO,684.1,-0.093907
11510,2024-11-30,HINDALCO,657.0,-0.039614
11511,2024-12-31,HINDALCO,601.8,-0.084018
11512,2025-01-31,HINDALCO,593.75,-0.013377
11513,2025-02-28,HINDALCO,634.0,0.067789
11514,2025-03-31,HINDALCO,682.0,0.07571
11515,2025-04-30,HINDALCO,620.55,-0.090103
11516,2025-05-31,HINDALCO,633.3,0.020546
11517,2025-06-30,HINDALCO,692.85,0.094031
11518,2025-07-31,HINDALCO,683.7,-0.013206
11519,2025-08-31,HINDALCO,684.85,0.001682
-1,2006-01-31,HINDPETRO,20.8465,
-1,2006-02-28,HINDPETRO,21.8347,0.047404
-1,2006-03-31,HINDPETRO,21.575,-0.011894
-1,2006-04-30,HINDPETRO,21.5953,0.000941
-1,2006-05-31,HINDPETRO,20.6914,-0.041856
-1,2006-06-30,HINDPETRO,15.8819,-0.23244
-1,2006-07-31,HINDPETRO,15.1737,-0.044592
-1,2006-08-31,HINDPETRO,18.7285,0.234274
-1,2006-09-30,HINDPETRO,19.0919,0.019404
-1,2006-10-31,HINDPETRO,22.1772,0.161603
-1,2006-11-30,HINDPETRO,19.2352,-0.132659
-1,2006-12-31,HINDPETRO,19.01,-0.011708
-1,2007-01-31,HINDPETRO,21.7837,0.145907
-1,2007-02-28,HINDPETRO,18.957,-0.129762
-1,2007-03-31,HINDPETRO,17.2958,-0.08763
-1,2007-04-30,HINDPETRO,18.8523,0.089993
-1,2007-05-31,HINDPETRO,20.5693,0.091076
-1,2007-06-30,HINDPETRO,18.8906,-0.081612
-1,2007-07-31,HINDPETRO,17.9833,-0.048029
-1,2007-08-31,HINDPETRO,16.4024,-0.087909
-1,2007-09-30,HINDPETRO,19.5791,0.193673
-1,2007-10-31,HINDPETRO,17.5541,-0.103427
-1,2007-11-30,HINDPETRO,20.001,0.139392
-1,2007-12-31,HINDPETRO,27.096,0.354732
-1,2008-01-31,HINDPETRO,18.5886,-0.313973
-1,2008-02-29,HINDPETRO,22.0334,0.185318
-1,2008-03-31,HINDPETRO,18.8124,-0.146187
-1,2008-04-30,HINDPETRO,18.8784,0.003508
-1,2008-05-31,HINDPETRO,17.9393,-0.049745
-1,2008-06-30,HINDPETRO,12.9207,-0.279755
-1,2008-07-31,HINDPETRO,16.083,0.244747
-1,2008-08-31,HINDPETRO,14.7843,-0.08075
-1,2008-09-30,HINDPETRO,17.7742,0.202235
-1,2008-10-31,HINDPETRO,14.196,-0.201314
-1,2008-11-30,HINDPETRO,17.7004,0.246858
-1,2008-12-31,HINDPETRO,20.3221,0.148115
-1,2009-01-31,HINDPETRO,21.2903,0.047643
-1,2009-02-28,HINDPETRO,20.8397,-0.021165
-1,2009-03-31,HINDPETRO,20.0539,-0.037707
-1,2009-04-30,HINDPETRO,20.5194,0.023212
-1,2009-05-31,HINDPETRO,27.0328,0.317426
-1,2009-06-30,HINDPETRO,22.2697,-0.176197
-1,2009-07-31,HINDPETRO,26.0124,0.168062
-1,2009-08-31,HINDPETRO,26.3811,0.014174
-1,2009-09-30,HINDPETRO,30.3855,0.15179
-1,2009-10-31,HINDPETRO,26.284,-0.134982
-1,2009-11-30,HINDPETRO,26.6129,0.012513
-1,2009-12-31,HINDPETRO,29.5085,0.108804
-1,2010-01-31,HINDPETRO,25.2293,-0.145016
-1,2010-02-28,HINDPETRO,26.2235,0.039407
-1,2010-03-31,HINDPETRO,24.0839,-0.081591
-1,2010-04-30,HINDPETRO,23.8457,-0.00989
-1,2010-05-31,HINDPETRO,27.4937,0.152984
-1,2010-06-30,HINDPETRO,35.4964,0.291074
-1,2010-07-31,HINDPETRO,32.7709,-0.076782
-1,2010-08-31,HINDPETRO,39.7567,0.213171
-1,2010-09-30,HINDPETRO,38.3429,-0.035561
-1,2010-10-31,HINDPETRO,37.6962,-0.016866
-1,2010-11-30,HINDPETRO,31.9176,-0.153294
-1,2010-12-31,HINDPETRO,30.2969,-0.050778
-1,2011-01-31,HINDPETRO,27.779,-0.083108
-1,2011-02-28,HINDPETRO,24.7775,-0.108049
-1,2011-03-31,HINDPETRO,27.5817,0.113175
-1,2011-04-30,HINDPETRO,28.831,0.045295
-1,2011-05-31,HINDPETRO,29.4344,0.020929
-1,2011-06-30,HINDPETRO,30.7495,0.044679
-1,2011-07-31,HINDPETRO,29.6858,-0.034592
-1,2011-08-31,HINDPETRO,28.889,-0.026841
-1,2011-09-30,HINDPETRO,28.3553,-0.018474
-1,2011-10-31,HINDPETRO,26.7266,-0.057439
-1,2011-11-30,HINDPETRO,22.1819,-0.170044
-1,2011-12-31,HINDPETRO,20.2926,-0.085173
-1,2012-01-31,HINDPETRO,23.6781,0.166834
-1,2012-02-29,HINDPETRO,25.1582,0.062509
-1,2012-03-31,HINDPETRO,24.3559,-0.03189
-1,2012-04-30,HINDPETRO,24.1835,-0.007078
-1,2012-05-31,HINDPETRO,23.301,-0.036492
-1,2012-06-30,HINDPETRO,26.891,0.154071
-1,2012-07-31,HINDPETRO,27.5729,0.025358
-1,2012-08-31,HINDPETRO,23.8946,-0.133403
-1,2012-09-30,HINDPETRO,25.3968,0.062868
-1,2012-10-31,HINDPETRO,24.638,-0.029878
-1,2012-11-30,HINDPETRO,23.6688,-0.039338
-1,2012-12-31,HINDPETRO,23.9946,0.013765
-1,2013-01-31,HINDPETRO,27.1084,0.129771
-1,2013-02-28,HINDPETRO,23.8997,-0.118366
-1,2013-03-31,HINDPETRO,23.5244,-0.015703
-1,2013-04-30,HINDPETRO,25.3226,0.07644
-1,2013-05-31,HINDPETRO,23.2357,-0.082413
-1,2013-06-30,HINDPETRO,20.8767,-0.101525
-1,2013-07-31,HINDPETRO,17.4577,-0.163771
-1,2013-08-31,HINDPETRO,13.8367,-0.207416
-1,2013-09-30,HINDPETRO,16.592,0.19913
-1,2013-10-31,HINDPETRO,17.3864,0.047878
-1,2013-11-30,HINDPETRO,18.5607,0.067541
-1,2013-12-31,HINDPETRO,20.4906,0.103978
-1,2014-01-31,HINDPETRO,21.0907,0.029287
-1,2014-02-28,HINDPETRO,22.8609,0.083933
-1,2014-03-31,HINDPETRO,26.7509,0.17016
-1,2014-04-30,HINDPETRO,27.7914,0.038896
-1,2014-05-31,HINDPETRO,34.5957,0.244835
-1,2014-06-30,HINDPETRO,35.9385,0.038814
-1,2014-07-31,HINDPETRO,34.4792,-0.040605
-1,2014-08-31,HINDPETRO,39.5478,0.147005
-1,2014-09-30,HINDPETRO,43.2727,0.094187
-1,2014-10-31,HINDPETRO,47.6031,0.100072
-1,2014-11-30,HINDPETRO,53.54,0.124717
-1,2014-12-31,HINDPETRO,49.1333,-0.082307
-1,2015-01-31,HINDPETRO,59.0506,0.201845
-1,2015-02-28,HINDPETRO,54.3747,-0.079185
-1,2015-03-31,HINDPETRO,58.3192,0.072543
13338,2015-04-30,HINDPETRO,138.92,1.382063
13339,2015-05-31,HINDPETRO,149.97,0.079542
13340,2015-06-30,HINDPETRO,162.03,0.080416
13341,2015-07-31,HINDPETRO,204.81,0.264025
13342,2015-08-31,HINDPETRO,187.44,-0.08481
13343,2015-09-30,HINDPETRO,171.99,-0.082426
13344,2015-10-31,HINDPETRO,170.77,-0.007093
13345,2015-11-30,HINDPETRO,186.69,0.093225
13346,2015-12-31,HINDPETRO,185.82,-0.00466
13347,2016-01-31,HINDPETRO,181.32,-0.024217
13348,2016-02-29,HINDPETRO,152.88,-0.15685
13349,2016-03-31,HINDPETRO,175.06,0.145081
13350,2016-04-30,HINDPETRO,185.28,0.05838
13351,2016-05-31,HINDPETRO,201.43,0.087165
13352,2016-06-30,HINDPETRO,221.39,0.099091
13353,2016-07-31,HINDPETRO,280.38,0.266453
13354,2016-08-31,HINDPETRO,270.82,-0.034097
13355,2016-09-30,HINDPETRO,282.63,0.043608
13356,2016-10-31,HINDPETRO,311.5,0.102148
13357,2016-11-30,HINDPETRO,314.13,0.008443
13358,2016-12-31,HINDPETRO,294.2,-0.063445
13359,2017-01-31,HINDPETRO,347.57,0.181407
13360,2017-02-28,HINDPETRO,358.5,0.031447
13361,2017-03-31,HINDPETRO,350.43,-0.02251
13362,2017-04-30,HINDPETRO,357.43,0.019975
13363,2017-05-31,HINDPETRO,369.47,0.033685
13364,2017-06-30,HINDPETRO,340.23,-0.07914
13365,2017-07-31,HINDPETRO,383.2,0.126297
13366,2017-08-31,HINDPETRO,488.35,0.2744
13367,2017-09-30,HINDPETRO,426.8,-0.126037
13368,2017-10-31,HINDPETRO,447.15,0.04768
13369,2017-11-30,HINDPETRO,416.7,-0.068098
13370,2017-12-31,HINDPETRO,418.6,0.00456
13371,2018-01-31,HINDPETRO,397.7,-0.049928
13372,2018-02-28,HINDPETRO,380.15,-0.044129
13373,2018-03-31,HINDPETRO,344.85,-0.092858
13374,2018-04-30,HINDPETRO,304.5,-0.117007
13375,2018-05-31,HINDPETRO,311.85,0.024138
13376,2018-06-30,HINDPETRO,259.2,-0.168831
13377,2018-07-31,HINDPETRO,284.8,0.098765
13378,2018-08-31,HINDPETRO,253.8,-0.108848
13379,2018-09-30,HINDPETRO,251.45,-0.009259
13380,2018-10-31,HINDPETRO,224.15,-0.10857
13381,2018-11-30,HINDPETRO,232.35,0.036583
13382,2018-12-31,HINDPETRO,253.25,0.089951
13383,2019-01-31,HINDPETRO,233.5,-0.077986
13384,2019-02-28,HINDPETRO,223.35,-0.043469
13385,2019-03-31,HINDPETRO,283.85,0.270875
13386,2019-04-30,HINDPETRO,291.25,0.02607
13387,2019-05-31,HINDPETRO,324.25,0.113305
13388,2019-06-30,HINDPETRO,290.05,-0.105474
13389,2019-07-31,HINDPETRO,266.05,-0.082744
13390,2019-08-31,HINDPETRO,260.15,-0.022176
13391,2019-09-30,HINDPETRO,301.7,0.159716
13392,2019-10-31,HINDPETRO,325.25,0.078058
13393,2019-11-30,HINDPETRO,282.6,-0.13113
13394,2019-12-31,HINDPETRO,264.5,-0.064048
13395,2020-01-31,HINDPETRO,232.45,-0.121172
13396,2020-02-29,HINDPETRO,197.55,-0.15014
13397,2020-03-31,HINDPETRO,190.1,-0.037712
13398,2020-04-30,HINDPETRO,220.3,0.158864
13399,2020-05-31,HINDPETRO,194.55,-0.116886
13400,2020-06-30,HINDPETRO,216.75,0.114109
13401,2020-07-31,HINDPETRO,215.0,-0.008074
13402,2020-08-31,HINDPETRO,201.55,-0.062558
13403,2020-09-30,HINDPETRO,180.65,-0.103696
13404,2020-10-31,HINDPETRO,187.65,0.038749
13405,2020-11-30,HINDPETRO,209.35,0.115641
13406,2020-12-31,HINDPETRO,217.9,0.040841
13407,2021-01-31,HINDPETRO,218.6,0.003212
13408,2021-02-28,HINDPETRO,242.45,0.109103
13409,2021-03-31,HINDPETRO,234.5,-0.03279
13410,2021-04-30,HINDPETRO,234.65,0.00064
13411,2021-05-31,HINDPETRO,279.7,0.191988
13412,2021-06-30,HINDPETRO,293.2,0.048266
13413,2021-07-31,HINDPETRO,261.15,-0.109311
13414,2021-08-31,HINDPETRO,266.6,0.020869
13415,2021-09-30,HINDPETRO,300.0,0.125281
13416,2021-10-31,HINDPETRO,310.4,0.034667
13417,2021-11-30,HINDPETRO,295.1,-0.049291
13418,2021-12-31,HINDPETRO,292.35,-0.009319
13419,2022-01-31,HINDPETRO,326.0,0.115102
-1,2006-01-31,HINDUNILVR,128.6599,
-1,2006-02-28,HINDUNILVR,160.586,0.248143
-1,2006-03-31,HINDUNILVR,179.2342,0.116126
-1,2006-04-30,HINDUNILVR,190.7658,0.064338
-1,2006-05-31,HINDUNILVR,155.1778,-0.186553
-1,2006-06-30,HINDUNILVR,152.2531,-0.018847
-1,2006-07-31,HINDUNILVR,154.6793,0.015935
-1,2006-08-31,HINDUNILVR,155.8425,0.00752
-1,2006-09-30,HINDUNILVR,173.3007,0.112025
-1,2006-10-31,HINDUNILVR,157.4633,-0.091387
-1,2006-11-30,HINDUNILVR,158.508,0.006635
-1,2006-12-31,HINDUNILVR,145.8381,-0.079932
-1,2007-01-31,HINDUNILVR,140.3456,-0.037662
-1,2007-02-28,HINDUNILVR,118.8473,-0.153181
-1,2007-03-31,HINDUNILVR,138.2901,0.163595
-1,2007-04-30,HINDUNILVR,134.3139,-0.028753
-1,2007-05-31,HINDUNILVR,139.0923,0.035576
-1,2007-06-30,HINDUNILVR,128.9716,-0.072762
-1,2007-07-31,HINDUNILVR,141.3832,0.096235
-1,2007-08-31,HINDUNILVR,142.4431,0.007497
-1,2007-09-30,HINDUNILVR,153.1505,0.07517
-1,2007-10-31,HINDUNILVR,143.7435,-0.061423
-1,2007-11-30,HINDUNILVR,143.5352,-0.001449
-1,2007-12-31,HINDUNILVR,150.6693,0.049703
-1,2008-01-31,HINDUNILVR,147.1793,-0.023163
-1,2008-02-29,HINDUNILVR,160.399,0.08982
-1,2008-03-31,HINDUNILVR,161.3155,0.005714
-1,2008-04-30,HINDUNILVR,178.8098,0.108448
-1,2008-05-31,HINDUNILVR,169.4138,-0.052547
-1,2008-06-30,HINDUNILVR,148.0138,-0.126318
-1,2008-07-31,HINDUNILVR,171.2359,0.156891
-1,2008-08-31,HINDUNILVR,175.3444,0.023993
-1,2008-09-30,HINDUNILVR,182.9645,0.043458
-1,2008-10-31,HINDUNILVR,160.8419,-0.120912
-1,2008-11-30,HINDUNILVR,171.468,0.066065
-1,2008-12-31,HINDUNILVR,181.5501,0.058799
-1,2009-01-31,HINDUNILVR,189.7825,0.045345
-1,2009-02-28,HINDUNILVR,183.8711,-0.031148
-1,2009-03-31,HINDUNILVR,172.2658,-0.063116
-1,2009-04-30,HINDUNILVR,170.2711,-0.011579
-1,2009-05-31,HINDUNILVR,167.4062,-0.016826
-1,2009-06-30,HINDUNILVR,194.0257,0.159011
-1,2009-07-31,HINDUNILVR,214.738,0.10675
-1,2009-08-31,HINDUNILVR,191.4962,-0.108233
-1,2009-09-30,HINDUNILVR,193.4483,0.010194
-1,2009-10-31,HINDUNILVR,208.8447,0.079589
-1,2009-11-30,HINDUNILVR,210.097,0.005996
-1,2009-12-31,HINDUNILVR,197.184,-0.061462
-1,2010-01-31,HINDUNILVR,180.4293,-0.08497
-1,2010-02-28,HINDUNILVR,175.8869,-0.025176
-1,2010-03-31,HINDUNILVR,178.3815,0.014183
-1,2010-04-30,HINDUNILVR,178.5677,0.001044
-1,2010-05-31,HINDUNILVR,176.6316,-0.010842
-1,2010-06-30,HINDUNILVR,199.2318,0.127951
-1,2010-07-31,HINDUNILVR,187.2428,-0.060176
-1,2010-08-31,HINDUNILVR,199.5708,0.06584
-1,2010-09-30,HINDUNILVR,233.1847,0.168431
-1,2010-10-31,HINDUNILVR,222.3574,-0.046432
-1,2010-11-30,HINDUNILVR,225.0359,0.012046
-1,2010-12-31,HINDUNILVR,238.5177,0.05991
-1,2011-01-31,HINDUNILVR,206.6924,-0.13343
-1,2011-02-28,HINDUNILVR,214.9632,0.040015
-1,2011-03-31,HINDUNILVR,218.8508,0.018085
-1,2011-04-30,HINDUNILVR,217.4025,-0.006618
-1,2011-05-31,HINDUNILVR,232.1526,0.067847
-1,2011-06-30,HINDUNILVR,261.9578,0.128386
-1,2011-07-31,HINDUNILVR,246.979,-0.05718
-1,2011-08-31,HINDUNILVR,246.8076,-0.000694
-1,2011-09-30,HINDUNILVR,262.3679,0.063046
-1,2011-10-31,HINDUNILVR,289.4828,0.103347
-1,2011-11-30,HINDUNILVR,305.929,0.056812
-1,2011-12-31,HINDUNILVR,316.7246,0.035288
-1,2012-01-31,HINDUNILVR,294.6068,-0.069833
-1,2012-02-29,HINDUNILVR,295.5787,0.003299
-1,2012-03-31,HINDUNILVR,318.7848,0.078511
-1,2012-04-30,HINDUNILVR,324.6545,0.018413
-1,2012-05-31,HINDUNILVR,332.7397,0.024904
-1,2012-06-30,HINDUNILVR,353.3416,0.061916
-1,2012-07-31,HINDUNILVR,363.3315,0.028273
-1,2012-08-31,HINDUNILVR,404.1164,0.112253
-1,2012-09-30,HINDUNILVR,428.2409,0.059697
-1,2012-10-31,HINDUNILVR,428.8293,0.001374
-1,2012-11-30,HINDUNILVR,422.1607,-0.015551
-1,2012-12-31,HINDUNILVR,421.4025,-0.001796
-1,2013-01-31,HINDUNILVR,380.5349,-0.09698
-1,2013-02-28,HINDUNILVR,355.7252,-0.065197
-1,2013-03-31,HINDUNILVR,374.9146,0.053944
-1,2013-04-30,HINDUNILVR,468.7333,0.25024
-1,2013-05-31,HINDUNILVR,475.7189,0.014903
-1,2013-06-30,HINDUNILVR,469.8174,-0.012405
-1,2013-07-31,HINDUNILVR,491.8169,0.046826
-1,2013-08-31,HINDUNILVR,512.0704,0.041181
-1,2013-09-30,HINDUNILVR,508.8268,-0.006334
-1,2013-10-31,HINDUNILVR,494.5542,-0.02805
-1,2013-11-30,HINDUNILVR,486.6707,-0.015941
-1,2013-12-31,HINDUNILVR,466.9504,-0.040521
-1,2014-01-31,HINDUNILVR,466.5002,-0.000964
-1,2014-02-28,HINDUNILVR,449.4391,-0.036573
-1,2014-03-31,HINDUNILVR,495.5082,0.102504
-1,2014-04-30,HINDUNILVR,464.3728,-0.062835
-1,2014-05-31,HINDUNILVR,493.708,0.063172
-1,2014-06-30,HINDUNILVR,507.6187,0.028176
-1,2014-07-31,HINDUNILVR,568.489,0.119913
-1,2014-08-31,HINDUNILVR,614.7315,0.081343
-1,2014-09-30,HINDUNILVR,617.671,0.004782
-1,2014-10-31,HINDUNILVR,611.3368,-0.010255
-1,2014-11-30,HINDUNILVR,656.2547,0.073475
-1,2014-12-31,HINDUNILVR,634.5493,-0.033075
-1,2015-01-31,HINDUNILVR,778.5146,0.226878
-1,2015-02-28,HINDUNILVR,740.6138,-0.048683
6459,2015-03-31,HINDUNILVR,872.0,0.177402
6460,2015-04-30,HINDUNILVR,855.45,-0.018979
6461,2015-05-31,HINDUNILVR,858.4,0.003448
6462,2015-06-30,HINDUNILVR,915.4,0.066403
6463,2015-07-31,HINDUNILVR,922.9,0.008193
6464,2015-08-31,HINDUNILVR,862.75,-0.065175
6465,2015-09-30,HINDUNILVR,816.45,-0.053666
6466,2015-10-31,HINDUNILVR,802.0,-0.017699
6467,2015-11-30,HINDUNILVR,812.0,0.012469
6468,2015-12-31,HINDUNILVR,861.2,0.060591
6469,2016-01-31,HINDUNILVR,819.0,-0.049001
6470,2016-02-29,HINDUNILVR,826.0,0.008547
6471,2016-03-31,HINDUNILVR,872.7,0.056538
6472,2016-04-30,HINDUNILVR,869.0,-0.00424
6473,2016-05-31,HINDUNILVR,852.1,-0.019448
6474,2016-06-30,HINDUNILVR,897.9,0.05375
6475,2016-07-31,HINDUNILVR,922.2,0.027063
6476,2016-08-31,HINDUNILVR,915.45,-0.007319
6477,2016-09-30,HINDUNILVR,870.6,-0.048992
6478,2016-10-31,HINDUNILVR,839.5,-0.035722
6479,2016-11-30,HINDUNILVR,844.35,0.005777
6480,2016-12-31,HINDUNILVR,825.75,-0.022029
6481,2017-01-31,HINDUNILVR,854.0,0.034211
6482,2017-02-28,HINDUNILVR,867.0,0.015222
6483,2017-03-31,HINDUNILVR,911.8,0.051672
6484,2017-04-30,HINDUNILVR,934.0,0.024347
6485,2017-05-31,HINDUNILVR,1070.0,0.14561
6486,2017-06-30,HINDUNILVR,1080.0,0.009346
6487,2017-07-31,HINDUNILVR,1160.4,0.074444
6488,2017-08-31,HINDUNILVR,1215.1,0.047139
6489,2017-09-30,HINDUNILVR,1169.65,-0.037404
6490,2017-10-31,HINDUNILVR,1239.0,0.059291
6491,2017-11-30,HINDUNILVR,1271.2,0.025989
6492,2017-12-31,HINDUNILVR,1362.25,0.071625
6493,2018-01-31,HINDUNILVR,1365.3,0.002239
6494,2018-02-28,HINDUNILVR,1314.0,-0.037574
6495,2018-03-31,HINDUNILVR,1335.4,0.016286
6496,2018-04-30,HINDUNILVR,1502.0,0.124757
6497,2018-05-31,HINDUNILVR,1610.75,0.072403
6498,2018-06-30,HINDUNILVR,1636.2,0.0158
6499,2018-07-31,HINDUNILVR,1733.0,0.059161
6500,2018-08-31,HINDUNILVR,1776.0,0.024812
6501,2018-09-30,HINDUNILVR,1605.7,-0.09589
6502,2018-10-31,HINDUNILVR,1617.0,0.007037
6503,2018-11-30,HINDUNILVR,1774.3,0.097279
6504,2018-12-31,HINDUNILVR,1817.9,0.024573
6505,2019-01-31,HINDUNILVR,1757.15,-0.033418
6506,2019-02-28,HINDUNILVR,1732.3,-0.014142
6507,2019-03-31,HINDUNILVR,1706.5,-0.014893
6508,2019-04-30,HINDUNILVR,1753.1,0.027307
6509,2019-05-31,HINDUNILVR,1791.6,0.021961
6510,2019-06-30,HINDUNILVR,1788.9,-0.001507
6511,2019-07-31,HINDUNILVR,1721.9,-0.037453
6512,2019-08-31,HINDUNILVR,1882.45,0.09324
6513,2019-09-30,HINDUNILVR,1984.95,0.05445
6514,2019-10-31,HINDUNILVR,2180.5,0.098516
6515,2019-11-30,HINDUNILVR,2034.0,-0.067186
6516,2019-12-31,HINDUNILVR,1920.3,-0.0559
6517,2020-01-31,HINDUNILVR,2038.9,0.061761
6518,2020-02-29,HINDUNILVR,2182.0,0.070185
6519,2020-03-31,HINDUNILVR,2297.3,0.052841
6520,2020-04-30,HINDUNILVR,2205.0,-0.040178
6521,2020-05-31,HINDUNILVR,2057.1,-0.067075
6522,2020-06-30,HINDUNILVR,2177.0,0.058286
6523,2020-07-31,HINDUNILVR,2210.0,0.015158
6524,2020-08-31,HINDUNILVR,2105.0,-0.047511
6525,2020-09-30,HINDUNILVR,2065.0,-0.019002
6526,2020-10-31,HINDUNILVR,2075.0,0.004843
6527,2020-11-30,HINDUNILVR,2140.25,0.031446
6528,2020-12-31,HINDUNILVR,2394.0,0.118561
6529,2021-01-31,HINDUNILVR,2265.8,-0.053551
6530,2021-02-28,HINDUNILVR,2128.0,-0.060817
6531,2021-03-31,HINDUNILVR,2420.95,0.137664
6532,2021-04-30,HINDUNILVR,2350.0,-0.029307
6533,2021-05-31,HINDUNILVR,2339.05,-0.00466
6534,2021-06-30,HINDUNILVR,2475.0,0.058122
6535,2021-07-31,HINDUNILVR,2339.25,-0.054848
6536,2021-08-31,HINDUNILVR,2720.0,0.162766
6537,2021-09-30,HINDUNILVR,2694.0,-0.009559
6538,2021-10-31,HINDUNILVR,2389.0,-0.113215
6539,2021-11-30,HINDUNILVR,2318.0,-0.02972
6540,2021-12-31,HINDUNILVR,2361.0,0.01855
6541,2022-01-31,HINDUNILVR,2276.95,-0.035599
6542,2022-02-28,HINDUNILVR,2175.55,-0.044533
6543,2022-03-31,HINDUNILVR,2046.0,-0.059548
6544,2022-04-30,HINDUNILVR,2245.0,0.097263
6545,2022-05-31,HINDUNILVR,2348.9,0.046281
6546,2022-06-30,HINDUNILVR,2220.0,-0.054877
6547,2022-07-31,HINDUNILVR,2631.75,0.185473
6548,2022-08-31,HINDUNILVR,2654.6,0.008682
6549,2022-09-30,HINDUNILVR,2700.0,0.017102
6550,2022-10-31,HINDUNILVR,2558.2,-0.052519
6551,2022-11-30,HINDUNILVR,2684.4,0.049332
6552,2022-12-31,HINDUNILVR,2564.0,-0.044852
6553,2023-01-31,HINDUNILVR,2576.65,0.004934
6554,2023-02-28,HINDUNILVR,2463.0,-0.044108
6555,2023-03-31,HINDUNILVR,2560.0,0.039383
6556,2023-04-30,HINDUNILVR,2458.0,-0.039844
6557,2023-05-31,HINDUNILVR,2667.65,0.085293
6558,2023-06-30,HINDUNILVR,2676.05,0.003149
6559,2023-07-31,HINDUNILVR,2559.0,-0.04374
6560,2023-08-31,HINDUNILVR,2508.7,-0.019656
6561,2023-09-30,HINDUNILVR,2469.0,-0.015825
6562,2023-10-31,HINDUNILVR,2484.0,0.006075
6563,2023-11-30,HINDUNILVR,2541.15,0.023007
6564,2023-12-31,HINDUNILVR,2659.7,0.046652
6565,2024-01-31,HINDUNILVR,2479.0,-0.06794
6566,2024-02-29,HINDUNILVR,2404.8,-0.029931
6567,2024-03-31,HINDUNILVR,2262.0,-0.059381
6568,2024-04-30,HINDUNILVR,2233.8,-0.012467
6569,2024-05-31,HINDUNILVR,2333.85,0.044789
6570,2024-06-30,HINDUNILVR,2467.15,0.057116
6571,2024-07-31,HINDUNILVR,2707.0,0.097217
6572,2024-08-31,HINDUNILVR,2782.4,0.027854
6573,2024-09-30,HINDUNILVR,2959.4,0.063614
6574,2024-10-31,HINDUNILVR,2530.5,-0.144928
6575,2024-11-30,HINDUNILVR,2492.0,-0.015214
6576,2024-12-31,HINDUNILVR,2327.0,-0.066212
6577,2025-01-31,HINDUNILVR,2477.0,0.064461
6578,2025-02-28,HINDUNILVR,2196.0,-0.113444
6579,2025-03-31,HINDUNILVR,2257.85,0.028165
6580,2025-04-30,HINDUNILVR,2335.5,0.034391
6581,2025-05-31,HINDUNILVR,2346.0,0.004496
6582,2025-06-30,HINDUNILVR,2295.9,-0.021355
6583,2025-07-31,HINDUNILVR,2525.0,0.099787
6584,2025-08-31,HINDUNILVR,2535.6,0.004198
6931,2024-11-30,HYUNDAI,1910.05,
6932,2024-12-31,HYUNDAI,1806.0,-0.054475
6933,2025-01-31,HYUNDAI,1684.1,-0.067497
6934,2025-02-28,HYUNDAI,1688.0,0.002316
6935,2025-03-31,HYUNDAI,1707.0,0.011256
6936,2025-04-30,HYUNDAI,1704.8,-0.001289
6937,2025-05-31,HYUNDAI,1852.0,0.086344
6938,2025-06-30,HYUNDAI,2216.0,0.196544
6939,2025-07-31,HYUNDAI,2150.0,-0.029783
6940,2025-08-31,HYUNDAI,2167.3,0.008047
13822,2015-04-30,IBULHSGFIN,593.65,
13823,2015-05-31,IBULHSGFIN,595.95,0.003874
13824,2015-06-30,IBULHSGFIN,622.45,0.044467
13825,2015-07-31,IBULHSGFIN,738.2,0.185959
13826,2015-08-31,IBULHSGFIN,755.05,0.022826
13827,2015-09-30,IBULHSGFIN,794.05,0.051652
13828,2015-10-31,IBULHSGFIN,720.55,-0.092563
13829,2015-11-30,IBULHSGFIN,686.7,-0.046978
13830,2015-12-31,IBULHSGFIN,736.7,0.072812
13831,2016-01-31,IBULHSGFIN,706.95,-0.040383
13832,2016-02-29,IBULHSGFIN,575.35,-0.186152
13833,2016-03-31,IBULHSGFIN,649.9,0.129573
13834,2016-04-30,IBULHSGFIN,693.25,0.066703
13835,2016-05-31,IBULHSGFIN,718.45,0.036351
13836,2016-06-30,IBULHSGFIN,671.05,-0.065975
13837,2016-07-31,IBULHSGFIN,764.45,0.139185
13838,2016-08-31,IBULHSGFIN,819.2,0.07162
13839,2016-09-30,IBULHSGFIN,827.4,0.01001
13840,2016-10-31,IBULHSGFIN,847.0,0.023689
13841,2016-11-30,IBULHSGFIN,765.05,-0.096753
13842,2016-12-31,IBULHSGFIN,650.25,-0.150056
13843,2017-01-31,IBULHSGFIN,750.65,0.154402
13844,2017-02-28,IBULHSGFIN,871.3,0.160727
13845,2017-03-31,IBULHSGFIN,997.75,0.145128
13846,2017-04-30,IBULHSGFIN,1016.95,0.019243
13847,2017-05-31,IBULHSGFIN,1160.6,0.141256
13848,2017-06-30,IBULHSGFIN,1076.15,-0.072764
13849,2017-07-31,IBULHSGFIN,1175.25,0.092088
13850,2017-08-31,IBULHSGFIN,1215.5,0.034248
13851,2017-09-30,IBULHSGFIN,1206.75,-0.007199
13852,2017-10-31,IBULHSGFIN,1244.05,0.030909
13853,2017-11-30,IBULHSGFIN,1205.85,-0.030706
13854,2017-12-31,IBULHSGFIN,1196.6,-0.007671
13855,2018-01-31,IBULHSGFIN,1390.95,0.162419
13856,2018-02-28,IBULHSGFIN,1254.1,-0.098386
13857,2018-03-31,IBULHSGFIN,1237.25,-0.013436
13858,2018-04-30,IBULHSGFIN,1307.0,0.056375
13859,2018-05-31,IBULHSGFIN,1242.7,-0.049197
13860,2018-06-30,IBULHSGFIN,1142.5,-0.080631
13861,2018-07-31,IBULHSGFIN,1297.05,0.135274
13862,2018-08-31,IBULHSGFIN,1259.25,-0.029143
13863,2018-09-30,IBULHSGFIN,856.85,-0.319555
13864,2018-10-31,IBULHSGFIN,834.6,-0.025967
13865,2018-11-30,IBULHSGFIN,715.6,-0.142583
13866,2018-12-31,IBULHSGFIN,853.85,0.193195
13867,2019-01-31,IBULHSGFIN,664.7,-0.221526
13868,2019-02-28,IBULHSGFIN,655.25,-0.014217
13869,2019-03-31,IBULHSGFIN,858.25,0.309805
13870,2019-04-30,IBULHSGFIN,695.45,-0.189688
13871,2019-05-31,IBULHSGFIN,786.55,0.130994
13872,2019-06-30,IBULHSGFIN,607.7,-0.227385
13873,2019-07-31,IBULHSGFIN,535.6,-0.118644
13874,2019-08-31,IBULHSGFIN,455.35,-0.149832
13875,2019-09-30,IBULHSGFIN,255.9,-0.438015
13876,2019-10-31,IBULHSGFIN,206.65,-0.192458
13877,2019-11-30,IBULHSGFIN,290.5,0.405759
13878,2019-12-31,IBULHSGFIN,313.2,0.078141
13879,2020-01-31,IBULHSGFIN,306.4,-0.021711
13880,2020-02-29,IBULHSGFIN,279.85,-0.086651
13881,2020-03-31,IBULHSGFIN,96.75,-0.654279
13882,2020-04-30,IBULHSGFIN,132.7,0.371576
13883,2020-05-31,IBULHSGFIN,122.15,-0.079503
13884,2020-06-30,IBULHSGFIN,207.15,0.695866
13885,2020-07-31,IBULHSGFIN,190.0,-0.08279
13886,2020-08-31,IBULHSGFIN,208.2,0.095789
13887,2020-09-30,IBULHSGFIN,157.15,-0.245197
13888,2020-10-31,IBULHSGFIN,140.0,-0.109131
13889,2020-11-30,IBULHSGFIN,187.05,0.336071
13890,2020-12-31,IBULHSGFIN,220.3,0.17776
13891,2021-01-31,IBULHSGFIN,190.85,-0.133681
13892,2021-02-28,IBULHSGFIN,218.75,0.146188
13893,2021-03-31,IBULHSGFIN,196.5,-0.101714
13894,2021-04-30,IBULHSGFIN,181.05,-0.078626
13895,2021-05-31,IBULHSGFIN,223.95,0.236951
13896,2021-06-30,IBULHSGFIN,261.05,0.165662
13897,2021-07-31,IBULHSGFIN,275.45,0.055162
13898,2021-08-31,IBULHSGFIN,224.0,-0.186785
13899,2021-09-30,IBULHSGFIN,231.65,0.034152
13900,2021-10-31,IBULHSGFIN,216.8,-0.064105
13901,2021-11-30,IBULHSGFIN,229.0,0.056273
13902,2021-12-31,IBULHSGFIN,218.0,-0.048035
13903,2022-01-31,IBULHSGFIN,222.85,0.022248
-1,2006-01-31,ICICIBANK,86.9057,
-1,2006-02-28,ICICIBANK,87.7616,0.009849
-1,2006-03-31,ICICIBANK,84.0244,-0.042584
-1,2006-04-30,ICICIBANK,84.4095,0.004583
-1,2006-05-31,ICICIBANK,76.6711,-0.091677
-1,2006-06-30,ICICIBANK,69.5959,-0.09228
-1,2006-07-31,ICICIBANK,79.0033,0.135172
-1,2006-08-31,ICICIBANK,86.6967,0.097381
-1,2006-09-30,ICICIBANK,101.5198,0.170977
-1,2006-10-31,ICICIBANK,112.7732,0.110849
-1,2006-11-30,ICICIBANK,126.6023,0.122628
-1,2006-12-31,ICICIBANK,129.3667,0.021835
-1,2007-01-31,ICICIBANK,136.5642,0.055636
-1,2007-02-28,ICICIBANK,120.3698,-0.118585
-1,2007-03-31,ICICIBANK,123.8307,0.028752
-1,2007-04-30,ICICIBANK,125.6445,0.014647
-1,2007-05-31,ICICIBANK,133.379,0.061559
-1,2007-06-30,ICICIBANK,138.6465,0.039493
-1,2007-07-31,ICICIBANK,136.0722,-0.018567
-1,2007-08-31,ICICIBANK,130.3429,-0.042105
-1,2007-09-30,ICICIBANK,155.8716,0.195858
-1,2007-10-31,ICICIBANK,183.9898,0.180393
-1,2007-11-30,ICICIBANK,172.8907,-0.060325
-1,2007-12-31,ICICIBANK,181.7377,0.051171
-1,2008-01-31,ICICIBANK,168.2839,-0.074029
-1,2008-02-29,ICICIBANK,159.7009,-0.051003
-1,2008-03-31,ICICIBANK,112.8837,-0.293156
-1,2008-04-30,ICICIBANK,129.0518,0.143228
-1,2008-05-31,ICICIBANK,115.7006,-0.103456
-1,2008-06-30,ICICIBANK,92.4608,-0.200862
-1,2008-07-31,ICICIBANK,93.5024,0.011265
-1,2008-08-31,ICICIBANK,100.3544,0.073282
-1,2008-09-30,ICICIBANK,79.9893,-0.202932
-1,2008-10-31,ICICIBANK,59.557,-0.255438
-1,2008-11-30,ICICIBANK,52.5222,-0.118119
-1,2008-12-31,ICICIBANK,66.9279,0.274278
-1,2009-01-31,ICICIBANK,62.1708,-0.071078
-1,2009-02-28,ICICIBANK,48.9226,-0.213094
-1,2009-03-31,ICICIBANK,49.7067,0.016027
-1,2009-04-30,ICICIBANK,71.8418,0.445314
-1,2009-05-31,ICICIBANK,110.5482,0.538773
-1,2009-06-30,ICICIBANK,107.8672,-0.024252
-1,2009-07-31,ICICIBANK,114.9805,0.065945
-1,2009-08-31,ICICIBANK,113.8663,-0.00969
-1,2009-09-30,ICICIBANK,137.5825,0.208281
-1,2009-10-31,ICICIBANK,119.8768,-0.128692
-1,2009-11-30,ICICIBANK,131.5568,0.097433
-1,2009-12-31,ICICIBANK,132.9438,0.010543
-1,2010-01-31,ICICIBANK,125.8722,-0.053192
-1,2010-02-28,ICICIBANK,132.2086,0.05034
-1,2010-03-31,ICICIBANK,144.3888,0.092129
-1,2010-04-30,ICICIBANK,144.3055,-0.000577
-1,2010-05-31,ICICIBANK,131.625,-0.087873
-1,2010-06-30,ICICIBANK,130.6245,-0.007601
-1,2010-07-31,ICICIBANK,139.199,0.065642
-1,2010-08-31,ICICIBANK,150.3977,0.080451
-1,2010-09-30,ICICIBANK,171.2029,0.138335
-1,2010-10-31,ICICIBANK,178.902,0.044971
-1,2010-11-30,ICICIBANK,175.687,-0.017971
-1,2010-12-31,ICICIBANK,176.1485,0.002627
-1,2011-01-31,ICICIBANK,157.1507,-0.107851
-1,2011-02-28,ICICIBANK,149.344,-0.049677
-1,2011-03-31,ICICIBANK,171.7029,0.149714
-1,2011-04-30,ICICIBANK,171.4337,-0.001568
-1,2011-05-31,ICICIBANK,167.0726,-0.025439
-1,2011-06-30,ICICIBANK,168.3879,0.007873
-1,2011-07-31,ICICIBANK,161.5666,-0.040509
-1,2011-08-31,ICICIBANK,136.0868,-0.157705
-1,2011-09-30,ICICIBANK,136.4218,0.002462
-1,2011-10-31,ICICIBANK,145.1099,0.063686
-1,2011-11-30,ICICIBANK,111.0278,-0.234871
-1,2011-12-31,ICICIBANK,106.6955,-0.03902
-1,2012-01-31,ICICIBANK,140.5905,0.31768
-1,2012-02-29,ICICIBANK,141.2373,0.004601
-1,2012-03-31,ICICIBANK,138.7283,-0.017764
-1,2012-04-30,ICICIBANK,137.505,-0.008818
-1,2012-05-31,ICICIBANK,122.0612,-0.112314
-1,2012-06-30,ICICIBANK,143.066,0.172084
-1,2012-07-31,ICICIBANK,152.9113,0.068816
-1,2012-08-31,ICICIBANK,143.4875,-0.061629
-1,2012-09-30,ICICIBANK,168.4028,0.173641
-1,2012-10-31,ICICIBANK,167.035,-0.008122
-1,2012-11-30,ICICIBANK,174.9318,0.047276
-1,2012-12-31,ICICIBANK,181.0394,0.034914
-1,2013-01-31,ICICIBANK,189.4531,0.046474
-1,2013-02-28,ICICIBANK,165.4762,-0.126558
-1,2013-03-31,ICICIBANK,166.2397,0.004614
-1,2013-04-30,ICICIBANK,185.0792,0.113327
-1,2013-05-31,ICICIBANK,183.616,-0.007906
-1,2013-06-30,ICICIBANK,173.1539,-0.056978
-1,2013-07-31,ICICIBANK,147.005,-0.151015
-1,2013-08-31,ICICIBANK,129.9767,-0.115835
-1,2013-09-30,ICICIBANK,142.8975,0.099409
-1,2013-10-31,ICICIBANK,181.272,0.268546
-1,2013-11-30,ICICIBANK,172.8143,-0.046658
-1,2013-12-31,ICICIBANK,177.6819,0.028167
-1,2014-01-31,ICICIBANK,159.7237,-0.101069
-1,2014-02-28,ICICIBANK,168.8038,0.056849
-1,2014-03-31,ICICIBANK,201.3405,0.192749
-1,2014-04-30,ICICIBANK,201.0737,-0.001325
-1,2014-05-31,ICICIBANK,229.3168,0.140461
-1,2014-06-30,ICICIBANK,229.333,7.1e-05
-1,2014-07-31,ICICIBANK,245.5762,0.070828
-1,2014-08-31,ICICIBANK,259.856,0.058148
-1,2014-09-30,ICICIBANK,239.2835,-0.079169
-1,2014-10-31,ICICIBANK,271.5151,0.1347
-1,2014-11-30,ICICIBANK,292.8387,0.078536
-1,2014-12-31,ICICIBANK,294.6915,0.006327
-1,2015-01-31,ICICIBANK,301.0344,0.021524
-1,2015-02-28,ICICIBANK,279.7942,-0.070557
934,2015-03-31,ICICIBANK,286.09,0.022502
935,2015-04-30,ICICIBANK,276.3724,-0.033967
936,2015-05-31,ICICIBANK,288.82,0.045039
937,2015-06-30,ICICIBANK,280.0,-0.030538
938,2015-07-31,ICICIBANK,273.45,-0.023393
939,2015-08-31,ICICIBANK,252.73,-0.075773
940,2015-09-30,ICICIBANK,245.23,-0.029676
941,2015-10-31,ICICIBANK,251.73,0.026506
942,2015-11-30,ICICIBANK,248.55,-0.012633
943,2015-12-31,ICICIBANK,237.27,-0.045383
944,2016-01-31,ICICIBANK,208.18,-0.122603
945,2016-02-29,ICICIBANK,174.27,-0.162888
946,2016-03-31,ICICIBANK,213.59,0.225627
947,2016-04-30,ICICIBANK,215.91,0.010862
948,2016-05-31,ICICIBANK,222.0,0.028206
949,2016-06-30,ICICIBANK,218.55,-0.015541
950,2016-07-31,ICICIBANK,238.59,0.091695
951,2016-08-31,ICICIBANK,234.41,-0.01752
952,2016-09-30,ICICIBANK,229.5,-0.020946
953,2016-10-31,ICICIBANK,251.95,0.097821
954,2016-11-30,ICICIBANK,241.0,-0.043461
955,2016-12-31,ICICIBANK,231.86,-0.037925
956,2017-01-31,ICICIBANK,243.86,0.051755
957,2017-02-28,ICICIBANK,251.55,0.031534
958,2017-03-31,ICICIBANK,251.23,-0.001272
959,2017-04-30,ICICIBANK,252.64,0.005612
960,2017-05-31,ICICIBANK,297.27,0.176655
961,2017-06-30,ICICIBANK,290.0,-0.024456
962,2017-07-31,ICICIBANK,302.8,0.044138
963,2017-08-31,ICICIBANK,298.5,-0.014201
964,2017-09-30,ICICIBANK,276.5,-0.073702
965,2017-10-31,ICICIBANK,300.0,0.084991
966,2017-11-30,ICICIBANK,308.0,0.026667
967,2017-12-31,ICICIBANK,314.25,0.020292
968,2018-01-31,ICICIBANK,353.9,0.126173
969,2018-02-28,ICICIBANK,314.0,-0.112744
970,2018-03-31,ICICIBANK,278.9,-0.111783
971,2018-04-30,ICICIBANK,284.85,0.021334
972,2018-05-31,ICICIBANK,286.55,0.005968
973,2018-06-30,ICICIBANK,274.7,-0.041354
974,2018-07-31,ICICIBANK,303.6,0.105206
975,2018-08-31,ICICIBANK,341.6,0.125165
976,2018-09-30,ICICIBANK,306.0,-0.104215
977,2018-10-31,ICICIBANK,353.4,0.154902
978,2018-11-30,ICICIBANK,355.25,0.005235
979,2018-12-31,ICICIBANK,360.8,0.015623
980,2019-01-31,ICICIBANK,364.7,0.010809
981,2019-02-28,ICICIBANK,351.05,-0.037428
982,2019-03-31,ICICIBANK,399.3,0.137445
983,2019-04-30,ICICIBANK,405.75,0.016153
984,2019-05-31,ICICIBANK,421.6,0.039063
985,2019-06-30,ICICIBANK,436.7,0.035816
986,2019-07-31,ICICIBANK,425.4,-0.025876
987,2019-08-31,ICICIBANK,411.35,-0.033028
988,2019-09-30,ICICIBANK,433.8,0.054576
989,2019-10-31,ICICIBANK,463.95,0.069502
990,2019-11-30,ICICIBANK,512.5,0.104645
991,2019-12-31,ICICIBANK,538.65,0.051024
992,2020-01-31,ICICIBANK,525.8,-0.023856
993,2020-02-29,ICICIBANK,498.35,-0.052206
994,2020-03-31,ICICIBANK,320.35,-0.357179
995,2020-04-30,ICICIBANK,377.55,0.178555
996,2020-05-31,ICICIBANK,330.0,-0.125944
997,2020-06-30,ICICIBANK,352.15,0.067121
998,2020-07-31,ICICIBANK,347.2,-0.014057
999,2020-08-31,ICICIBANK,392.05,0.129176
1000,2020-09-30,ICICIBANK,353.5,-0.098329
1001,2020-10-31,ICICIBANK,393.5,0.113154
1002,2020-11-30,ICICIBANK,474.65,0.206226
1003,2020-12-31,ICICIBANK,534.0,0.12504
1004,2021-01-31,ICICIBANK,538.5,0.008427
1005,2021-02-28,ICICIBANK,597.05,0.108728
1006,2021-03-31,ICICIBANK,582.7,-0.024035
1007,2021-04-30,ICICIBANK,599.7,0.029175
1008,2021-05-31,ICICIBANK,662.35,0.104469
1009,2021-06-30,ICICIBANK,631.45,-0.046652
1010,2021-07-31,ICICIBANK,682.25,0.08045
1011,2021-08-31,ICICIBANK,718.5,0.053133
1012,2021-09-30,ICICIBANK,701.9,-0.023104
1013,2021-10-31,ICICIBANK,806.5,0.149024
1014,2021-11-30,ICICIBANK,712.0,-0.117173
1015,2021-12-31,ICICIBANK,740.8,0.040449
1016,2022-01-31,ICICIBANK,788.35,0.064187
1017,2022-02-28,ICICIBANK,742.65,-0.057969
1018,2022-03-31,ICICIBANK,730.7,-0.016091
1019,2022-04-30,ICICIBANK,743.3,0.017244
1020,2022-05-31,ICICIBANK,748.5,0.006996
1021,2022-06-30,ICICIBANK,706.2,-0.056513
1022,2022-07-31,ICICIBANK,818.8,0.159445
1023,2022-08-31,ICICIBANK,889.25,0.086041
1024,2022-09-30,ICICIBANK,865.65,-0.026539
1025,2022-10-31,ICICIBANK,908.75,0.049789
1026,2022-11-30,ICICIBANK,953.9,0.049684
1027,2022-12-31,ICICIBANK,892.95,-0.063896
1028,2023-01-31,ICICIBANK,835.0,-0.064897
1029,2023-02-28,ICICIBANK,854.15,0.022934
1030,2023-03-31,ICICIBANK,876.9,0.026635
1031,2023-04-30,ICICIBANK,919.3,0.048352
1032,2023-05-31,ICICIBANK,951.3,0.034809
1033,2023-06-30,ICICIBANK,933.95,-0.018238
1034,2023-07-31,ICICIBANK,997.0,0.067509
1035,2023-08-31,ICICIBANK,959.85,-0.037262
1036,2023-09-30,ICICIBANK,953.0,-0.007137
1037,2023-10-31,ICICIBANK,916.25,-0.038562
1038,2023-11-30,ICICIBANK,935.1,0.020573
1039,2023-12-31,ICICIBANK,998.4,0.067693
1040,2024-01-31,ICICIBANK,1024.7,0.026342
1041,2024-02-29,ICICIBANK,1054.95,0.029521
1042,2024-03-31,ICICIBANK,1096.05,0.038959
1043,2024-04-30,ICICIBANK,1150.25,0.04945
1044,2024-05-31,ICICIBANK,1121.85,-0.02469
1045,2024-06-30,ICICIBANK,1197.25,0.06721
1046,2024-07-31,ICICIBANK,1216.1,0.015744
1047,2024-08-31,ICICIBANK,1232.0,0.013075
1048,2024-09-30,ICICIBANK,1273.95,0.03405
1049,2024-10-31,ICICIBANK,1294.8,0.016366
1050,2024-11-30,ICICIBANK,1298.7,0.003012
1051,2024-12-31,ICICIBANK,1283.5,-0.011704
1052,2025-01-31,ICICIBANK,1252.95,-0.023802
1053,2025-02-28,ICICIBANK,1201.1,-0.041382
1054,2025-03-31,ICICIBANK,1348.0,0.122305
1055,2025-04-30,ICICIBANK,1424.3,0.056602
1056,2025-05-31,ICICIBANK,1446.1,0.015306
1057,2025-06-30,ICICIBANK,1445.0,-0.000761
1058,2025-07-31,ICICIBANK,1484.5,0.027336
1059,2025-08-31,ICICIBANK,1443.6,-0.027551
10196,2017-10-31,ICICIGI,682.0,
10197,2017-11-30,ICICIGI,714.0,0.046921
10198,2017-12-31,ICICIGI,784.4,0.098599
10199,2018-01-31,ICICIGI,788.0,0.004589
10200,2018-02-28,ICICIGI,800.25,0.015546
10201,2018-03-31,ICICIGI,791.0,-0.011559
10202,2018-04-30,ICICIGI,758.0,-0.041719
10203,2018-05-31,ICICIGI,749.9,-0.010686
10204,2018-06-30,ICICIGI,710.0,-0.053207
10205,2018-07-31,ICICIGI,775.1,0.09169
10206,2018-08-31,ICICIGI,789.15,0.018127
10207,2018-09-30,ICICIGI,805.0,0.020085
10208,2018-10-31,ICICIGI,807.0,0.002484
10209,2018-11-30,ICICIGI,831.05,0.029802
10210,2018-12-31,ICICIGI,862.0,0.037242
10211,2019-01-31,ICICIGI,871.5,0.011021
10212,2019-02-28,ICICIGI,932.0,0.069421
10213,2019-03-31,ICICIGI,1025.45,0.100268
10214,2019-04-30,ICICIGI,1087.0,0.060022
10215,2019-05-31,ICICIGI,1179.55,0.085143
10216,2019-06-30,ICICIGI,1109.0,-0.059811
10217,2019-07-31,ICICIGI,1209.0,0.090171
10218,2019-08-31,ICICIGI,1247.35,0.03172
10219,2019-09-30,ICICIGI,1205.1,-0.033872
10220,2019-10-31,ICICIGI,1336.0,0.108622
10221,2019-11-30,ICICIGI,1369.9,0.025374
10222,2019-12-31,ICICIGI,1381.1,0.008176
10223,2020-01-31,ICICIGI,1321.8,-0.042937
10224,2020-02-29,ICICIGI,1250.0,-0.05432
10225,2020-03-31,ICICIGI,1100.0,-0.12
10226,2020-04-30,ICICIGI,1273.0,0.157273
10227,2020-05-31,ICICIGI,1300.0,0.02121
10228,2020-06-30,ICICIGI,1269.05,-0.023808
10229,2020-07-31,ICICIGI,1298.5,0.023206
10230,2020-08-31,ICICIGI,1252.65,-0.03531
10231,2020-09-30,ICICIGI,1289.95,0.029777
10232,2020-10-31,ICICIGI,1240.0,-0.038722
10233,2020-11-30,ICICIGI,1464.0,0.180645
10234,2020-12-31,ICICIGI,1523.6,0.04071
10235,2021-01-31,ICICIGI,1324.0,-0.131006
10236,2021-02-28,ICICIGI,1419.0,0.071752
10237,2021-03-31,ICICIGI,1420.5,0.001057
10238,2021-04-30,ICICIGI,1417.4,-0.002182
10239,2021-05-31,ICICIGI,1474.75,0.040461
10240,2021-06-30,ICICIGI,1565.1,0.061265
10241,2021-07-31,ICICIGI,1476.85,-0.056386
10242,2021-08-31,ICICIGI,1599.0,0.08271
10243,2021-09-30,ICICIGI,1583.5,-0.009694
10244,2021-10-31,ICICIGI,1489.8,-0.059173
10245,2021-11-30,ICICIGI,1436.0,-0.036112
10246,2021-12-31,ICICIGI,1400.1,-0.025
10247,2022-01-31,ICICIGI,1364.95,-0.025105
10248,2022-02-28,ICICIGI,1261.3,-0.075937
10249,2022-03-31,ICICIGI,1324.5,0.050107
10250,2022-04-30,ICICIGI,1284.75,-0.030011
10251,2022-05-31,ICICIGI,1254.15,-0.023818
10252,2022-06-30,ICICIGI,1112.0,-0.113344
10253,2022-07-31,ICICIGI,1224.0,0.100719
10254,2022-08-31,ICICIGI,1289.25,0.053309
10255,2022-09-30,ICICIGI,1150.05,-0.10797
10256,2022-10-31,ICICIGI,1171.7,0.018825
10257,2022-11-30,ICICIGI,1212.0,0.034394
10258,2022-12-31,ICICIGI,1239.0,0.022277
10259,2023-01-31,ICICIGI,1135.9,-0.083212
10260,2023-02-28,ICICIGI,1104.9,-0.027291
10261,2023-03-31,ICICIGI,1069.0,-0.032492
10262,2023-04-30,ICICIGI,1078.85,0.009214
10263,2023-05-31,ICICIGI,1181.65,0.095287
10264,2023-06-30,ICICIGI,1341.0,0.134854
10265,2023-07-31,ICICIGI,1384.0,0.032066
10266,2023-08-31,ICICIGI,1310.65,-0.052999
10267,2023-09-30,ICICIGI,1304.0,-0.005074
10268,2023-10-31,ICICIGI,1380.2,0.058436
10269,2023-11-30,ICICIGI,1486.45,0.076982
10270,2023-12-31,ICICIGI,1425.0,-0.04134
10271,2024-01-31,ICICIGI,1500.0,0.052632
10272,2024-02-29,ICICIGI,1720.0,0.146667
10273,2024-03-31,ICICIGI,1683.0,-0.021512
10274,2024-04-30,ICICIGI,1706.1,0.013725
10275,2024-05-31,ICICIGI,1579.6,-0.074146
10276,2024-06-30,ICICIGI,1797.9,0.1382
10277,2024-07-31,ICICIGI,2020.0,0.123533
10278,2024-08-31,ICICIGI,2135.7,0.057277
10279,2024-09-30,ICICIGI,2164.8,0.013626
10280,2024-10-31,ICICIGI,1918.8,-0.113636
10281,2024-11-30,ICICIGI,1860.1,-0.030592
10282,2024-12-31,ICICIGI,1791.0,-0.037149
10283,2025-01-31,ICICIGI,1864.85,0.041234
10284,2025-02-28,ICICIGI,1694.8,-0.091187
10285,2025-03-31,ICICIGI,1782.5,0.051747
10286,2025-04-30,ICICIGI,1875.1,0.05195
10287,2025-05-31,ICICIGI,1875.2,5.3e-05
10288,2025-06-30,ICICIGI,2041.9,0.088897
10289,2025-07-31,ICICIGI,1933.0,-0.053333
10290,2025-08-31,ICICIGI,1884.0,-0.025349
5974,2016-10-31,ICICIPRULI,312.1,
5975,2016-11-30,ICICIPRULI,309.0,-0.009933
5976,2016-12-31,ICICIPRULI,301.0,-0.02589
5977,2017-01-31,ICICIPRULI,342.5,0.137874
5978,2017-02-28,ICICIPRULI,362.25,0.057664
5979,2017-03-31,ICICIPRULI,384.1,0.060317
5980,2017-04-30,ICICIPRULI,406.45,0.058188
5981,2017-05-31,ICICIPRULI,405.4,-0.002583
5982,2017-06-30,ICICIPRULI,471.6,0.163296
5983,2017-07-31,ICICIPRULI,459.3,-0.026081
5984,2017-08-31,ICICIPRULI,427.25,-0.06978
5985,2017-09-30,ICICIPRULI,388.6,-0.090462
5986,2017-10-31,ICICIPRULI,404.85,0.041817
5987,2017-11-30,ICICIPRULI,377.5,-0.067556
5988,2017-12-31,ICICIPRULI,383.0,0.01457
5989,2018-01-31,ICICIPRULI,407.15,0.063055
5990,2018-02-28,ICICIPRULI,412.5,0.01314
5991,2018-03-31,ICICIPRULI,385.75,-0.064848
5992,2018-04-30,ICICIPRULI,428.8,0.111601
5993,2018-05-31,ICICIPRULI,423.2,-0.01306
5994,2018-06-30,ICICIPRULI,377.1,-0.108932
5995,2018-07-31,ICICIPRULI,417.7,0.107664
5996,2018-08-31,ICICIPRULI,375.8,-0.100311
5997,2018-09-30,ICICIPRULI,333.7,-0.112028
5998,2018-10-31,ICICIPRULI,332.55,-0.003446
5999,2018-11-30,ICICIPRULI,325.1,-0.022403
6000,2018-12-31,ICICIPRULI,323.8,-0.003999
6001,2019-01-31,ICICIPRULI,286.15,-0.116275
6002,2019-02-28,ICICIPRULI,322.1,0.125633
6003,2019-03-31,ICICIPRULI,350.2,0.08724
6004,2019-04-30,ICICIPRULI,368.0,0.050828
6005,2019-05-31,ICICIPRULI,386.0,0.048913
6006,2019-06-30,ICICIPRULI,389.6,0.009326
6007,2019-07-31,ICICIPRULI,401.8,0.031314
6008,2019-08-31,ICICIPRULI,424.15,0.055625
6009,2019-09-30,ICICIPRULI,463.5,0.092774
6010,2019-10-31,ICICIPRULI,509.55,0.099353
6011,2019-11-30,ICICIPRULI,502.5,-0.013836
6012,2019-12-31,ICICIPRULI,482.05,-0.040697
6013,2020-01-31,ICICIPRULI,512.0,0.06213
6014,2020-02-29,ICICIPRULI,471.15,-0.079785
6015,2020-03-31,ICICIPRULI,355.0,-0.246524
6016,2020-04-30,ICICIPRULI,410.6,0.15662
6017,2020-05-31,ICICIPRULI,395.0,-0.037993
6018,2020-06-30,ICICIPRULI,424.0,0.073418
6019,2020-07-31,ICICIPRULI,451.95,0.06592
6020,2020-08-31,ICICIPRULI,422.2,-0.065826
6021,2020-09-30,ICICIPRULI,419.0,-0.007579
6022,2020-10-31,ICICIPRULI,403.95,-0.035919
6023,2020-11-30,ICICIPRULI,442.0,0.094195
6024,2020-12-31,ICICIPRULI,499.2,0.129412
6025,2021-01-31,ICICIPRULI,482.35,-0.033754
6026,2021-02-28,ICICIPRULI,461.3,-0.043641
6027,2021-03-31,ICICIPRULI,444.55,-0.03631
6028,2021-04-30,ICICIPRULI,521.85,0.173884
6029,2021-05-31,ICICIPRULI,554.8,0.063141
6030,2021-06-30,ICICIPRULI,613.25,0.105353
6031,2021-07-31,ICICIPRULI,632.05,0.030656
6032,2021-08-31,ICICIPRULI,658.55,0.041927
6033,2021-09-30,ICICIPRULI,672.0,0.020424
6034,2021-10-31,ICICIPRULI,619.0,-0.078869
6035,2021-11-30,ICICIPRULI,591.6,-0.044265
6036,2021-12-31,ICICIPRULI,560.7,-0.052231
6037,2022-01-31,ICICIPRULI,561.1,0.000713
6038,2022-02-28,ICICIPRULI,479.5,-0.145429
6039,2022-03-31,ICICIPRULI,500.1,0.042961
6040,2022-04-30,ICICIPRULI,525.0,0.04979
6041,2022-05-31,ICICIPRULI,521.75,-0.00619
6042,2022-06-30,ICICIPRULI,487.0,-0.066603
6043,2022-07-31,ICICIPRULI,555.0,0.13963
6044,2022-08-31,ICICIPRULI,595.3,0.072613
6045,2022-09-30,ICICIPRULI,525.2,-0.117756
6046,2022-10-31,ICICIPRULI,508.6,-0.031607
6047,2022-11-30,ICICIPRULI,475.9,-0.064294
6048,2022-12-31,ICICIPRULI,451.0,-0.052322
6049,2023-01-31,ICICIPRULI,453.0,0.004435
6050,2023-02-28,ICICIPRULI,408.9,-0.097351
6051,2023-03-31,ICICIPRULI,436.45,0.067376
6052,2023-04-30,ICICIPRULI,433.5,-0.006759
6053,2023-05-31,ICICIPRULI,466.4,0.075894
6054,2023-06-30,ICICIPRULI,572.3,0.227058
6055,2023-07-31,ICICIPRULI,579.9,0.01328
6056,2023-08-31,ICICIPRULI,561.65,-0.031471
6057,2023-09-30,ICICIPRULI,564.05,0.004273
6058,2023-10-31,ICICIPRULI,527.35,-0.065065
6059,2023-11-30,ICICIPRULI,562.0,0.065706
6060,2023-12-31,ICICIPRULI,535.1,-0.047865
6061,2024-01-31,ICICIPRULI,502.9,-0.060176
6062,2024-02-29,ICICIPRULI,533.85,0.061543
6063,2024-03-31,ICICIPRULI,610.2,0.143018
6064,2024-04-30,ICICIPRULI,571.5,-0.063422
6065,2024-05-31,ICICIPRULI,545.0,-0.046369
6066,2024-06-30,ICICIPRULI,605.7,0.111376
6067,2024-07-31,ICICIPRULI,739.6,0.221067
6068,2024-08-31,ICICIPRULI,750.5,0.014738
6069,2024-09-30,ICICIPRULI,777.25,0.035643
6070,2024-10-31,ICICIPRULI,742.0,-0.045352
6071,2024-11-30,ICICIPRULI,698.6,-0.058491
6072,2024-12-31,ICICIPRULI,655.5,-0.061695
6073,2025-01-31,ICICIPRULI,617.05,-0.058658
6074,2025-02-28,ICICIPRULI,548.55,-0.111012
6075,2025-03-31,ICICIPRULI,565.45,0.030808
6076,2025-04-30,ICICIPRULI,613.85,0.085596
6077,2025-05-31,ICICIPRULI,661.4,0.077462
6078,2025-06-30,ICICIPRULI,658.0,-0.005141
6079,2025-07-31,ICICIPRULI,616.2,-0.063526
6080,2025-08-31,ICICIPRULI,619.4,0.005193
-1,2007-03-31,IDEA,56.1588,
-1,2007-04-30,IDEA,67.7942,0.207187
-1,2007-05-31,IDEA,74.7102,0.102015
-1,2007-06-30,IDEA,73.9088,-0.010727
-1,2007-07-31,IDEA,76.9364,0.040964
-1,2007-08-31,IDEA,72.8699,-0.052855
-1,2007-09-30,IDEA,74.3837,0.020774
-1,2007-10-31,IDEA,80.2311,0.078611
-1,2007-11-30,IDEA,72.8105,-0.09249
-1,2007-12-31,IDEA,82.576,0.134122
-1,2008-01-31,IDEA,73.2854,-0.11251
-1,2008-02-29,IDEA,65.2712,-0.109356
-1,2008-03-31,IDEA,60.9376,-0.066394
-1,2008-04-30,IDEA,62.6592,0.028252
-1,2008-05-31,IDEA,64.6479,0.031738
-1,2008-06-30,IDEA,55.4464,-0.142333
-1,2008-07-31,IDEA,52.2704,-0.057281
-1,2008-08-31,IDEA,48.9163,-0.064168
-1,2008-09-30,IDEA,44.6124,-0.087985
-1,2008-10-31,IDEA,25.2596,-0.433799
-1,2008-11-30,IDEA,27.8123,0.101059
-1,2008-12-31,IDEA,31.2554,0.123798
-1,2009-01-31,IDEA,27.9013,-0.107313
-1,2009-02-28,IDEA,27.9013,0.0
-1,2009-03-31,IDEA,29.7416,0.065958
-1,2009-04-30,IDEA,34.5798,0.162675
-1,2009-05-31,IDEA,49.9552,0.444635
-1,2009-06-30,IDEA,42.3269,-0.152703
-1,2009-07-31,IDEA,46.8683,0.107293
-1,2009-08-31,IDEA,48.1446,0.027232
-1,2009-09-30,IDEA,44.6718,-0.072133
-1,2009-10-31,IDEA,30.8992,-0.308306
-1,2009-11-30,IDEA,30.2462,-0.021133
-1,2009-12-31,IDEA,34.4611,0.139353
-1,2010-01-31,IDEA,34.6985,0.006889
-1,2010-02-28,IDEA,36.2717,0.045339
-1,2010-03-31,IDEA,38.8837,0.072012
-1,2010-04-30,IDEA,36.3014,-0.066411
-1,2010-05-31,IDEA,29.9791,-0.174161
-1,2010-06-30,IDEA,35.2328,0.175245
-1,2010-07-31,IDEA,41.9113,0.189553
-1,2010-08-31,IDEA,42.4753,0.013457
-1,2010-09-30,IDEA,43.7219,0.029349
-1,2010-10-31,IDEA,40.0413,-0.084182
-1,2010-11-30,IDEA,43.0689,0.075612
-1,2010-12-31,IDEA,41.288,-0.04135
-1,2011-01-31,IDEA,41.4364,0.003594
-1,2011-02-28,IDEA,34.1643,-0.1755
-1,2011-03-31,IDEA,40.0413,0.172022
-1,2011-04-30,IDEA,40.9021,0.021498
-1,2011-05-31,IDEA,40.7537,-0.003628
-1,2011-06-30,IDEA,47.4025,0.163146
-1,2011-07-31,IDEA,56.0104,0.181592
-1,2011-08-31,IDEA,59.3348,0.059353
-1,2011-09-30,IDEA,58.474,-0.014508
-1,2011-10-31,IDEA,56.1588,-0.039594
-1,2011-11-30,IDEA,58.1475,0.035412
-1,2011-12-31,IDEA,48.857,-0.159775
-1,2012-01-31,IDEA,56.604,0.158565
-1,2012-02-29,IDEA,56.0994,-0.008915
-1,2012-03-31,IDEA,58.6521,0.045503
-1,2012-04-30,IDEA,46.6011,-0.205466
-1,2012-05-31,IDEA,45.117,-0.031847
-1,2012-06-30,IDEA,44.9983,-0.002631
-1,2012-07-31,IDEA,47.4619,0.054749
-1,2012-08-31,IDEA,44.3156,-0.066291
-1,2012-09-30,IDEA,50.6379,0.142665
-1,2012-10-31,IDEA,50.816,0.003517
-1,2012-11-30,IDEA,57.6132,0.133761
-1,2012-12-31,IDEA,61.6203,0.069552
-1,2013-01-31,IDEA,67.0522,0.088151
-1,2013-02-28,IDEA,69.8126,0.041168
-1,2013-03-31,IDEA,67.6161,-0.031463
-1,2013-04-30,IDEA,78.8064,0.165498
-1,2013-05-31,IDEA,77.7971,-0.012807
-1,2013-06-30,IDEA,84.0007,0.079741
-1,2013-07-31,IDEA,100.2963,0.193994
-1,2013-08-31,IDEA,94.9238,-0.053566
-1,2013-09-30,IDEA,99.8807,0.05222
-1,2013-10-31,IDEA,102.7471,0.028698
-1,2013-11-30,IDEA,104.353,0.01563
-1,2013-12-31,IDEA,99.2677,-0.048732
-1,2014-01-31,IDEA,85.35,-0.140204
-1,2014-02-28,IDEA,76.6663,-0.101742
-1,2014-03-31,IDEA,81.7516,0.06633
-1,2014-04-30,IDEA,80.116,-0.020007
-1,2014-05-31,IDEA,81.9895,0.023385
-1,2014-06-30,IDEA,78.7777,-0.039173
-1,2014-07-31,IDEA,93.2902,0.184221
-1,2014-08-31,IDEA,96.2938,0.032196
-1,2014-09-30,IDEA,98.7919,0.025942
-1,2014-10-31,IDEA,97.0361,-0.017773
-1,2014-11-30,IDEA,94.6214,-0.024885
-1,2014-12-31,IDEA,91.6999,-0.030876
-1,2015-01-31,IDEA,92.3259,0.006827
-1,2015-02-28,IDEA,92.2663,-0.000646
-1,2015-03-31,IDEA,109.706,0.189015
12682,2015-04-30,IDEA,175.0,0.595173
12683,2015-05-31,IDEA,173.2,-0.010286
12684,2015-06-30,IDEA,176.15,0.017032
12685,2015-07-31,IDEA,173.35,-0.015896
12686,2015-08-31,IDEA,155.85,-0.100952
12687,2015-09-30,IDEA,149.5,-0.040744
12688,2015-10-31,IDEA,140.0,-0.063545
12689,2015-11-30,IDEA,141.4,0.01
12690,2015-12-31,IDEA,143.65,0.015912
12691,2016-01-31,IDEA,103.15,-0.281935
12692,2016-02-29,IDEA,104.3,0.011149
12693,2016-03-31,IDEA,110.2,0.056568
12694,2016-04-30,IDEA,118.55,0.075771
12695,2016-05-31,IDEA,114.95,-0.030367
12696,2016-06-30,IDEA,106.6,-0.07264
12697,2016-07-31,IDEA,104.7,-0.017824
12698,2016-08-31,IDEA,93.45,-0.10745
12699,2016-09-30,IDEA,79.1,-0.153558
12700,2016-10-31,IDEA,76.75,-0.029709
12701,2016-11-30,IDEA,77.45,0.009121
12702,2016-12-31,IDEA,74.15,-0.042608
12703,2017-01-31,IDEA,110.1,0.484828
12704,2017-02-28,IDEA,115.85,0.052225
12705,2017-03-31,IDEA,51.85,-0.552438
12706,2017-04-30,IDEA,51.91,0.001157
12707,2017-05-31,IDEA,48.32,-0.069158
12708,2017-06-30,IDEA,51.49,0.065604
12709,2017-07-31,IDEA,55.84,0.084482
12710,2017-08-31,IDEA,54.75,-0.01952
12711,2017-09-30,IDEA,46.78,-0.145571
12712,2017-10-31,IDEA,56.08,0.198803
12713,2017-11-30,IDEA,57.05,0.017297
12714,2017-12-31,IDEA,65.32,0.144961
12715,2018-01-31,IDEA,56.23,-0.139161
12716,2018-02-28,IDEA,50.68,-0.098702
12717,2018-03-31,IDEA,45.84,-0.095501
12718,2018-04-30,IDEA,41.77,-0.088787
12719,2018-05-31,IDEA,37.15,-0.110606
12720,2018-06-30,IDEA,35.85,-0.034993
12721,2018-07-31,IDEA,33.13,-0.075872
12722,2018-08-31,IDEA,29.81,-0.100211
12723,2018-09-30,IDEA,23.28,-0.219054
12724,2018-10-31,IDEA,23.34,0.002577
12725,2018-11-30,IDEA,21.32,-0.086547
12726,2018-12-31,IDEA,22.8,0.069418
12727,2019-01-31,IDEA,18.18,-0.202632
12728,2019-02-28,IDEA,18.06,-0.006601
12729,2019-03-31,IDEA,18.25,0.01052
12730,2019-04-30,IDEA,15.45,-0.153425
12731,2019-05-31,IDEA,13.95,-0.097087
12732,2019-06-30,IDEA,12.15,-0.129032
12733,2019-07-31,IDEA,6.85,-0.436214
12734,2019-08-31,IDEA,5.35,-0.218978
12735,2019-09-30,IDEA,6.15,0.149533
12736,2019-10-31,IDEA,3.9,-0.365854
12737,2019-11-30,IDEA,6.85,0.75641
12738,2019-12-31,IDEA,6.15,-0.10219
12739,2020-01-31,IDEA,5.3,-0.138211
12740,2020-02-29,IDEA,3.85,-0.273585
12741,2020-03-31,IDEA,3.1,-0.194805
12742,2020-04-30,IDEA,4.2,0.354839
12743,2020-05-31,IDEA,6.55,0.559524
12744,2020-06-30,IDEA,10.6,0.618321
12745,2020-07-31,IDEA,8.4,-0.207547
12746,2020-08-31,IDEA,10.2,0.214286
12747,2020-09-30,IDEA,9.55,-0.063725
12748,2020-10-31,IDEA,8.75,-0.08377
12749,2020-11-30,IDEA,9.8,0.12
12750,2020-12-31,IDEA,10.65,0.086735
12751,2021-01-31,IDEA,11.2,0.051643
12752,2021-02-28,IDEA,11.3,0.008929
12753,2021-03-31,IDEA,9.25,-0.181416
12754,2021-04-30,IDEA,8.35,-0.097297
12755,2021-05-31,IDEA,8.65,0.035928
12756,2021-06-30,IDEA,9.95,0.150289
12757,2021-07-31,IDEA,8.25,-0.170854
12758,2021-08-31,IDEA,6.1,-0.260606
12759,2021-09-30,IDEA,11.9,0.95082
12760,2021-10-31,IDEA,9.55,-0.197479
12761,2021-11-30,IDEA,11.05,0.157068
12762,2021-12-31,IDEA,15.35,0.38914
12763,2022-01-31,IDEA,13.35,-0.130293
13420,2015-12-31,IDFCFIRSTB,60.85,
13421,2016-01-31,IDFCFIRSTB,52.55,-0.136401
13422,2016-02-29,IDFCFIRSTB,45.55,-0.133206
13423,2016-03-31,IDFCFIRSTB,48.2,0.058178
13424,2016-04-30,IDFCFIRSTB,47.85,-0.007261
13425,2016-05-31,IDFCFIRSTB,48.15,0.00627
13426,2016-06-30,IDFCFIRSTB,45.2,-0.061267
13427,2016-07-31,IDFCFIRSTB,51.6,0.141593
13428,2016-08-31,IDFCFIRSTB,56.05,0.08624
13429,2016-09-30,IDFCFIRSTB,79.85,0.424621
13430,2016-10-31,IDFCFIRSTB,79.55,-0.003757
13431,2016-11-30,IDFCFIRSTB,68.45,-0.139535
13432,2016-12-31,IDFCFIRSTB,60.05,-0.122717
13433,2017-01-31,IDFCFIRSTB,59.95,-0.001665
13434,2017-02-28,IDFCFIRSTB,62.5,0.042535
13435,2017-03-31,IDFCFIRSTB,59.3,-0.0512
13436,2017-04-30,IDFCFIRSTB,65.75,0.108769
13437,2017-05-31,IDFCFIRSTB,57.55,-0.124715
13438,2017-06-30,IDFCFIRSTB,54.7,-0.049522
13439,2017-07-31,IDFCFIRSTB,59.45,0.086837
13440,2017-08-31,IDFCFIRSTB,54.85,-0.077376
13441,2017-09-30,IDFCFIRSTB,56.4,0.028259
13442,2017-10-31,IDFCFIRSTB,56.65,0.004433
13443,2017-11-30,IDFCFIRSTB,54.9,-0.030891
13444,2017-12-31,IDFCFIRSTB,54.25,-0.01184
13445,2018-01-31,IDFCFIRSTB,56.8,0.047005
13446,2018-02-28,IDFCFIRSTB,51.5,-0.09331
13447,2018-03-31,IDFCFIRSTB,47.35,-0.080583
13448,2018-04-30,IDFCFIRSTB,48.35,0.021119
13449,2018-05-31,IDFCFIRSTB,40.7,-0.158221
13450,2018-06-30,IDFCFIRSTB,38.85,-0.045455
13451,2018-07-31,IDFCFIRSTB,40.05,0.030888
13452,2018-08-31,IDFCFIRSTB,47.6,0.188514
13453,2018-09-30,IDFCFIRSTB,36.3,-0.237395
13454,2018-10-31,IDFCFIRSTB,34.6,-0.046832
13455,2018-11-30,IDFCFIRSTB,38.45,0.111272
13456,2018-12-31,IDFCFIRSTB,43.35,0.127438
13457,2019-01-31,IDFCFIRSTB,45.2,0.042676
13458,2019-02-28,IDFCFIRSTB,44.75,-0.009956
13459,2019-03-31,IDFCFIRSTB,55.5,0.240223
13460,2019-04-30,IDFCFIRSTB,49.95,-0.1
13461,2019-05-31,IDFCFIRSTB,45.4,-0.091091
13462,2019-06-30,IDFCFIRSTB,43.25,-0.047357
13463,2019-07-31,IDFCFIRSTB,41.95,-0.030058
13464,2019-08-31,IDFCFIRSTB,43.55,0.038141
13465,2019-09-30,IDFCFIRSTB,40.2,-0.076923
13466,2019-10-31,IDFCFIRSTB,44.65,0.110697
13467,2019-11-30,IDFCFIRSTB,46.85,0.049272
13468,2019-12-31,IDFCFIRSTB,45.15,-0.036286
13469,2020-01-31,IDFCFIRSTB,40.7,-0.09856
13470,2020-02-29,IDFCFIRSTB,36.8,-0.095823
13471,2020-03-31,IDFCFIRSTB,21.1,-0.42663
13472,2020-04-30,IDFCFIRSTB,21.9,0.037915
13473,2020-05-31,IDFCFIRSTB,22.1,0.009132
13474,2020-06-30,IDFCFIRSTB,25.7,0.162896
13475,2020-07-31,IDFCFIRSTB,26.6,0.035019
13476,2020-08-31,IDFCFIRSTB,32.0,0.203008
13477,2020-09-30,IDFCFIRSTB,29.95,-0.064063
13478,2020-10-31,IDFCFIRSTB,30.6,0.021703
13479,2020-11-30,IDFCFIRSTB,36.75,0.20098
13480,2020-12-31,IDFCFIRSTB,37.05,0.008163
13481,2021-01-31,IDFCFIRSTB,47.2,0.273954
13482,2021-02-28,IDFCFIRSTB,63.45,0.34428
13483,2021-03-31,IDFCFIRSTB,55.7,-0.122143
13484,2021-04-30,IDFCFIRSTB,54.7,-0.017953
13485,2021-05-31,IDFCFIRSTB,58.5,0.06947
13486,2021-06-30,IDFCFIRSTB,54.2,-0.073504
13487,2021-07-31,IDFCFIRSTB,52.0,-0.04059
13488,2021-08-31,IDFCFIRSTB,42.95,-0.174038
13489,2021-09-30,IDFCFIRSTB,47.65,0.10943
13490,2021-10-31,IDFCFIRSTB,49.5,0.038825
13491,2021-11-30,IDFCFIRSTB,44.6,-0.09899
13492,2021-12-31,IDFCFIRSTB,48.35,0.084081
13493,2022-01-31,IDFCFIRSTB,49.5,0.023785
378,2015-03-31,INDHOTEL,113.45,
379,2015-04-30,INDHOTEL,106.2,-0.063905
380,2015-05-31,INDHOTEL,98.45,-0.072976
381,2015-06-30,INDHOTEL,88.7,-0.099035
382,2015-07-31,INDHOTEL,91.35,0.029876
383,2015-08-31,INDHOTEL,85.0,-0.069513
384,2015-09-30,INDHOTEL,83.1,-0.022353
385,2015-10-31,INDHOTEL,96.65,0.163057
386,2015-11-30,INDHOTEL,91.65,-0.051733
387,2015-12-31,INDHOTEL,112.85,0.231315
388,2016-01-31,INDHOTEL,108.6,-0.037661
389,2016-02-29,INDHOTEL,94.75,-0.127532
390,2016-03-31,INDHOTEL,95.95,0.012665
391,2016-04-30,INDHOTEL,101.8,0.060969
392,2016-05-31,INDHOTEL,113.45,0.11444
393,2016-06-30,INDHOTEL,124.6,0.098281
394,2016-07-31,INDHOTEL,129.85,0.042135
395,2016-08-31,INDHOTEL,125.55,-0.033115
396,2016-09-30,INDHOTEL,128.4,0.0227
397,2016-10-31,INDHOTEL,114.5,-0.108255
398,2016-11-30,INDHOTEL,98.55,-0.139301
399,2016-12-31,INDHOTEL,95.4,-0.031963
400,2017-01-31,INDHOTEL,105.2,0.102725
401,2017-02-28,INDHOTEL,122.75,0.166825
402,2017-03-31,INDHOTEL,122.7,-0.000407
403,2017-04-30,INDHOTEL,124.35,0.013447
404,2017-05-31,INDHOTEL,133.8,0.075995
405,2017-06-30,INDHOTEL,129.95,-0.028774
406,2017-07-31,INDHOTEL,120.7,-0.071181
407,2017-08-31,INDHOTEL,115.4,-0.043911
408,2017-09-30,INDHOTEL,114.4,-0.008666
409,2017-10-31,INDHOTEL,110.0,-0.038462
410,2017-11-30,INDHOTEL,119.6,0.087273
411,2017-12-31,INDHOTEL,114.05,-0.046405
412,2018-01-31,INDHOTEL,134.05,0.175362
413,2018-02-28,INDHOTEL,134.15,0.000746
414,2018-03-31,INDHOTEL,128.5,-0.042117
415,2018-04-30,INDHOTEL,143.35,0.115564
416,2018-05-31,INDHOTEL,137.45,-0.041158
417,2018-06-30,INDHOTEL,128.05,-0.068389
418,2018-07-31,INDHOTEL,128.7,0.005076
419,2018-08-31,INDHOTEL,133.7,0.03885
420,2018-09-30,INDHOTEL,133.8,0.000748
421,2018-10-31,INDHOTEL,125.1,-0.065022
422,2018-11-30,INDHOTEL,140.15,0.120304
423,2018-12-31,INDHOTEL,143.2,0.021762
424,2019-01-31,INDHOTEL,138.65,-0.031774
425,2019-02-28,INDHOTEL,133.75,-0.035341
426,2019-03-31,INDHOTEL,149.35,0.116636
427,2019-04-30,INDHOTEL,149.35,0.0
428,2019-05-31,INDHOTEL,151.95,0.017409
429,2019-06-30,INDHOTEL,152.4,0.002962
430,2019-07-31,INDHOTEL,138.2,-0.093176
431,2019-08-31,INDHOTEL,134.5,-0.026773
432,2019-09-30,INDHOTEL,154.95,0.152045
433,2019-10-31,INDHOTEL,148.35,-0.042594
434,2019-11-30,INDHOTEL,144.25,-0.027637
435,2019-12-31,INDHOTEL,139.95,-0.029809
436,2020-01-31,INDHOTEL,138.4,-0.011075
437,2020-02-29,INDHOTEL,131.0,-0.053468
438,2020-03-31,INDHOTEL,72.75,-0.444656
439,2020-04-30,INDHOTEL,77.4,0.063918
440,2020-05-31,INDHOTEL,73.3,-0.052972
441,2020-06-30,INDHOTEL,77.7,0.060027
442,2020-07-31,INDHOTEL,74.1,-0.046332
443,2020-08-31,INDHOTEL,99.7,0.345479
444,2020-09-30,INDHOTEL,92.25,-0.074724
445,2020-10-31,INDHOTEL,92.5,0.00271
446,2020-11-30,INDHOTEL,115.75,0.251351
447,2020-12-31,INDHOTEL,116.85,0.009503
448,2021-01-31,INDHOTEL,117.8,0.00813
449,2021-02-28,INDHOTEL,119.1,0.011036
450,2021-03-31,INDHOTEL,106.95,-0.102015
451,2021-04-30,INDHOTEL,107.9,0.008883
452,2021-05-31,INDHOTEL,135.1,0.252085
453,2021-06-30,INDHOTEL,137.45,0.017395
454,2021-07-31,INDHOTEL,139.65,0.016006
455,2021-08-31,INDHOTEL,135.85,-0.027211
456,2021-09-30,INDHOTEL,176.3,0.297755
457,2021-10-31,INDHOTEL,193.25,0.096143
458,2021-11-30,INDHOTEL,181.1,-0.062872
459,2021-12-31,INDHOTEL,180.0,-0.006074
460,2022-01-31,INDHOTEL,215.85,0.199167
461,2022-02-28,INDHOTEL,198.0,-0.082696
462,2022-03-31,INDHOTEL,237.05,0.197222
463,2022-04-30,INDHOTEL,256.1,0.080363
464,2022-05-31,INDHOTEL,234.5,-0.084342
465,2022-06-30,INDHOTEL,225.9,-0.036674
466,2022-07-31,INDHOTEL,262.75,0.163125
467,2022-08-31,INDHOTEL,284.8,0.08392
468,2022-09-30,INDHOTEL,333.0,0.169242
469,2022-10-31,INDHOTEL,333.5,0.001502
470,2022-11-30,INDHOTEL,321.65,-0.035532
471,2022-12-31,INDHOTEL,318.5,-0.009793
472,2023-01-31,INDHOTEL,301.7,-0.052747
473,2023-02-28,INDHOTEL,310.2,0.028174
474,2023-03-31,INDHOTEL,324.0,0.044487
475,2023-04-30,INDHOTEL,339.0,0.046296
476,2023-05-31,INDHOTEL,389.0,0.147493
477,2023-06-30,INDHOTEL,392.8,0.009769
478,2023-07-31,INDHOTEL,394.35,0.003946
479,2023-08-31,INDHOTEL,421.5,0.068847
480,2023-09-30,INDHOTEL,412.0,-0.022539
481,2023-10-31,INDHOTEL,383.9,-0.068204
482,2023-11-30,INDHOTEL,422.1,0.099505
483,2023-12-31,INDHOTEL,438.15,0.038024
484,2024-01-31,INDHOTEL,491.75,0.122333
485,2024-02-29,INDHOTEL,586.9,0.193493
486,2024-03-31,INDHOTEL,593.0,0.010394
487,2024-04-30,INDHOTEL,577.5,-0.026138
488,2024-05-31,INDHOTEL,559.8,-0.030649
489,2024-06-30,INDHOTEL,623.0,0.112897
490,2024-07-31,INDHOTEL,642.1,0.030658
491,2024-08-31,INDHOTEL,655.0,0.02009
492,2024-09-30,INDHOTEL,686.5,0.048092
493,2024-10-31,INDHOTEL,676.3,-0.014858
494,2024-11-30,INDHOTEL,794.45,0.174701
495,2024-12-31,INDHOTEL,874.95,0.101328
496,2025-01-31,INDHOTEL,765.0,-0.125664
497,2025-02-28,INDHOTEL,715.5,-0.064706
498,2025-03-31,INDHOTEL,785.3,0.097554
499,2025-04-30,INDHOTEL,787.0,0.002165
500,2025-05-31,INDHOTEL,769.0,-0.022872
501,2025-06-30,INDHOTEL,760.0,-0.011704
502,2025-07-31,INDHOTEL,741.35,-0.024539
503,2025-08-31,INDHOTEL,746.6,0.007082
7193,2015-12-31,INDIGO,1238.0,
7194,2016-01-31,INDIGO,870.0,-0.297254
7195,2016-02-29,INDIGO,813.9,-0.064483
7196,2016-03-31,INDIGO,870.55,0.069603
7197,2016-04-30,INDIGO,1068.0,0.226811
7198,2016-05-31,INDIGO,1063.65,-0.004073
7199,2016-06-30,INDIGO,1015.05,-0.045692
7200,2016-07-31,INDIGO,989.95,-0.024728
7201,2016-08-31,INDIGO,884.05,-0.106975
7202,2016-09-30,INDIGO,918.15,0.038572
7203,2016-10-31,INDIGO,940.7,0.02456
7204,2016-11-30,INDIGO,859.0,-0.08685
7205,2016-12-31,INDIGO,820.0,-0.045402
7206,2017-01-31,INDIGO,900.0,0.097561
7207,2017-02-28,INDIGO,860.95,-0.043389
7208,2017-03-31,INDIGO,1050.5,0.220164
7209,2017-04-30,INDIGO,1105.0,0.05188
7210,2017-05-31,INDIGO,1107.6,0.002353
7211,2017-06-30,INDIGO,1162.1,0.049205
7212,2017-07-31,INDIGO,1290.0,0.110059
7213,2017-08-31,INDIGO,1232.0,-0.044961
7214,2017-09-30,INDIGO,1094.55,-0.111567
7215,2017-10-31,INDIGO,1248.0,0.140195
7216,2017-11-30,INDIGO,1124.6,-0.098878
7217,2017-12-31,INDIGO,1202.55,0.069314
7218,2018-01-31,INDIGO,1212.3,0.008108
7219,2018-02-28,INDIGO,1339.9,0.105254
7220,2018-03-31,INDIGO,1288.0,-0.038734
7221,2018-04-30,INDIGO,1400.0,0.086957
7222,2018-05-31,INDIGO,1203.9,-0.140071
7223,2018-06-30,INDIGO,1090.0,-0.094609
7224,2018-07-31,INDIGO,933.25,-0.143807
7225,2018-08-31,INDIGO,928.9,-0.004661
7226,2018-09-30,INDIGO,824.0,-0.112929
7227,2018-10-31,INDIGO,887.0,0.076456
7228,2018-11-30,INDIGO,1038.8,0.171139
7229,2018-12-31,INDIGO,1164.6,0.121101
7230,2019-01-31,INDIGO,1185.55,0.017989
7231,2019-02-28,INDIGO,1123.0,-0.05276
7232,2019-03-31,INDIGO,1427.2,0.270882
7233,2019-04-30,INDIGO,1516.25,0.062395
7234,2019-05-31,INDIGO,1678.9,0.107271
7235,2019-06-30,INDIGO,1557.05,-0.072577
7236,2019-07-31,INDIGO,1561.75,0.003019
7237,2019-08-31,INDIGO,1684.3,0.07847
7238,2019-09-30,INDIGO,1883.05,0.118002
7239,2019-10-31,INDIGO,1456.1,-0.226733
7240,2019-11-30,INDIGO,1443.0,-0.008997
7241,2019-12-31,INDIGO,1333.6,-0.075814
7242,2020-01-31,INDIGO,1385.0,0.038542
7243,2020-02-29,INDIGO,1303.0,-0.059206
7244,2020-03-31,INDIGO,1070.0,-0.178818
7245,2020-04-30,INDIGO,993.0,-0.071963
7246,2020-05-31,INDIGO,966.05,-0.02714
7247,2020-06-30,INDIGO,990.5,0.025309
7248,2020-07-31,INDIGO,980.0,-0.010601
7249,2020-08-31,INDIGO,1197.0,0.221429
7250,2020-09-30,INDIGO,1245.35,0.040393
7251,2020-10-31,INDIGO,1304.8,0.047738
7252,2020-11-30,INDIGO,1515.0,0.161097
7253,2020-12-31,INDIGO,1720.0,0.135314
7254,2021-01-31,INDIGO,1567.45,-0.088692
7255,2021-02-28,INDIGO,1617.0,0.031612
7256,2021-03-31,INDIGO,1621.0,0.002474
7257,2021-04-30,INDIGO,1642.95,0.013541
7258,2021-05-31,INDIGO,1750.0,0.065157
7259,2021-06-30,INDIGO,1721.65,-0.0162
7260,2021-07-31,INDIGO,1652.0,-0.040455
7261,2021-08-31,INDIGO,1906.0,0.153753
7262,2021-09-30,INDIGO,2022.95,0.061359
7263,2021-10-31,INDIGO,2168.0,0.071702
7264,2021-11-30,INDIGO,1906.0,-0.120849
7265,2021-12-31,INDIGO,2014.5,0.056925
7266,2022-01-31,INDIGO,1857.8,-0.077786
7267,2022-02-28,INDIGO,1870.1,0.006621
7268,2022-03-31,INDIGO,2008.2,0.073846
7269,2022-04-30,INDIGO,1864.0,-0.071806
7270,2022-05-31,INDIGO,1840.0,-0.012876
7271,2022-06-30,INDIGO,1609.5,-0.125272
7272,2022-07-31,INDIGO,1867.0,0.159988
7273,2022-08-31,INDIGO,2010.0,0.076593
7274,2022-09-30,INDIGO,1857.0,-0.076119
7275,2022-10-31,INDIGO,1782.25,-0.040253
7276,2022-11-30,INDIGO,1937.0,0.086828
7277,2022-12-31,INDIGO,2001.15,0.033118
7278,2023-01-31,INDIGO,2121.45,0.060115
7279,2023-02-28,INDIGO,1856.5,-0.124891
7280,2023-03-31,INDIGO,1915.0,0.031511
7281,2023-04-30,INDIGO,2022.0,0.055875
7282,2023-05-31,INDIGO,2329.05,0.151855
7283,2023-06-30,INDIGO,2632.0,0.130074
7284,2023-07-31,INDIGO,2591.45,-0.015407
7285,2023-08-31,INDIGO,2437.0,-0.0596
7286,2023-09-30,INDIGO,2379.8,-0.023471
7287,2023-10-31,INDIGO,2460.0,0.0337
7288,2023-11-30,INDIGO,2696.45,0.096118
7289,2023-12-31,INDIGO,2955.0,0.095885
7290,2024-01-31,INDIGO,2965.0,0.003384
7291,2024-02-29,INDIGO,3146.5,0.061214
7292,2024-03-31,INDIGO,3540.3,0.125155
7293,2024-04-30,INDIGO,3986.45,0.12602
7294,2024-05-31,INDIGO,4200.0,0.053569
7295,2024-06-30,INDIGO,4235.0,0.008333
7296,2024-07-31,INDIGO,4473.15,0.056234
7297,2024-08-31,INDIGO,4818.0,0.077093
7298,2024-09-30,INDIGO,4790.0,-0.005812
7299,2024-10-31,INDIGO,4049.55,-0.154582
7300,2024-11-30,INDIGO,4380.0,0.081602
7301,2024-12-31,INDIGO,4553.2,0.039543
7302,2025-01-31,INDIGO,4334.8,-0.047966
7303,2025-02-28,INDIGO,4479.95,0.033485
7304,2025-03-31,INDIGO,5100.0,0.138406
7305,2025-04-30,INDIGO,5234.0,0.026275
7306,2025-05-31,INDIGO,5325.0,0.017386
7307,2025-06-30,INDIGO,5950.0,0.117371
7308,2025-07-31,INDIGO,5890.5,-0.01
7309,2025-08-31,INDIGO,5871.0,-0.00331
-1,2006-01-31,INDUSINDBK,45.971,
-1,2006-02-28,INDUSINDBK,44.3495,-0.035272
-1,2006-03-31,INDUSINDBK,41.0189,-0.075099
-1,2006-04-30,INDUSINDBK,49.2139,0.199786
-1,2006-05-31,INDUSINDBK,40.3616,-0.179874
-1,2006-06-30,INDUSINDBK,29.7562,-0.26276
-1,2006-07-31,INDUSINDBK,28.7921,-0.0324
-1,2006-08-31,INDUSINDBK,37.9513,0.318115
-1,2006-09-30,INDUSINDBK,44.3057,0.167436
-1,2006-10-31,INDUSINDBK,38.6963,-0.126607
-1,2006-11-30,INDUSINDBK,38.9154,0.005662
-1,2006-12-31,INDUSINDBK,41.501,0.066442
-1,2007-01-31,INDUSINDBK,46.6722,0.124604
-1,2007-02-28,INDUSINDBK,38.6524,-0.171832
-1,2007-03-31,INDUSINDBK,36.8119,-0.047617
-1,2007-04-30,INDUSINDBK,37.6883,0.023808
-1,2007-05-31,INDUSINDBK,39.8795,0.05814
-1,2007-06-30,INDUSINDBK,47.7678,0.197803
-1,2007-07-31,INDUSINDBK,44.8316,-0.061468
-1,2007-08-31,INDUSINDBK,46.7598,0.04301
-1,2007-09-30,INDUSINDBK,66.2781,0.417416
-1,2007-10-31,INDUSINDBK,86.2724,0.301673
-1,2007-11-30,INDUSINDBK,105.8234,0.226619
-1,2007-12-31,INDUSINDBK,113.0497,0.068286
-1,2008-01-31,INDUSINDBK,83.9671,-0.257255
-1,2008-02-29,INDUSINDBK,88.7107,0.056494
-1,2008-03-31,INDUSINDBK,69.7361,-0.213893
-1,2008-04-30,INDUSINDBK,80.1544,0.149396
-1,2008-05-31,INDUSINDBK,68.4948,-0.145464
-1,2008-06-30,INDUSINDBK,47.9242,-0.300324
-1,2008-07-31,INDUSINDBK,50.1409,0.046254
-1,2008-08-31,INDUSINDBK,53.3772,0.064544
-1,2008-09-30,INDUSINDBK,49.1655,-0.078904
-1,2008-10-31,INDUSINDBK,36.3489,-0.260683
-1,2008-11-30,INDUSINDBK,28.5599,-0.214284
-1,2008-12-31,INDUSINDBK,33.6183,0.177115
-1,2009-01-31,INDUSINDBK,29.858,-0.111853
-1,2009-02-28,INDUSINDBK,27.0379,-0.09445
-1,2009-03-31,INDUSINDBK,28.7389,0.062912
-1,2009-04-30,INDUSINDBK,36.4832,0.269471
-1,2009-05-31,INDUSINDBK,63.9687,0.753374
-1,2009-06-30,INDUSINDBK,76.9953,0.20364
-1,2009-07-31,INDUSINDBK,78.848,0.024063
-1,2009-08-31,INDUSINDBK,92.9735,0.179148
-1,2009-09-30,INDUSINDBK,105.0096,0.129457
-1,2009-10-31,INDUSINDBK,106.3267,0.012543
-1,2009-11-30,INDUSINDBK,110.5053,0.0393
-1,2009-12-31,INDUSINDBK,130.3082,0.179203
-1,2010-01-31,INDUSINDBK,134.3505,0.031021
-1,2010-02-28,INDUSINDBK,135.2589,0.006761
-1,2010-03-31,INDUSINDBK,154.5167,0.142377
-1,2010-04-30,INDUSINDBK,176.1363,0.139918
-1,2010-05-31,INDUSINDBK,178.1348,0.011346
-1,2010-06-30,INDUSINDBK,186.4465,0.04666
-1,2010-07-31,INDUSINDBK,187.3117,0.00464
-1,2010-08-31,INDUSINDBK,203.2688,0.08519
-1,2010-09-30,INDUSINDBK,243.8491,0.199639
-1,2010-10-31,INDUSINDBK,241.7399,-0.00865
-1,2010-11-30,INDUSINDBK,268.1057,0.109067
-1,2010-12-31,INDUSINDBK,242.8862,-0.094066
-1,2011-01-31,INDUSINDBK,205.3321,-0.154616
-1,2011-02-28,INDUSINDBK,200.9761,-0.021214
-1,2011-03-31,INDUSINDBK,241.7399,0.202829
-1,2011-04-30,INDUSINDBK,238.255,-0.014416
-1,2011-05-31,INDUSINDBK,242.1525,0.016359
-1,2011-06-30,INDUSINDBK,249.4433,0.030108
-1,2011-07-31,INDUSINDBK,250.531,0.004361
-1,2011-08-31,INDUSINDBK,227.8058,-0.090708
-1,2011-09-30,INDUSINDBK,242.2631,0.063463
-1,2011-10-31,INDUSINDBK,264.8497,0.093232
-1,2011-11-30,INDUSINDBK,229.9767,-0.131671
-1,2011-12-31,INDUSINDBK,208.6373,-0.092789
-1,2012-01-31,INDUSINDBK,269.6533,0.29245
-1,2012-02-29,INDUSINDBK,288.4525,0.069716
-1,2012-03-31,INDUSINDBK,297.136,0.030104
-1,2012-04-30,INDUSINDBK,306.42,0.031245
-1,2012-05-31,INDUSINDBK,275.658,-0.100392
-1,2012-06-30,INDUSINDBK,314.3185,0.140248
-1,2012-07-31,INDUSINDBK,308.6833,-0.017928
-1,2012-08-31,INDUSINDBK,294.2968,-0.046606
-1,2012-09-30,INDUSINDBK,330.3226,0.122413
-1,2012-10-31,INDUSINDBK,338.5041,0.024768
-1,2012-11-30,INDUSINDBK,387.4528,0.144603
-1,2012-12-31,INDUSINDBK,387.7317,0.00072
-1,2013-01-31,INDUSINDBK,405.1636,0.044959
-1,2013-02-28,INDUSINDBK,383.0367,-0.054612
-1,2013-03-31,INDUSINDBK,376.2499,-0.017718
-1,2013-04-30,INDUSINDBK,434.8676,0.155795
-1,2013-05-31,INDUSINDBK,480.9342,0.105932
-1,2013-06-30,INDUSINDBK,434.5887,-0.096366
-1,2013-07-31,INDUSINDBK,362.4681,-0.165951
-1,2013-08-31,INDUSINDBK,333.7476,-0.079236
-1,2013-09-30,INDUSINDBK,344.9738,0.033637
-1,2013-10-31,INDUSINDBK,416.8688,0.208407
-1,2013-11-30,INDUSINDBK,394.9775,-0.052514
-1,2013-12-31,INDUSINDBK,393.5742,-0.003553
-1,2014-01-31,INDUSINDBK,359.0535,-0.087711
-1,2014-02-28,INDUSINDBK,371.8701,0.035696
-1,2014-03-31,INDUSINDBK,469.4919,0.262516
-1,2014-04-30,INDUSINDBK,447.5071,-0.046827
-1,2014-05-31,INDUSINDBK,499.5221,0.116233
-1,2014-06-30,INDUSINDBK,534.838,0.070699
-1,2014-07-31,INDUSINDBK,526.861,-0.014915
-1,2014-08-31,INDUSINDBK,551.2971,0.046381
-1,2014-09-30,INDUSINDBK,585.291,0.061662
-1,2014-10-31,INDUSINDBK,678.092,0.158555
-1,2014-11-30,INDUSINDBK,706.6716,0.042147
-1,2014-12-31,INDUSINDBK,755.6381,0.069292
-1,2015-01-31,INDUSINDBK,819.4359,0.084429
-1,2015-02-28,INDUSINDBK,814.0684,-0.00655
9732,2015-03-31,INDUSINDBK,887.1,0.089712
9733,2015-04-30,INDUSINDBK,827.3,-0.067411
9734,2015-05-31,INDUSINDBK,873.15,0.055421
9735,2015-06-30,INDUSINDBK,870.2,-0.003379
9736,2015-07-31,INDUSINDBK,975.0,0.120432
9737,2015-08-31,INDUSINDBK,862.75,-0.115128
9738,2015-09-30,INDUSINDBK,940.9,0.090582
9739,2015-10-31,INDUSINDBK,910.0,-0.032841
9740,2015-11-30,INDUSINDBK,938.95,0.031813
9741,2015-12-31,INDUSINDBK,964.0,0.026679
9742,2016-01-31,INDUSINDBK,935.0,-0.030083
9743,2016-02-29,INDUSINDBK,837.0,-0.104813
9744,2016-03-31,INDUSINDBK,966.35,0.15454
9745,2016-04-30,INDUSINDBK,1048.0,0.084493
9746,2016-05-31,INDUSINDBK,1102.2,0.051718
9747,2016-06-30,INDUSINDBK,1110.4,0.00744
9748,2016-07-31,INDUSINDBK,1173.0,0.056376
9749,2016-08-31,INDUSINDBK,1185.0,0.01023
9750,2016-09-30,INDUSINDBK,1194.95,0.008397
9751,2016-10-31,INDUSINDBK,1196.0,0.000879
9752,2016-11-30,INDUSINDBK,1082.0,-0.095318
9753,2016-12-31,INDUSINDBK,1107.0,0.023105
9754,2017-01-31,INDUSINDBK,1252.8,0.131707
9755,2017-02-28,INDUSINDBK,1312.8,0.047893
9756,2017-03-31,INDUSINDBK,1425.75,0.086037
9757,2017-04-30,INDUSINDBK,1449.8,0.016868
9758,2017-05-31,INDUSINDBK,1481.0,0.02152
9759,2017-06-30,INDUSINDBK,1482.1,0.000743
9760,2017-07-31,INDUSINDBK,1639.25,0.106032
9761,2017-08-31,INDUSINDBK,1658.05,0.011469
9762,2017-09-30,INDUSINDBK,1675.5,0.010524
9763,2017-10-31,INDUSINDBK,1630.0,-0.027156
9764,2017-11-30,INDUSINDBK,1659.1,0.017853
9765,2017-12-31,INDUSINDBK,1647.4,-0.007052
9766,2018-01-31,INDUSINDBK,1750.0,0.06228
9767,2018-02-28,INDUSINDBK,1679.1,-0.040514
9768,2018-03-31,INDUSINDBK,1800.0,0.072003
9769,2018-04-30,INDUSINDBK,1897.75,0.054306
9770,2018-05-31,INDUSINDBK,1960.6,0.033118
9771,2018-06-30,INDUSINDBK,1937.55,-0.011757
9772,2018-07-31,INDUSINDBK,1998.75,0.031586
9773,2018-08-31,INDUSINDBK,1908.85,-0.044978
9774,2018-09-30,INDUSINDBK,1690.05,-0.114624
9775,2018-10-31,INDUSINDBK,1424.65,-0.157037
9776,2018-11-30,INDUSINDBK,1640.9,0.151792
9777,2018-12-31,INDUSINDBK,1599.85,-0.025017
9778,2019-01-31,INDUSINDBK,1501.0,-0.061787
9779,2019-02-28,INDUSINDBK,1474.4,-0.017722
9780,2019-03-31,INDUSINDBK,1781.0,0.207949
9781,2019-04-30,INDUSINDBK,1600.45,-0.101376
9782,2019-05-31,INDUSINDBK,1606.0,0.003468
9783,2019-06-30,INDUSINDBK,1420.0,-0.115816
9784,2019-07-31,INDUSINDBK,1408.05,-0.008415
9785,2019-08-31,INDUSINDBK,1397.6,-0.007422
9786,2019-09-30,INDUSINDBK,1389.1,-0.006082
9787,2019-10-31,INDUSINDBK,1313.25,-0.054604
9788,2019-11-30,INDUSINDBK,1569.0,0.194746
9789,2019-12-31,INDUSINDBK,1511.65,-0.036552
9790,2020-01-31,INDUSINDBK,1255.0,-0.169781
9791,2020-02-29,INDUSINDBK,1099.9,-0.123586
9792,2020-03-31,INDUSINDBK,351.0,-0.68088
9793,2020-04-30,INDUSINDBK,467.6,0.332194
9794,2020-05-31,INDUSINDBK,391.4,-0.16296
9795,2020-06-30,INDUSINDBK,475.4,0.214614
9796,2020-07-31,INDUSINDBK,525.0,0.104333
9797,2020-08-31,INDUSINDBK,631.5,0.202857
9798,2020-09-30,INDUSINDBK,524.75,-0.169042
9799,2020-10-31,INDUSINDBK,585.2,0.115198
9800,2020-11-30,INDUSINDBK,859.0,0.467874
9801,2020-12-31,INDUSINDBK,892.6,0.039115
9802,2021-01-31,INDUSINDBK,850.0,-0.047726
9803,2021-02-28,INDUSINDBK,1062.8,0.250353
9804,2021-03-31,INDUSINDBK,955.85,-0.10063
9805,2021-04-30,INDUSINDBK,932.0,-0.024952
9806,2021-05-31,INDUSINDBK,1014.8,0.088841
9807,2021-06-30,INDUSINDBK,1015.0,0.000197
9808,2021-07-31,INDUSINDBK,982.0,-0.032512
9809,2021-08-31,INDUSINDBK,992.95,0.011151
9810,2021-09-30,INDUSINDBK,1111.5,0.119392
9811,2021-10-31,INDUSINDBK,1142.3,0.02771
9812,2021-11-30,INDUSINDBK,878.35,-0.231069
9813,2021-12-31,INDUSINDBK,887.85,0.010816
9814,2022-01-31,INDUSINDBK,871.9,-0.017965
9815,2022-02-28,INDUSINDBK,918.5,0.053446
9816,2022-03-31,INDUSINDBK,935.9,0.018944
9817,2022-04-30,INDUSINDBK,977.5,0.044449
9818,2022-05-31,INDUSINDBK,929.0,-0.049616
9819,2022-06-30,INDUSINDBK,791.95,-0.147524
9820,2022-07-31,INDUSINDBK,1041.0,0.314477
9821,2022-08-31,INDUSINDBK,1105.05,0.061527
9822,2022-09-30,INDUSINDBK,1188.0,0.075064
9823,2022-10-31,INDUSINDBK,1143.2,-0.03771
9824,2022-11-30,INDUSINDBK,1168.0,0.021693
9825,2022-12-31,INDUSINDBK,1219.15,0.043793
9826,2023-01-31,INDUSINDBK,1082.0,-0.112496
9827,2023-02-28,INDUSINDBK,1077.05,-0.004575
9828,2023-03-31,INDUSINDBK,1069.0,-0.007474
9829,2023-04-30,INDUSINDBK,1153.0,0.078578
9830,2023-05-31,INDUSINDBK,1283.15,0.112879
9831,2023-06-30,INDUSINDBK,1376.5,0.072751
9832,2023-07-31,INDUSINDBK,1417.8,0.030004
9833,2023-08-31,INDUSINDBK,1379.0,-0.027366
9834,2023-09-30,INDUSINDBK,1429.55,0.036657
9835,2023-10-31,INDUSINDBK,1441.0,0.00801
9836,2023-11-30,INDUSINDBK,1467.8,0.018598
9837,2023-12-31,INDUSINDBK,1595.9,0.087273
9838,2024-01-31,INDUSINDBK,1537.75,-0.036437
9839,2024-02-29,INDUSINDBK,1479.9,-0.03762
9840,2024-03-31,INDUSINDBK,1550.0,0.047368
9841,2024-04-30,INDUSINDBK,1509.0,-0.026452
9842,2024-05-31,INDUSINDBK,1463.05,-0.030451
9843,2024-06-30,INDUSINDBK,1464.2,0.000786
9844,2024-07-31,INDUSINDBK,1428.0,-0.024723
9845,2024-08-31,INDUSINDBK,1424.0,-0.002801
9846,2024-09-30,INDUSINDBK,1445.0,0.014747
9847,2024-10-31,INDUSINDBK,1055.0,-0.269896
9848,2024-11-30,INDUSINDBK,994.45,-0.057393
9849,2024-12-31,INDUSINDBK,960.55,-0.034089
9850,2025-01-31,INDUSINDBK,995.2,0.036073
9851,2025-02-28,INDUSINDBK,972.3,-0.02301
9852,2025-03-31,INDUSINDBK,649.8,-0.331688
9853,2025-04-30,INDUSINDBK,833.0,0.281933
9854,2025-05-31,INDUSINDBK,818.7,-0.017167
9855,2025-06-30,INDUSINDBK,873.0,0.066325
9856,2025-07-31,INDUSINDBK,798.15,-0.085739
9857,2025-08-31,INDUSINDBK,803.35,0.006515
-1,2006-01-31,INFY,115.6785,
-1,2006-02-28,INFY,113.6161,-0.017829
-1,2006-03-31,INFY,119.7389,0.05389
-1,2006-04-30,INFY,255.2172,1.131448
-1,2006-05-31,INFY,116.8653,-0.542095
-1,2006-06-30,INFY,125.3434,0.072546
-1,2006-07-31,INFY,134.7942,0.075399
-1,2006-08-31,INFY,147.0764,0.091118
-1,2006-09-30,INFY,150.5977,0.023942
-1,2006-10-31,INFY,170.6148,0.132918
-1,2006-11-30,INFY,177.8993,0.042696
-1,2006-12-31,INFY,182.9677,0.02849
-1,2007-01-31,INFY,183.4166,0.002453
-1,2007-02-28,INFY,169.5622,-0.075535
-1,2007-03-31,INFY,164.755,-0.028351
-1,2007-04-30,INFY,167.383,0.015951
-1,2007-05-31,INFY,156.9892,-0.062096
-1,2007-06-30,INFY,157.4422,0.002886
-1,2007-07-31,INFY,161.7989,0.027672
-1,2007-08-31,INFY,151.8698,-0.061367
-1,2007-09-30,INFY,154.9979,0.020597
-1,2007-10-31,INFY,150.4694,-0.029217
-1,2007-11-30,INFY,131.6471,-0.125091
-1,2007-12-31,INFY,145.3992,0.104462
-1,2008-01-31,INFY,123.1486,-0.153031
-1,2008-02-29,INFY,127.1863,0.032787
-1,2008-03-31,INFY,118.2894,-0.069952
-1,2008-04-30,INFY,144.0191,0.217515
-1,2008-05-31,INFY,161.2462,0.119617
-1,2008-06-30,INFY,144.7434,-0.102345
-1,2008-07-31,INFY,131.9633,-0.088295
-1,2008-08-31,INFY,145.7684,0.104613
-1,2008-09-30,INFY,116.5122,-0.200703
-1,2008-10-31,INFY,115.7538,-0.006509
-1,2008-11-30,INFY,104.4435,-0.09771
-1,2008-12-31,INFY,93.662,-0.103228
-1,2009-01-31,INFY,109.7166,0.17141
-1,2009-02-28,INFY,103.3855,-0.057704
-1,2009-03-31,INFY,111.1651,0.075248
-1,2009-04-30,INFY,126.7285,0.140003
-1,2009-05-31,INFY,134.7768,0.063508
-1,2009-06-30,INFY,149.169,0.106785
-1,2009-07-31,INFY,174.7765,0.171668
-1,2009-08-31,INFY,180.4321,0.032359
-1,2009-09-30,INFY,195.2694,0.082232
-1,2009-10-31,INFY,186.7861,-0.043444
-1,2009-11-30,INFY,202.3427,0.083286
-1,2009-12-31,INFY,221.2007,0.093198
-1,2010-01-31,INFY,210.5194,-0.048288
-1,2010-02-28,INFY,221.2729,0.051081
-1,2010-03-31,INFY,222.4634,0.00538
-1,2010-04-30,INFY,232.8555,0.046714
-1,2010-05-31,INFY,226.0394,-0.029272
-1,2010-06-30,INFY,238.7635,0.056292
-1,2010-07-31,INFY,238.5412,-0.000931
-1,2010-08-31,INFY,232.1635,-0.026736
-1,2010-09-30,INFY,260.9633,0.12405
-1,2010-10-31,INFY,254.222,-0.025832
-1,2010-11-30,INFY,264.511,0.040473
-1,2010-12-31,INFY,298.4745,0.128401
-1,2011-01-31,INFY,270.2936,-0.094416
-1,2011-02-28,INFY,259.8381,-0.038682
-1,2011-03-31,INFY,281.0094,0.081479
-1,2011-04-30,INFY,251.9617,-0.103369
-1,2011-05-31,INFY,241.5061,-0.041497
-1,2011-06-30,INFY,254.1486,0.052349
-1,2011-07-31,INFY,242.3993,-0.04623
-1,2011-08-31,INFY,204.5929,-0.155967
-1,2011-09-30,INFY,221.193,0.081137
-1,2011-10-31,INFY,251.2757,0.136002
-1,2011-11-30,INFY,228.8961,-0.089064
-1,2011-12-31,INFY,243.0152,0.061683
-1,2012-01-31,INFY,241.1143,-0.007822
-1,2012-02-29,INFY,253.1831,0.050054
-1,2012-03-31,INFY,251.6773,-0.005947
-1,2012-04-30,INFY,216.1863,-0.141018
-1,2012-05-31,INFY,213.3106,-0.013302
-1,2012-06-30,INFY,223.3659,0.047139
-1,2012-07-31,INFY,198.2403,-0.112486
-1,2012-08-31,INFY,210.231,0.060486
-1,2012-09-30,INFY,225.658,0.073381
-1,2012-10-31,INFY,210.3513,-0.067831
-1,2012-11-30,INFY,218.3069,0.037821
-1,2012-12-31,INFY,207.7223,-0.048485
-1,2013-01-31,INFY,249.8993,0.203045
-1,2013-02-28,INFY,260.4256,0.042122
-1,2013-03-31,INFY,258.8444,-0.006072
-1,2013-04-30,INFY,200.2643,-0.226314
-1,2013-05-31,INFY,216.0538,0.078843
-1,2013-06-30,INFY,226.4605,0.048167
-1,2013-07-31,INFY,269.1271,0.188406
-1,2013-08-31,INFY,281.4703,0.045864
-1,2013-09-30,INFY,273.0558,-0.029895
-1,2013-10-31,INFY,299.9626,0.09854
-1,2013-11-30,INFY,305.8322,0.019568
-1,2013-12-31,INFY,317.7845,0.039081
-1,2014-01-31,INFY,337.427,0.061811
-1,2014-02-28,INFY,348.7093,0.033436
-1,2014-03-31,INFY,299.2908,-0.141718
-1,2014-04-30,INFY,289.9915,-0.031071
-1,2014-05-31,INFY,267.9832,-0.075893
-1,2014-06-30,INFY,300.8836,0.12277
-1,2014-07-31,INFY,311.2441,0.034434
-1,2014-08-31,INFY,332.6074,0.068638
-1,2014-09-30,INFY,346.3737,0.041389
-1,2014-10-31,INFY,374.4237,0.080982
-1,2014-11-30,INFY,406.0539,0.084477
-1,2014-12-31,INFY,367.4262,-0.095129
-1,2015-01-31,INFY,398.9709,0.085853
-1,2015-02-28,INFY,422.0405,0.057823
5470,2015-03-31,INFY,553.78,0.312149
5471,2015-04-30,INFY,361.7822,-0.346704
5472,2015-05-31,INFY,507.45,0.402639
5473,2015-06-30,INFY,493.75,-0.026998
5474,2015-07-31,INFY,539.25,0.092152
5475,2015-08-31,INFY,548.5,0.017153
5476,2015-09-30,INFY,578.5,0.054695
5477,2015-10-31,INFY,566.0,-0.021608
5478,2015-11-30,INFY,541.65,-0.043021
5479,2015-12-31,INFY,551.55,0.018277
5480,2016-01-31,INFY,583.0,0.057021
5481,2016-02-29,INFY,542.78,-0.068988
5482,2016-03-31,INFY,610.5,0.124765
5483,2016-04-30,INFY,603.1,-0.012121
5484,2016-05-31,INFY,625.43,0.037025
5485,2016-06-30,INFY,585.95,-0.063125
5486,2016-07-31,INFY,537.5,-0.082686
5487,2016-08-31,INFY,516.93,-0.03827
5488,2016-09-30,INFY,516.9,-5.8e-05
5489,2016-10-31,INFY,501.2,-0.030373
5490,2016-11-30,INFY,487.03,-0.028272
5491,2016-12-31,INFY,506.0,0.03895
5492,2017-01-31,INFY,464.7,-0.081621
5493,2017-02-28,INFY,506.0,0.088875
5494,2017-03-31,INFY,511.25,0.010375
5495,2017-04-30,INFY,460.5,-0.099267
5496,2017-05-31,INFY,488.03,0.059783
5497,2017-06-30,INFY,467.2,-0.042682
5498,2017-07-31,INFY,507.5,0.086259
5499,2017-08-31,INFY,457.38,-0.098759
5500,2017-09-30,INFY,449.5,-0.017229
5501,2017-10-31,INFY,461.0,0.025584
5502,2017-11-30,INFY,486.5,0.055315
5503,2017-12-31,INFY,520.63,0.070154
5504,2018-01-31,INFY,573.73,0.101992
5505,2018-02-28,INFY,584.93,0.019521
5506,2018-03-31,INFY,570.35,-0.024926
5507,2018-04-30,INFY,599.98,0.051951
5508,2018-05-31,INFY,619.0,0.031701
5509,2018-06-30,INFY,655.5,0.058966
5510,2018-07-31,INFY,684.0,0.043478
5511,2018-08-31,INFY,720.0,0.052632
5512,2018-09-30,INFY,731.7,0.01625
5513,2018-10-31,INFY,685.95,-0.062526
5514,2018-11-30,INFY,670.0,-0.023252
5515,2018-12-31,INFY,659.5,-0.015672
5516,2019-01-31,INFY,750.0,0.137225
5517,2019-02-28,INFY,734.0,-0.021333
5518,2019-03-31,INFY,742.15,0.011104
5519,2019-04-30,INFY,748.85,0.009028
5520,2019-05-31,INFY,737.1,-0.015691
5521,2019-06-30,INFY,731.7,-0.007326
5522,2019-07-31,INFY,795.0,0.086511
5523,2019-08-31,INFY,814.75,0.024843
5524,2019-09-30,INFY,804.45,-0.012642
5525,2019-10-31,INFY,687.0,-0.146
5526,2019-11-30,INFY,696.0,0.0131
5527,2019-12-31,INFY,732.0,0.051724
5528,2020-01-31,INFY,777.7,0.062432
5529,2020-02-29,INFY,732.0,-0.058763
5530,2020-03-31,INFY,639.6,-0.12623
5531,2020-04-30,INFY,715.45,0.11859
5532,2020-05-31,INFY,692.0,-0.032777
5533,2020-06-30,INFY,733.7,0.06026
5534,2020-07-31,INFY,967.8,0.319068
5535,2020-08-31,INFY,918.65,-0.050785
5536,2020-09-30,INFY,1006.0,0.095085
5537,2020-10-31,INFY,1060.4,0.054076
5538,2020-11-30,INFY,1112.35,0.048991
5539,2020-12-31,INFY,1255.0,0.128242
5540,2021-01-31,INFY,1250.0,-0.003984
5541,2021-02-28,INFY,1254.0,0.0032
5542,2021-03-31,INFY,1367.3,0.090351
5543,2021-04-30,INFY,1348.0,-0.014115
5544,2021-05-31,INFY,1395.0,0.034866
5545,2021-06-30,INFY,1580.5,0.132975
5546,2021-07-31,INFY,1611.75,0.019772
5547,2021-08-31,INFY,1713.0,0.06282
5548,2021-09-30,INFY,1679.5,-0.019556
5549,2021-10-31,INFY,1671.0,-0.005061
5550,2021-11-30,INFY,1717.0,0.027528
5551,2021-12-31,INFY,1892.55,0.102242
5552,2022-01-31,INFY,1737.85,-0.081742
5553,2022-02-28,INFY,1719.0,-0.010847
5554,2022-03-31,INFY,1908.2,0.110064
5555,2022-04-30,INFY,1568.0,-0.178283
5556,2022-05-31,INFY,1510.0,-0.03699
5557,2022-06-30,INFY,1459.5,-0.033444
5558,2022-07-31,INFY,1545.95,0.059233
5559,2022-08-31,INFY,1489.9,-0.036256
5560,2022-09-30,INFY,1413.7,-0.051144
5561,2022-10-31,INFY,1539.25,0.08881
5562,2022-11-30,INFY,1639.0,0.064804
5563,2022-12-31,INFY,1508.6,-0.079561
5564,2023-01-31,INFY,1534.0,0.016837
5565,2023-02-28,INFY,1492.0,-0.027379
5566,2023-03-31,INFY,1425.7,-0.044437
5567,2023-04-30,INFY,1252.9,-0.121204
5568,2023-05-31,INFY,1315.5,0.049964
5569,2023-06-30,INFY,1337.85,0.01699
5570,2023-07-31,INFY,1354.8,0.01267
5571,2023-08-31,INFY,1436.5,0.060304
5572,2023-09-30,INFY,1429.5,-0.004873
5573,2023-10-31,INFY,1370.25,-0.041448
5574,2023-11-30,INFY,1453.25,0.060573
5575,2023-12-31,INFY,1542.65,0.061517
5576,2024-01-31,INFY,1660.05,0.076103
5577,2024-02-29,INFY,1674.25,0.008554
5578,2024-03-31,INFY,1495.25,-0.106914
5579,2024-04-30,INFY,1421.75,-0.049156
5580,2024-05-31,INFY,1407.0,-0.010375
5581,2024-06-30,INFY,1566.65,0.113468
5582,2024-07-31,INFY,1869.0,0.192991
5583,2024-08-31,INFY,1947.8,0.042162
5584,2024-09-30,INFY,1877.6,-0.036041
5585,2024-10-31,INFY,1762.95,-0.061062
5586,2024-11-30,INFY,1857.0,0.053348
5587,2024-12-31,INFY,1885.65,0.015428
5588,2025-01-31,INFY,1882.95,-0.001432
5589,2025-02-28,INFY,1693.0,-0.100879
5590,2025-03-31,INFY,1569.0,-0.073243
5591,2025-04-30,INFY,1491.5,-0.049395
5592,2025-05-31,INFY,1561.8,0.047134
5593,2025-06-30,INFY,1603.4,0.026636
5594,2025-07-31,INFY,1508.9,-0.058937
5595,2025-08-31,INFY,1436.7,-0.047849
10512,2015-03-31,IOC,46.35,
10513,2015-04-30,IOC,45.35,-0.021575
10514,2015-05-31,IOC,44.25,-0.024256
10515,2015-06-30,IOC,49.0,0.107345
10516,2015-07-31,IOC,57.4,0.171429
10517,2015-08-31,IOC,54.15,-0.05662
10518,2015-09-30,IOC,52.1,-0.037858
10519,2015-10-31,IOC,51.65,-0.008637
10520,2015-11-30,IOC,55.1,0.066796
10521,2015-12-31,IOC,56.4,0.023593
10522,2016-01-31,IOC,51.6,-0.085106
10523,2016-02-29,IOC,46.1,-0.106589
10524,2016-03-31,IOC,50.6,0.097614
10525,2016-04-30,IOC,57.05,0.12747
10526,2016-05-31,IOC,54.35,-0.047327
10527,2016-06-30,IOC,58.95,0.084637
10528,2016-07-31,IOC,75.7,0.284139
10529,2016-08-31,IOC,80.95,0.069353
10530,2016-09-30,IOC,82.5,0.019148
10531,2016-10-31,IOC,92.75,0.124242
10532,2016-11-30,IOC,87.35,-0.058221
10533,2016-12-31,IOC,92.65,0.060675
10534,2017-01-31,IOC,106.65,0.151106
10535,2017-02-28,IOC,113.35,0.062822
10536,2017-03-31,IOC,114.0,0.005734
10537,2017-04-30,IOC,131.95,0.157456
10538,2017-05-31,IOC,128.1,-0.029178
10539,2017-06-30,IOC,113.0,-0.117877
10540,2017-07-31,IOC,107.2,-0.051327
10541,2017-08-31,IOC,136.85,0.276586
10542,2017-09-30,IOC,118.35,-0.135185
10543,2017-10-31,IOC,123.5,0.043515
10544,2017-11-30,IOC,116.15,-0.059514
10545,2017-12-31,IOC,114.6,-0.013345
10546,2018-01-31,IOC,124.0,0.082024
10547,2018-02-28,IOC,110.95,-0.105242
10548,2018-03-31,IOC,102.75,-0.073907
10549,2018-04-30,IOC,93.1,-0.093917
10550,2018-05-31,IOC,101.2,0.087003
10551,2018-06-30,IOC,89.0,-0.120553
10552,2018-07-31,IOC,94.6,0.062921
10553,2018-08-31,IOC,88.65,-0.062896
10554,2018-09-30,IOC,87.65,-0.01128
10555,2018-10-31,IOC,76.95,-0.122076
10556,2018-11-30,IOC,75.0,-0.025341
10557,2018-12-31,IOC,76.45,0.019333
10558,2019-01-31,IOC,76.2,-0.00327
10559,2019-02-28,IOC,80.95,0.062336
10560,2019-03-31,IOC,93.55,0.155652
10561,2019-04-30,IOC,90.8,-0.029396
10562,2019-05-31,IOC,95.2,0.048458
10563,2019-06-30,IOC,88.85,-0.066702
10564,2019-07-31,IOC,77.5,-0.127743
10565,2019-08-31,IOC,66.45,-0.142581
10566,2019-09-30,IOC,83.3,0.253574
10567,2019-10-31,IOC,81.15,-0.02581
10568,2019-11-30,IOC,72.25,-0.109673
10569,2019-12-31,IOC,68.8,-0.047751
10570,2020-01-31,IOC,60.65,-0.118459
10571,2020-02-29,IOC,55.8,-0.079967
10572,2020-03-31,IOC,39.25,-0.296595
10573,2020-04-30,IOC,41.1,0.047134
10574,2020-05-31,IOC,40.65,-0.010949
10575,2020-06-30,IOC,42.05,0.03444
10576,2020-07-31,IOC,44.05,0.047562
10577,2020-08-31,IOC,42.05,-0.045403
10578,2020-09-30,IOC,34.25,-0.185493
10579,2020-10-31,IOC,37.9,0.106569
10580,2020-11-30,IOC,41.25,0.088391
10581,2020-12-31,IOC,45.65,0.106667
10582,2021-01-31,IOC,47.2,0.033954
10583,2021-02-28,IOC,50.25,0.064619
10584,2021-03-31,IOC,46.15,-0.081592
10585,2021-04-30,IOC,45.55,-0.013001
10586,2021-05-31,IOC,57.9,0.271131
10587,2021-06-30,IOC,56.95,-0.016408
10588,2021-07-31,IOC,53.95,-0.052678
10589,2021-08-31,IOC,58.95,0.092678
10590,2021-09-30,IOC,68.45,0.161154
10591,2021-10-31,IOC,70.35,0.027757
10592,2021-11-30,IOC,64.05,-0.089552
10593,2021-12-31,IOC,59.35,-0.07338
10594,2022-01-31,IOC,68.45,0.153328
10595,2022-02-28,IOC,61.7,-0.098612
10596,2022-03-31,IOC,64.45,0.044571
10597,2022-04-30,IOC,69.25,0.074476
10598,2022-05-31,IOC,62.45,-0.098195
10599,2022-06-30,IOC,59.2,-0.052042
10600,2022-07-31,IOC,57.7,-0.025338
10601,2022-08-31,IOC,56.55,-0.019931
10602,2022-09-30,IOC,51.9,-0.082228
10603,2022-10-31,IOC,53.3,0.026975
10604,2022-11-30,IOC,61.8,0.159475
10605,2022-12-31,IOC,61.45,-0.005663
10606,2023-01-31,IOC,66.9,0.08869
10607,2023-02-28,IOC,61.0,-0.088191
10608,2023-03-31,IOC,63.1,0.034426
10609,2023-04-30,IOC,66.3,0.050713
10610,2023-05-31,IOC,74.9,0.129713
10611,2023-06-30,IOC,76.25,0.018024
10612,2023-07-31,IOC,81.9,0.074098
10613,2023-08-31,IOC,77.15,-0.057998
10614,2023-09-30,IOC,78.95,0.023331
10615,2023-10-31,IOC,78.0,-0.012033
10616,2023-11-30,IOC,105.0,0.346154
10617,2023-12-31,IOC,122.95,0.170952
10618,2024-01-31,IOC,140.25,0.140708
10619,2024-02-29,IOC,160.05,0.141176
10620,2024-03-31,IOC,161.0,0.005936
10621,2024-04-30,IOC,161.95,0.005901
10622,2024-05-31,IOC,155.6,-0.03921
10623,2024-06-30,IOC,158.4,0.017995
10624,2024-07-31,IOC,181.85,0.148043
10625,2024-08-31,IOC,176.8,-0.02777
10626,2024-09-30,IOC,179.69,0.016346
10627,2024-10-31,IOC,142.83,-0.205131
10628,2024-11-30,IOC,138.7,-0.028915
10629,2024-12-31,IOC,136.44,-0.016294
10630,2025-01-31,IOC,128.85,-0.055629
10631,2025-02-28,IOC,113.92,-0.115871
10632,2025-03-31,IOC,127.75,0.121401
10633,2025-04-30,IOC,137.25,0.074364
10634,2025-05-31,IOC,141.98,0.034463
10635,2025-06-30,IOC,146.95,0.035005
10636,2025-07-31,IOC,145.32,-0.011092
10637,2025-08-31,IOC,142.27,-0.020988
-1,2021-01-31,IRFC,20.6379,
-1,2021-02-28,IRFC,20.5131,-0.006047
-1,2021-03-31,IRFC,19.862,-0.031741
-1,2021-04-30,IRFC,18.4742,-0.069872
-1,2021-05-31,IRFC,20.5992,0.115025
-1,2021-06-30,IRFC,21.5533,0.046317
-1,2021-07-31,IRFC,19.9487,-0.074448
-1,2021-08-31,IRFC,19.9053,-0.002176
-1,2021-09-30,IRFC,19.8186,-0.004356
-1,2021-10-31,IRFC,20.9895,0.059081
-1,2021-11-30,IRFC,20.1655,-0.039258
-1,2021-12-31,IRFC,20.4271,0.012973
-1,2022-01-31,IRFC,20.874,0.021878
-1,2022-02-28,IRFC,19.3096,-0.074945
-1,2022-03-31,IRFC,19.1755,-0.006945
-1,2022-04-30,IRFC,19.9354,0.039629
-1,2022-05-31,IRFC,18.952,-0.049329
-1,2022-06-30,IRFC,17.5664,-0.073111
-1,2022-07-31,IRFC,18.4156,0.048342
-1,2022-08-31,IRFC,19.1308,0.038837
-1,2022-09-30,IRFC,18.9967,-0.00701
-1,2022-10-31,IRFC,20.8224,0.096106
-1,2022-11-30,IRFC,30.1534,0.448123
-1,2022-12-31,IRFC,30.839,0.022737
-1,2023-01-31,IRFC,31.3127,0.01536
-1,2023-02-28,IRFC,25.5333,-0.18457
-1,2023-03-31,IRFC,25.2017,-0.012987
-1,2023-04-30,IRFC,30.081,0.19361
-1,2023-05-31,IRFC,30.5074,0.014175
-1,2023-06-30,IRFC,30.9811,0.015527
-1,2023-07-31,IRFC,36.192,0.168196
-1,2023-08-31,IRFC,47.5612,0.314136
-1,2023-09-30,IRFC,72.5261,0.524901
-1,2023-10-31,IRFC,69.3815,-0.043358
-1,2023-11-30,IRFC,71.3406,0.028237
-1,2023-12-31,IRFC,95.9748,0.345304
-1,2024-01-31,IRFC,169.1996,0.762959
-1,2024-02-29,IRFC,141.7645,-0.162146
-1,2024-03-31,IRFC,137.514,-0.029983
-1,2024-04-30,IRFC,151.9078,0.104672
-1,2024-05-31,IRFC,171.7596,0.130683
-1,2024-06-30,IRFC,167.9052,-0.022441
-1,2024-07-31,IRFC,187.0711,0.114147
-1,2024-08-31,IRFC,172.5518,-0.077614
-1,2024-09-30,IRFC,153.9247,-0.107951
-1,2024-10-31,IRFC,151.248,-0.01739
-1,2024-11-30,IRFC,144.828,-0.042447
-1,2024-12-31,IRFC,145.3258,0.003437
-1,2025-01-31,IRFC,147.1785,0.012749
-1,2025-02-28,IRFC,109.6184,-0.255201
-1,2025-03-31,IRFC,121.3194,0.106743
-1,2025-04-30,IRFC,122.1284,0.006668
-1,2025-05-31,IRFC,136.336,0.116333
-1,2025-06-30,IRFC,139.0538,0.019935
-1,2025-07-31,IRFC,125.9256,-0.094411
-1,2025-08-31,IRFC,115.888,-0.079711
-1,2006-01-31,ITC,28.0359,
-1,2006-02-28,ITC,31.2325,0.114018
-1,2006-03-31,ITC,35.3437,0.131632
-1,2006-04-30,ITC,36.9013,0.04407
-1,2006-05-31,ITC,29.9557,-0.188221
-1,2006-06-30,ITC,33.0346,0.102782
-1,2006-07-31,ITC,30.3179,-0.082238
-1,2006-08-31,ITC,35.2365,0.162234
-1,2006-09-30,ITC,34.5373,-0.019843
-1,2006-10-31,ITC,34.9605,0.012253
-1,2006-11-30,ITC,34.0589,-0.025789
-1,2006-12-31,ITC,32.4028,-0.048625
-1,2007-01-31,ITC,32.1268,-0.008518
-1,2007-02-28,ITC,31.5932,-0.016609
-1,2007-03-31,ITC,27.812,-0.119684
-1,2007-04-30,ITC,29.4496,0.058881
-1,2007-05-31,ITC,30.1396,0.02343
-1,2007-06-30,ITC,28.4652,-0.055555
-1,2007-07-31,ITC,31.4644,0.105364
-1,2007-08-31,ITC,32.0927,0.019969
-1,2007-09-30,ITC,35.6627,0.11124
-1,2007-10-31,ITC,33.6147,-0.057427
-1,2007-11-30,ITC,35.3903,0.052822
-1,2007-12-31,ITC,39.3549,0.112025
-1,2008-01-31,ITC,36.7431,-0.066365
-1,2008-02-29,ITC,38.096,0.036821
-1,2008-03-31,ITC,38.7536,0.017262
-1,2008-04-30,ITC,41.3184,0.066182
-1,2008-05-31,ITC,40.9144,-0.009778
-1,2008-06-30,ITC,35.2869,-0.137543
-1,2008-07-31,ITC,35.099,-0.005325
-1,2008-08-31,ITC,36.2779,0.033588
-1,2008-09-30,ITC,36.1529,-0.003446
-1,2008-10-31,ITC,29.8278,-0.174954
-1,2008-11-30,ITC,33.3749,0.118919
-1,2008-12-31,ITC,33.0096,-0.010945
-1,2009-01-31,ITC,34.6245,0.048922
-1,2009-02-28,ITC,35.1917,0.016381
-1,2009-03-31,ITC,35.5377,0.009832
-1,2009-04-30,ITC,36.2779,0.020829
-1,2009-05-31,ITC,35.307,-0.026763
-1,2009-06-30,ITC,36.672,0.038661
-1,2009-07-31,ITC,47.9091,0.306422
-1,2009-08-31,ITC,45.2257,-0.05601
-1,2009-09-30,ITC,45.6369,0.009092
-1,2009-10-31,ITC,49.8961,0.093328
-1,2009-11-30,ITC,50.3465,0.009027
-1,2009-12-31,ITC,49.1128,-0.024504
-1,2010-01-31,ITC,48.9855,-0.002592
-1,2010-02-28,ITC,45.4802,-0.071558
-1,2010-03-31,ITC,51.5116,0.132616
-1,2010-04-30,ITC,52.0599,0.010644
-1,2010-05-31,ITC,55.4575,0.065263
-1,2010-06-30,ITC,59.8146,0.078566
-1,2010-07-31,ITC,62.7088,0.048386
-1,2010-08-31,ITC,66.2733,0.056842
-1,2010-09-30,ITC,72.4274,0.092859
-1,2010-10-31,ITC,69.5433,-0.039821
-1,2010-11-30,ITC,69.8276,0.004088
-1,2010-12-31,ITC,70.9447,0.015998
-1,2011-01-31,ITC,66.0499,-0.068995
-1,2011-02-28,ITC,68.6496,0.03936
-1,2011-03-31,ITC,73.971,0.077515
-1,2011-04-30,ITC,78.1347,0.056288
-1,2011-05-31,ITC,78.5409,0.005199
-1,2011-06-30,ITC,82.4405,0.049651
-1,2011-07-31,ITC,86.6885,0.051528
-1,2011-08-31,ITC,83.2143,-0.040077
-1,2011-09-30,ITC,82.3821,-0.010001
-1,2011-10-31,ITC,88.6856,0.076515
-1,2011-11-30,ITC,83.5055,-0.05841
-1,2011-12-31,ITC,83.7552,0.00299
-1,2012-01-31,ITC,84.8578,0.013165
-1,2012-02-29,ITC,86.3972,0.018141
-1,2012-03-31,ITC,94.4066,0.092704
-1,2012-04-30,ITC,102.1456,0.081975
-1,2012-05-31,ITC,95.426,-0.065785
-1,2012-06-30,ITC,107.7209,0.128842
-1,2012-07-31,ITC,109.5491,0.016972
-1,2012-08-31,ITC,113.5806,0.036801
-1,2012-09-30,ITC,115.5963,0.017747
-1,2012-10-31,ITC,119.9036,0.037262
-1,2012-11-30,ITC,126.6722,0.05645
-1,2012-12-31,ITC,121.7071,-0.039196
-1,2013-01-31,ITC,130.5551,0.072699
-1,2013-02-28,ITC,125.102,-0.041769
-1,2013-03-31,ITC,131.3189,0.049695
-1,2013-04-30,ITC,139.5515,0.062692
-1,2013-05-31,ITC,144.2408,0.033603
-1,2013-06-30,ITC,139.7932,-0.030835
-1,2013-07-31,ITC,147.2709,0.053491
-1,2013-08-31,ITC,133.0481,-0.096576
-1,2013-09-30,ITC,146.7106,0.102688
-1,2013-10-31,ITC,144.3832,-0.015864
-1,2013-11-30,ITC,138.0907,-0.043582
-1,2013-12-31,ITC,138.7157,0.004526
-1,2014-01-31,ITC,140.1164,0.010098
-1,2014-02-28,ITC,141.2154,0.007843
-1,2014-03-31,ITC,152.0765,0.076912
-1,2014-04-30,ITC,146.8615,-0.034292
-1,2014-05-31,ITC,147.2924,0.002934
-1,2014-06-30,ITC,140.0948,-0.048866
-1,2014-07-31,ITC,156.3496,0.116027
-1,2014-08-31,ITC,156.0202,-0.002107
-1,2014-09-30,ITC,162.5632,0.041937
-1,2014-10-31,ITC,155.9763,-0.040519
-1,2014-11-30,ITC,159.4673,0.022382
-1,2014-12-31,ITC,161.9044,0.015283
-1,2015-01-31,ITC,161.8386,-0.000406
-1,2015-02-28,ITC,172.8825,0.06824
9606,2015-03-31,ITC,187.7,0.085709
9607,2015-04-30,ITC,141.5511,-0.245865
9608,2015-05-31,ITC,189.2,0.33662
9609,2015-06-30,ITC,182.7,-0.034355
9610,2015-07-31,ITC,187.85,0.028188
9611,2015-08-31,ITC,187.6,-0.001331
9612,2015-09-30,ITC,189.55,0.010394
9613,2015-10-31,ITC,192.65,0.016355
9614,2015-11-30,ITC,199.5,0.035557
9615,2015-12-31,ITC,189.5,-0.050125
9616,2016-01-31,ITC,183.05,-0.034037
9617,2016-02-29,ITC,170.55,-0.068287
9618,2016-03-31,ITC,188.95,0.107886
9619,2016-04-30,ITC,187.75,-0.006351
9620,2016-05-31,ITC,202.95,0.080959
9621,2016-06-30,ITC,212.75,0.048288
9622,2016-07-31,ITC,218.8,0.028437
9623,2016-08-31,ITC,225.6,0.031079
9624,2016-09-30,ITC,209.5,-0.071365
9625,2016-10-31,ITC,208.85,-0.003103
9626,2016-11-30,ITC,199.95,-0.042614
9627,2016-12-31,ITC,208.4,0.042261
9628,2017-01-31,ITC,223.35,0.071737
9629,2017-02-28,ITC,226.1,0.012313
9630,2017-03-31,ITC,242.8,0.073861
9631,2017-04-30,ITC,240.05,-0.011326
9632,2017-05-31,ITC,270.35,0.126224
9633,2017-06-30,ITC,279.35,0.03329
9634,2017-07-31,ITC,246.7,-0.116878
9635,2017-08-31,ITC,244.35,-0.009526
9636,2017-09-30,ITC,223.05,-0.08717
9637,2017-10-31,ITC,229.95,0.030935
9638,2017-11-30,ITC,221.35,-0.037399
9639,2017-12-31,ITC,227.7,0.028688
9640,2018-01-31,ITC,234.7,0.030742
9641,2018-02-28,ITC,229.15,-0.023647
9642,2018-03-31,ITC,220.7,-0.036875
9643,2018-04-30,ITC,244.1,0.106026
9644,2018-05-31,ITC,233.5,-0.043425
9645,2018-06-30,ITC,229.2,-0.018415
9646,2018-07-31,ITC,257.35,0.122818
9647,2018-08-31,ITC,276.4,0.074024
9648,2018-09-30,ITC,258.5,-0.064761
9649,2018-10-31,ITC,241.15,-0.067118
9650,2018-11-30,ITC,247.25,0.025295
9651,2018-12-31,ITC,243.55,-0.014965
9652,2019-01-31,ITC,240.65,-0.011907
9653,2019-02-28,ITC,239.15,-0.006233
9654,2019-03-31,ITC,256.5,0.072549
9655,2019-04-30,ITC,260.75,0.016569
9656,2019-05-31,ITC,240.9,-0.076127
9657,2019-06-30,ITC,236.8,-0.01702
9658,2019-07-31,ITC,234.2,-0.01098
9659,2019-08-31,ITC,212.35,-0.093296
9660,2019-09-30,ITC,224.05,0.055098
9661,2019-10-31,ITC,223.3,-0.003347
9662,2019-11-30,ITC,212.7,-0.04747
9663,2019-12-31,ITC,205.65,-0.033145
9664,2020-01-31,ITC,203.4,-0.010941
9665,2020-02-29,ITC,170.2,-0.163225
9666,2020-03-31,ITC,146.95,-0.136604
9667,2020-04-30,ITC,156.75,0.066689
9668,2020-05-31,ITC,170.45,0.0874
9669,2020-06-30,ITC,168.85,-0.009387
9670,2020-07-31,ITC,167.9,-0.005626
9671,2020-08-31,ITC,165.1,-0.016677
9672,2020-09-30,ITC,148.7,-0.099334
9673,2020-10-31,ITC,143.05,-0.037996
9674,2020-11-30,ITC,167.35,0.169871
9675,2020-12-31,ITC,180.85,0.080669
9676,2021-01-31,ITC,175.75,-0.0282
9677,2021-02-28,ITC,176.15,0.002276
9678,2021-03-31,ITC,188.4,0.069543
9679,2021-04-30,ITC,175.15,-0.070329
9680,2021-05-31,ITC,187.7,0.071653
9681,2021-06-30,ITC,175.3,-0.066063
9682,2021-07-31,ITC,177.3,0.011409
9683,2021-08-31,ITC,182.5,0.029329
9684,2021-09-30,ITC,203.95,0.117534
9685,2021-10-31,ITC,193.25,-0.052464
9686,2021-11-30,ITC,191.75,-0.007762
9687,2021-12-31,ITC,188.55,-0.016688
9688,2022-01-31,ITC,190.3,0.009281
9689,2022-02-28,ITC,186.75,-0.018655
9690,2022-03-31,ITC,216.85,0.161178
9691,2022-04-30,ITC,224.45,0.035047
9692,2022-05-31,ITC,234.7,0.045667
9693,2022-06-30,ITC,235.7,0.004261
9694,2022-07-31,ITC,262.9,0.115401
9695,2022-08-31,ITC,277.35,0.054964
9696,2022-09-30,ITC,287.3,0.035875
9697,2022-10-31,ITC,301.85,0.050644
9698,2022-11-30,ITC,294.35,-0.024847
9699,2022-12-31,ITC,286.3,-0.027348
9700,2023-01-31,ITC,304.8,0.064618
9701,2023-02-28,ITC,325.95,0.06939
9702,2023-03-31,ITC,331.45,0.016874
9703,2023-04-30,ITC,368.6,0.112083
9704,2023-05-31,ITC,385.75,0.046527
9705,2023-06-30,ITC,390.5,0.012314
9706,2023-07-31,ITC,402.4,0.030474
9707,2023-08-31,ITC,380.1,-0.055417
9708,2023-09-30,ITC,383.6,0.009208
9709,2023-10-31,ITC,370.6,-0.033889
9710,2023-11-30,ITC,377.75,0.019293
9711,2023-12-31,ITC,399.6,0.057842
9712,2024-01-31,ITC,382.05,-0.043919
9713,2024-02-29,ITC,351.95,-0.078785
9714,2024-03-31,ITC,371.05,0.054269
9715,2024-04-30,ITC,376.55,0.014823
9716,2024-05-31,ITC,369.3,-0.019254
9717,2024-06-30,ITC,367.55,-0.004739
9718,2024-07-31,ITC,428.55,0.165964
9719,2024-08-31,ITC,435.9,0.017151
9720,2024-09-30,ITC,448.25,0.028332
9721,2024-10-31,ITC,423.15,-0.055996
9722,2024-11-30,ITC,412.55,-0.02505
9723,2024-12-31,ITC,419.0,0.015634
9724,2025-01-31,ITC,447.7,0.068496
9725,2025-02-28,ITC,395.5,-0.116596
9726,2025-03-31,ITC,410.25,0.037295
9727,2025-04-30,ITC,425.0,0.035954
9728,2025-05-31,ITC,418.75,-0.014706
9729,2025-06-30,ITC,416.45,-0.005493
9730,2025-07-31,ITC,411.7,-0.011406
9731,2025-08-31,ITC,412.0,0.000729
-1,2006-01-31,JETAIRWAYS,980.0673,
-1,2006-02-28,JETAIRWAYS,964.7268,-0.015652
-1,2006-03-31,JETAIRWAYS,966.3002,0.001631
-1,2006-04-30,JETAIRWAYS,947.6655,-0.019285
-1,2006-05-31,JETAIRWAYS,726.3108,-0.233579
-1,2006-06-30,JETAIRWAYS,579.9375,-0.20153
-1,2006-07-31,JETAIRWAYS,498.8593,-0.139805
-1,2006-08-31,JETAIRWAYS,527.3768,0.057165
-1,2006-09-30,JETAIRWAYS,636.6774,0.207253
-1,2006-10-31,JETAIRWAYS,591.8463,-0.070414
-1,2006-11-30,JETAIRWAYS,669.3351,0.130927
-1,2006-12-31,JETAIRWAYS,613.3047,-0.083711
-1,2007-01-31,JETAIRWAYS,758.348,0.236495
-1,2007-02-28,JETAIRWAYS,593.7834,-0.217004
-1,2007-03-31,JETAIRWAYS,629.0508,0.059394
-1,2007-04-30,JETAIRWAYS,713.0468,0.133528
-1,2007-05-31,JETAIRWAYS,764.3087,0.071891
-1,2007-06-30,JETAIRWAYS,813.236,0.064015
-1,2007-07-31,JETAIRWAYS,727.8989,-0.104935
-1,2007-08-31,JETAIRWAYS,803.0034,0.10318
-1,2007-09-30,JETAIRWAYS,900.8083,0.121799
-1,2007-10-31,JETAIRWAYS,875.7,-0.027873
-1,2007-11-30,JETAIRWAYS,829.75,-0.052472
-1,2007-12-31,JETAIRWAYS,996.25,0.200663
-1,2008-01-31,JETAIRWAYS,728.3,-0.268959
-1,2008-02-29,JETAIRWAYS,739.85,0.015859
-1,2008-03-31,JETAIRWAYS,557.05,-0.247077
-1,2008-04-30,JETAIRWAYS,552.8,-0.007629
-1,2008-05-31,JETAIRWAYS,539.8,-0.023517
-1,2008-06-30,JETAIRWAYS,429.15,-0.204983
-1,2008-07-31,JETAIRWAYS,466.8,0.087732
-1,2008-08-31,JETAIRWAYS,474.95,0.017459
-1,2008-09-30,JETAIRWAYS,400.25,-0.15728
-1,2008-10-31,JETAIRWAYS,155.1,-0.612492
-1,2008-11-30,JETAIRWAYS,129.5,-0.165055
-1,2008-12-31,JETAIRWAYS,202.95,0.567181
-1,2009-01-31,JETAIRWAYS,178.7,-0.119488
-1,2009-02-28,JETAIRWAYS,141.6,-0.207611
-1,2009-03-31,JETAIRWAYS,169.35,0.195975
-1,2009-04-30,JETAIRWAYS,193.75,0.14408
-1,2009-05-31,JETAIRWAYS,304.0,0.569032
-1,2009-06-30,JETAIRWAYS,225.35,-0.258717
-1,2009-07-31,JETAIRWAYS,257.45,0.142445
-1,2009-08-31,JETAIRWAYS,263.25,0.022529
-1,2009-09-30,JETAIRWAYS,329.4,0.251282
-1,2009-10-31,JETAIRWAYS,380.15,0.154068
-1,2009-11-30,JETAIRWAYS,452.35,0.189925
-1,2009-12-31,JETAIRWAYS,553.55,0.223721
-1,2010-01-31,JETAIRWAYS,514.15,-0.071177
-1,2010-02-28,JETAIRWAYS,403.5,-0.21521
-1,2010-03-31,JETAIRWAYS,480.2,0.190087
-1,2010-04-30,JETAIRWAYS,537.2,0.118701
-1,2010-05-31,JETAIRWAYS,511.6,-0.047655
-1,2010-06-30,JETAIRWAYS,529.7,0.035379
-1,2010-07-31,JETAIRWAYS,681.0,0.285633
-1,2010-08-31,JETAIRWAYS,721.3,0.059178
-1,2010-09-30,JETAIRWAYS,814.6,0.12935
-1,2010-10-31,JETAIRWAYS,809.9,-0.00577
-1,2010-11-30,JETAIRWAYS,805.35,-0.005618
-1,2010-12-31,JETAIRWAYS,765.3,-0.04973
-1,2011-01-31,JETAIRWAYS,554.1,-0.27597
-1,2011-02-28,JETAIRWAYS,417.0,-0.247428
-1,2011-03-31,JETAIRWAYS,447.1,0.072182
-1,2011-04-30,JETAIRWAYS,477.85,0.068777
-1,2011-05-31,JETAIRWAYS,446.65,-0.065292
-1,2011-06-30,JETAIRWAYS,479.35,0.073212
-1,2011-07-31,JETAIRWAYS,446.0,-0.069573
-1,2011-08-31,JETAIRWAYS,274.2,-0.385202
-1,2011-09-30,JETAIRWAYS,235.05,-0.142779
-1,2011-10-31,JETAIRWAYS,257.55,0.095724
-1,2011-11-30,JETAIRWAYS,255.3,-0.008736
-1,2011-12-31,JETAIRWAYS,170.05,-0.333921
-1,2012-01-31,JETAIRWAYS,250.25,0.471626
-1,2012-02-29,JETAIRWAYS,307.75,0.22977
-1,2012-03-31,JETAIRWAYS,327.2,0.063201
-1,2012-04-30,JETAIRWAYS,336.15,0.027353
-1,2012-05-31,JETAIRWAYS,315.1,-0.062621
-1,2012-06-30,JETAIRWAYS,383.35,0.216598
-1,2012-07-31,JETAIRWAYS,354.55,-0.075127
-1,2012-08-31,JETAIRWAYS,352.45,-0.005923
-1,2012-09-30,JETAIRWAYS,345.0,-0.021138
-1,2012-10-31,JETAIRWAYS,335.6,-0.027246
-1,2012-11-30,JETAIRWAYS,527.05,0.570471
-1,2012-12-31,JETAIRWAYS,559.3,0.06119
-1,2013-01-31,JETAIRWAYS,621.3,0.110853
-1,2013-02-28,JETAIRWAYS,539.1,-0.132303
-1,2013-03-31,JETAIRWAYS,517.9,-0.039325
-1,2013-04-30,JETAIRWAYS,621.15,0.199363
-1,2013-05-31,JETAIRWAYS,491.75,-0.208323
-1,2013-06-30,JETAIRWAYS,450.05,-0.084799
-1,2013-07-31,JETAIRWAYS,353.6,-0.21431
-1,2013-08-31,JETAIRWAYS,292.3,-0.17336
-1,2013-09-30,JETAIRWAYS,359.15,0.228703
-1,2013-10-31,JETAIRWAYS,340.75,-0.051232
-1,2013-11-30,JETAIRWAYS,302.95,-0.110932
-1,2013-12-31,JETAIRWAYS,291.9,-0.036475
-1,2014-01-31,JETAIRWAYS,236.9,-0.188421
-1,2014-02-28,JETAIRWAYS,217.15,-0.083369
-1,2014-03-31,JETAIRWAYS,248.25,0.143219
-1,2014-04-30,JETAIRWAYS,250.85,0.010473
-1,2014-05-31,JETAIRWAYS,241.2,-0.038469
-1,2014-06-30,JETAIRWAYS,254.2,0.053897
-1,2014-07-31,JETAIRWAYS,245.75,-0.033242
-1,2014-08-31,JETAIRWAYS,222.2,-0.095829
-1,2014-09-30,JETAIRWAYS,208.75,-0.060531
-1,2014-10-31,JETAIRWAYS,232.2,0.112335
-1,2014-11-30,JETAIRWAYS,322.65,0.389535
-1,2014-12-31,JETAIRWAYS,384.5,0.191694
-1,2015-01-31,JETAIRWAYS,514.4,0.337841
-1,2015-02-28,JETAIRWAYS,441.15,-0.142399
-1,2015-03-31,JETAIRWAYS,488.65,0.107673
11862,2015-04-30,JETAIRWAYS,379.3,-0.22378
11863,2015-05-31,JETAIRWAYS,384.5,0.013709
11864,2015-06-30,JETAIRWAYS,281.75,-0.26723
11865,2015-07-31,JETAIRWAYS,400.15,0.420231
11866,2015-08-31,JETAIRWAYS,338.05,-0.155192
11867,2015-09-30,JETAIRWAYS,324.35,-0.040527
11868,2015-10-31,JETAIRWAYS,437.45,0.348697
11869,2015-11-30,JETAIRWAYS,514.8,0.17682
11870,2015-12-31,JETAIRWAYS,702.85,0.365287
11871,2016-01-31,JETAIRWAYS,602.6,-0.142634
11872,2016-02-29,JETAIRWAYS,491.5,-0.184368
11873,2016-03-31,JETAIRWAYS,547.3,0.11353
11874,2016-04-30,JETAIRWAYS,617.45,0.128175
11875,2016-05-31,JETAIRWAYS,588.0,-0.047696
11876,2016-06-30,JETAIRWAYS,555.75,-0.054847
11877,2016-07-31,JETAIRWAYS,620.6,0.116689
11878,2016-08-31,JETAIRWAYS,539.05,-0.131405
11879,2016-09-30,JETAIRWAYS,476.25,-0.116501
11880,2016-10-31,JETAIRWAYS,468.55,-0.016168
11881,2016-11-30,JETAIRWAYS,397.15,-0.152385
11882,2016-12-31,JETAIRWAYS,347.6,-0.124764
11883,2017-01-31,JETAIRWAYS,402.95,0.159235
11884,2017-02-28,JETAIRWAYS,446.4,0.10783
11885,2017-03-31,JETAIRWAYS,525.9,0.178091
11886,2017-04-30,JETAIRWAYS,519.1,-0.01293
11887,2017-05-31,JETAIRWAYS,477.9,-0.079368
11888,2017-06-30,JETAIRWAYS,564.05,0.180268
11889,2017-07-31,JETAIRWAYS,596.7,0.057885
11890,2017-08-31,JETAIRWAYS,578.5,-0.030501
11891,2017-09-30,JETAIRWAYS,481.85,-0.16707
11892,2017-10-31,JETAIRWAYS,583.65,0.211269
11893,2017-11-30,JETAIRWAYS,679.7,0.164568
11894,2017-12-31,JETAIRWAYS,831.95,0.223996
11895,2018-01-31,JETAIRWAYS,753.65,-0.094116
11896,2018-02-28,JETAIRWAYS,746.1,-0.010018
11897,2018-03-31,JETAIRWAYS,608.75,-0.184091
11898,2018-04-30,JETAIRWAYS,643.25,0.056674
11899,2018-05-31,JETAIRWAYS,412.85,-0.358181
11900,2018-06-30,JETAIRWAYS,346.9,-0.159743
11901,2018-07-31,JETAIRWAYS,309.0,-0.109253
11902,2018-08-31,JETAIRWAYS,282.55,-0.085599
11903,2018-09-30,JETAIRWAYS,180.1,-0.362591
11904,2018-10-31,JETAIRWAYS,221.9,0.232093
11905,2018-11-30,JETAIRWAYS,305.7,0.377648
11906,2018-12-31,JETAIRWAYS,277.45,-0.092411
11907,2019-01-31,JETAIRWAYS,238.05,-0.142008
11908,2019-02-28,JETAIRWAYS,223.5,-0.061122
11909,2019-03-31,JETAIRWAYS,268.8,0.202685
11910,2019-04-30,JETAIRWAYS,153.35,-0.429501
11911,2019-05-31,JETAIRWAYS,146.2,-0.046625
11912,2019-06-30,JETAIRWAYS,67.85,-0.53591
11913,2019-07-31,JETAIRWAYS,33.5,-0.506264
11914,2019-08-31,JETAIRWAYS,39.8,0.18806
11915,2019-09-30,JETAIRWAYS,28.1,-0.29397
11916,2019-10-31,JETAIRWAYS,22.6,-0.19573
11917,2019-11-30,JETAIRWAYS,22.3,-0.013274
11918,2019-12-31,JETAIRWAYS,29.05,0.302691
11919,2020-01-31,JETAIRWAYS,29.55,0.017212
11920,2020-02-29,JETAIRWAYS,25.1,-0.150592
11921,2020-03-31,JETAIRWAYS,13.65,-0.456175
11922,2020-04-30,JETAIRWAYS,19.85,0.454212
11923,2020-05-31,JETAIRWAYS,21.85,0.100756
11924,2020-06-30,JETAIRWAYS,30.85,0.411899
11925,2020-07-31,JETAIRWAYS,29.55,-0.042139
11926,2020-08-31,JETAIRWAYS,28.75,-0.027073
11927,2020-09-30,JETAIRWAYS,28.55,-0.006957
11928,2020-10-31,JETAIRWAYS,65.25,1.285464
11929,2020-11-30,JETAIRWAYS,68.95,0.056705
11930,2020-12-31,JETAIRWAYS,120.95,0.75417
11931,2021-01-31,JETAIRWAYS,79.15,-0.345597
11932,2021-02-28,JETAIRWAYS,135.15,0.707517
11933,2021-03-31,JETAIRWAYS,95.45,-0.293748
11934,2021-04-30,JETAIRWAYS,93.8,-0.017287
11935,2021-05-31,JETAIRWAYS,100.5,0.071429
11936,2021-06-30,JETAIRWAYS,133.1,0.324378
11937,2021-07-31,JETAIRWAYS,86.45,-0.350488
11938,2021-08-31,JETAIRWAYS,74.15,-0.142279
11939,2021-09-30,JETAIRWAYS,101.75,0.372218
11940,2021-10-31,JETAIRWAYS,93.55,-0.08059
11941,2021-11-30,JETAIRWAYS,83.6,-0.10636
11942,2021-12-31,JETAIRWAYS,89.65,0.072368
11943,2022-01-31,JETAIRWAYS,89.0,-0.00725
-1,2006-01-31,JINDALSTEL,49.5164,
-1,2006-02-28,JINDALSTEL,48.6789,-0.016914
-1,2006-03-31,JINDALSTEL,60.3725,0.240219
-1,2006-04-30,JINDALSTEL,58.7739,-0.026479
-1,2006-05-31,JINDALSTEL,57.5478,-0.020861
-1,2006-06-30,JINDALSTEL,44.6297,-0.224476
-1,2006-07-31,JINDALSTEL,47.3987,0.062044
-1,2006-08-31,JINDALSTEL,47.1965,-0.004266
-1,2006-09-30,JINDALSTEL,54.5193,0.155156
-1,2006-10-31,JINDALSTEL,57.8492,0.061077
-1,2006-11-30,JINDALSTEL,69.0807,0.194151
-1,2006-12-31,JINDALSTEL,72.8651,0.054782
-1,2007-01-31,JINDALSTEL,74.8294,0.026958
-1,2007-02-28,JINDALSTEL,74.6788,-0.002013
-1,2007-03-31,JINDALSTEL,76.3644,0.022571
-1,2007-04-30,JINDALSTEL,93.0413,0.218386
-1,2007-05-31,JINDALSTEL,102.9761,0.106778
-1,2007-06-30,JINDALSTEL,111.1893,0.079758
-1,2007-07-31,JINDALSTEL,134.8555,0.212846
-1,2007-08-31,JINDALSTEL,126.3243,-0.063262
-1,2007-09-30,JINDALSTEL,166.5695,0.318586
-1,2007-10-31,JINDALSTEL,382.6251,1.29709
-1,2007-11-30,JINDALSTEL,435.7593,0.138868
-1,2007-12-31,JINDALSTEL,495.9957,0.138233
-1,2008-01-31,JINDALSTEL,371.3105,-0.251384
-1,2008-02-29,JINDALSTEL,371.2863,-6.5e-05
-1,2008-03-31,JINDALSTEL,333.6534,-0.101358
-1,2008-04-30,JINDALSTEL,386.7881,0.159251
-1,2008-05-31,JINDALSTEL,377.0767,-0.025108
-1,2008-06-30,JINDALSTEL,282.3159,-0.251304
-1,2008-07-31,JINDALSTEL,334.6286,0.185298
-1,2008-08-31,JINDALSTEL,307.3157,-0.081622
-1,2008-09-30,JINDALSTEL,204.7778,-0.333657
-1,2008-10-31,JINDALSTEL,127.941,-0.37522
-1,2008-11-30,JINDALSTEL,116.0355,-0.093055
-1,2008-12-31,JINDALSTEL,147.1026,0.267738
-1,2009-01-31,JINDALSTEL,166.7163,0.133333
-1,2009-02-28,JINDALSTEL,168.3629,0.009877
-1,2009-03-31,JINDALSTEL,194.6113,0.155904
-1,2009-04-30,JINDALSTEL,264.7444,0.360375
-1,2009-05-31,JINDALSTEL,337.4522,0.274634
-1,2009-06-30,JINDALSTEL,402.0886,0.191542
-1,2009-07-31,JINDALSTEL,474.3848,0.179802
-1,2009-08-31,JINDALSTEL,505.6376,0.065881
-1,2009-09-30,JINDALSTEL,568.5547,0.124431
-1,2009-10-31,JINDALSTEL,622.3574,0.094631
-1,2009-11-30,JINDALSTEL,667.7125,0.072876
-1,2009-12-31,JINDALSTEL,682.3132,0.021867
-1,2010-01-31,JINDALSTEL,609.2119,-0.107137
-1,2010-02-28,JINDALSTEL,613.529,0.007086
-1,2010-03-31,JINDALSTEL,682.1193,0.111796
-1,2010-04-30,JINDALSTEL,721.2653,0.057389
-1,2010-05-31,JINDALSTEL,634.5815,-0.120183
-1,2010-06-30,JINDALSTEL,605.8647,-0.045253
-1,2010-07-31,JINDALSTEL,603.8759,-0.003283
-1,2010-08-31,JINDALSTEL,663.8318,0.099285
-1,2010-09-30,JINDALSTEL,686.1454,0.033613
-1,2010-10-31,JINDALSTEL,677.9201,-0.011988
-1,2010-11-30,JINDALSTEL,618.7825,-0.087234
-1,2010-12-31,JINDALSTEL,692.0121,0.118345
-1,2011-01-31,JINDALSTEL,644.5854,-0.068534
-1,2011-02-28,JINDALSTEL,639.2401,-0.008293
-1,2011-03-31,JINDALSTEL,677.6772,0.060129
-1,2011-04-30,JINDALSTEL,636.3246,-0.061021
-1,2011-05-31,JINDALSTEL,630.9308,-0.008476
-1,2011-06-30,JINDALSTEL,633.895,0.004698
-1,2011-07-31,JINDALSTEL,571.3072,-0.098735
-1,2011-08-31,JINDALSTEL,506.2414,-0.113889
-1,2011-09-30,JINDALSTEL,491.7606,-0.028605
-1,2011-10-31,JINDALSTEL,548.2415,0.114854
-1,2011-11-30,JINDALSTEL,490.5473,-0.105235
-1,2011-12-31,JINDALSTEL,441.6241,-0.099732
-1,2012-01-31,JINDALSTEL,527.9706,0.19552
-1,2012-02-29,JINDALSTEL,567.9278,0.075681
-1,2012-03-31,JINDALSTEL,531.2841,-0.064522
-1,2012-04-30,JINDALSTEL,491.1807,-0.075484
-1,2012-05-31,JINDALSTEL,429.1497,-0.12629
-1,2012-06-30,JINDALSTEL,458.3867,0.068128
-1,2012-07-31,JINDALSTEL,388.5103,-0.15244
-1,2012-08-31,JINDALSTEL,343.1931,-0.116643
-1,2012-09-30,JINDALSTEL,416.2855,0.212977
-1,2012-10-31,JINDALSTEL,378.4724,-0.090835
-1,2012-11-30,JINDALSTEL,392.7984,0.037852
-1,2012-12-31,JINDALSTEL,436.4589,0.111152
-1,2013-01-31,JINDALSTEL,409.5122,-0.061739
-1,2013-02-28,JINDALSTEL,340.0257,-0.169681
-1,2013-03-31,JINDALSTEL,338.905,-0.003296
-1,2013-04-30,JINDALSTEL,296.8038,-0.124227
-1,2013-05-31,JINDALSTEL,277.215,-0.065999
-1,2013-06-30,JINDALSTEL,211.9191,-0.235542
-1,2013-07-31,JINDALSTEL,194.7181,-0.081168
-1,2013-08-31,JINDALSTEL,216.2072,0.11036
-1,2013-09-30,JINDALSTEL,229.5101,0.061528
-1,2013-10-31,JINDALSTEL,235.3271,0.025345
-1,2013-11-30,JINDALSTEL,253.2821,0.076298
-1,2013-12-31,JINDALSTEL,256.0783,0.01104
-1,2014-01-31,JINDALSTEL,245.5801,-0.040996
-1,2014-02-28,JINDALSTEL,234.8365,-0.043748
-1,2014-03-31,JINDALSTEL,286.9352,0.221851
-1,2014-04-30,JINDALSTEL,250.4367,-0.127201
-1,2014-05-31,JINDALSTEL,292.1353,0.166504
-1,2014-06-30,JINDALSTEL,316.4677,0.083292
-1,2014-07-31,JINDALSTEL,269.6181,-0.148039
-1,2014-08-31,JINDALSTEL,229.753,-0.147858
-1,2014-09-30,JINDALSTEL,170.3919,-0.258369
-1,2014-10-31,JINDALSTEL,159.5452,-0.063657
-1,2014-11-30,JINDALSTEL,138.7393,-0.130408
-1,2014-12-31,JINDALSTEL,149.7339,0.079246
-1,2015-01-31,JINDALSTEL,156.4391,0.044781
-1,2015-02-28,JINDALSTEL,191.1486,0.221872
5091,2015-03-31,JINDALSTEL,155.9,-0.184404
5092,2015-04-30,JINDALSTEL,139.65,-0.104233
5093,2015-05-31,JINDALSTEL,118.8,-0.149302
5094,2015-06-30,JINDALSTEL,85.55,-0.279882
5095,2015-07-31,JINDALSTEL,78.3,-0.084746
5096,2015-08-31,JINDALSTEL,69.0,-0.118774
5097,2015-09-30,JINDALSTEL,60.6,-0.121739
5098,2015-10-31,JINDALSTEL,79.5,0.311881
5099,2015-11-30,JINDALSTEL,90.85,0.142767
5100,2015-12-31,JINDALSTEL,96.55,0.062741
5101,2016-01-31,JINDALSTEL,64.0,-0.337131
5102,2016-02-29,JINDALSTEL,53.15,-0.169531
5103,2016-03-31,JINDALSTEL,60.5,0.138288
5104,2016-04-30,JINDALSTEL,69.35,0.146281
5105,2016-05-31,JINDALSTEL,63.1,-0.090123
5106,2016-06-30,JINDALSTEL,68.05,0.078447
5107,2016-07-31,JINDALSTEL,83.6,0.228508
5108,2016-08-31,JINDALSTEL,85.35,0.020933
5109,2016-09-30,JINDALSTEL,76.35,-0.105448
5110,2016-10-31,JINDALSTEL,75.25,-0.014407
5111,2016-11-30,JINDALSTEL,70.45,-0.063787
5112,2016-12-31,JINDALSTEL,68.85,-0.022711
5113,2017-01-31,JINDALSTEL,80.05,0.162672
5114,2017-02-28,JINDALSTEL,125.3,0.565272
5115,2017-03-31,JINDALSTEL,121.05,-0.033919
5116,2017-04-30,JINDALSTEL,113.9,-0.059067
5117,2017-05-31,JINDALSTEL,121.4,0.065847
5118,2017-06-30,JINDALSTEL,123.1,0.014003
5119,2017-07-31,JINDALSTEL,152.95,0.242486
5120,2017-08-31,JINDALSTEL,137.1,-0.103629
5121,2017-09-30,JINDALSTEL,135.15,-0.014223
5122,2017-10-31,JINDALSTEL,163.45,0.209397
5123,2017-11-30,JINDALSTEL,171.5,0.049251
5124,2017-12-31,JINDALSTEL,205.0,0.195335
5125,2018-01-31,JINDALSTEL,265.45,0.294878
5126,2018-02-28,JINDALSTEL,253.65,-0.044453
5127,2018-03-31,JINDALSTEL,218.4,-0.138971
5128,2018-04-30,JINDALSTEL,251.5,0.151557
5129,2018-05-31,JINDALSTEL,228.65,-0.090855
5130,2018-06-30,JINDALSTEL,222.6,-0.02646
5131,2018-07-31,JINDALSTEL,204.45,-0.081536
5132,2018-08-31,JINDALSTEL,219.95,0.075813
5133,2018-09-30,JINDALSTEL,195.75,-0.110025
5134,2018-10-31,JINDALSTEL,170.5,-0.128991
5135,2018-11-30,JINDALSTEL,154.3,-0.095015
5136,2018-12-31,JINDALSTEL,164.75,0.067725
5137,2019-01-31,JINDALSTEL,135.0,-0.180577
5138,2019-02-28,JINDALSTEL,156.9,0.162222
5139,2019-03-31,JINDALSTEL,179.85,0.146272
5140,2019-04-30,JINDALSTEL,178.15,-0.009452
5141,2019-05-31,JINDALSTEL,159.6,-0.104126
5142,2019-06-30,JINDALSTEL,142.0,-0.110276
5143,2019-07-31,JINDALSTEL,134.65,-0.051761
5144,2019-08-31,JINDALSTEL,96.95,-0.279985
5145,2019-09-30,JINDALSTEL,103.6,0.068592
5146,2019-10-31,JINDALSTEL,115.75,0.117278
5147,2019-11-30,JINDALSTEL,160.6,0.387473
5148,2019-12-31,JINDALSTEL,167.55,0.043275
5149,2020-01-31,JINDALSTEL,177.0,0.056401
5150,2020-02-29,JINDALSTEL,152.5,-0.138418
5151,2020-03-31,JINDALSTEL,82.45,-0.459344
5152,2020-04-30,JINDALSTEL,94.6,0.147362
5153,2020-05-31,JINDALSTEL,121.2,0.281184
5154,2020-06-30,JINDALSTEL,161.5,0.332508
5155,2020-07-31,JINDALSTEL,185.0,0.145511
5156,2020-08-31,JINDALSTEL,203.95,0.102432
5157,2020-09-30,JINDALSTEL,185.45,-0.090709
5158,2020-10-31,JINDALSTEL,191.1,0.030466
5159,2020-11-30,JINDALSTEL,243.8,0.275772
5160,2020-12-31,JINDALSTEL,266.5,0.093109
5161,2021-01-31,JINDALSTEL,259.6,-0.025891
5162,2021-02-28,JINDALSTEL,336.0,0.294299
5163,2021-03-31,JINDALSTEL,344.4,0.025
5164,2021-04-30,JINDALSTEL,439.9,0.277294
5165,2021-05-31,JINDALSTEL,408.0,-0.072516
5166,2021-06-30,JINDALSTEL,397.8,-0.025
5167,2021-07-31,JINDALSTEL,431.85,0.085596
5168,2021-08-31,JINDALSTEL,376.9,-0.127243
5169,2021-09-30,JINDALSTEL,388.5,0.030777
5170,2021-10-31,JINDALSTEL,417.0,0.073359
5171,2021-11-30,JINDALSTEL,343.8,-0.17554
5172,2021-12-31,JINDALSTEL,377.5,0.098022
5173,2022-01-31,JINDALSTEL,385.8,0.021987
5174,2022-02-28,JINDALSTEL,423.65,0.098108
5175,2022-03-31,JINDALSTEL,530.1,0.251269
5176,2022-04-30,JINDALSTEL,540.8,0.020185
5177,2022-05-31,JINDALSTEL,378.95,-0.299279
5178,2022-06-30,JINDALSTEL,326.2,-0.1392
5179,2022-07-31,JINDALSTEL,388.35,0.190527
5180,2022-08-31,JINDALSTEL,432.0,0.112399
5181,2022-09-30,JINDALSTEL,428.2,-0.008796
5182,2022-10-31,JINDALSTEL,461.0,0.0766
5183,2022-11-30,JINDALSTEL,536.15,0.163015
5184,2022-12-31,JINDALSTEL,583.45,0.088222
5185,2023-01-31,JINDALSTEL,585.0,0.002657
5186,2023-02-28,JINDALSTEL,549.5,-0.060684
5187,2023-03-31,JINDALSTEL,544.55,-0.009008
5188,2023-04-30,JINDALSTEL,582.0,0.068772
5189,2023-05-31,JINDALSTEL,516.9,-0.111856
5190,2023-06-30,JINDALSTEL,581.0,0.124009
5191,2023-07-31,JINDALSTEL,668.1,0.149914
5192,2023-08-31,JINDALSTEL,684.75,0.024921
5193,2023-09-30,JINDALSTEL,702.0,0.025192
5194,2023-10-31,JINDALSTEL,633.8,-0.097151
5195,2023-11-30,JINDALSTEL,669.6,0.056485
5196,2023-12-31,JINDALSTEL,745.4,0.113202
5197,2024-01-31,JINDALSTEL,755.35,0.013349
5198,2024-02-29,JINDALSTEL,776.0,0.027338
5199,2024-03-31,JINDALSTEL,851.1,0.096778
5200,2024-04-30,JINDALSTEL,929.0,0.091529
5201,2024-05-31,JINDALSTEL,1029.0,0.107643
5202,2024-06-30,JINDALSTEL,1044.1,0.014674
5203,2024-07-31,JINDALSTEL,989.0,-0.052773
5204,2024-08-31,JINDALSTEL,967.9,-0.021335
5205,2024-09-30,JINDALSTEL,1038.0,0.072425
5206,2024-10-31,JINDALSTEL,919.0,-0.114644
5207,2024-11-30,JINDALSTEL,907.0,-0.013058
5208,2024-12-31,JINDALSTEL,930.6,0.02602
5209,2025-01-31,JINDALSTEL,787.7,-0.153557
5210,2025-02-28,JINDALSTEL,850.8,0.080107
5211,2025-03-31,JINDALSTEL,910.0,0.069582
5212,2025-04-30,JINDALSTEL,890.0,-0.021978
5213,2025-05-31,JINDALSTEL,945.05,0.061854
5214,2025-06-30,JINDALSTEL,939.35,-0.006031
5215,2025-07-31,JINDALSTEL,965.1,0.027413
5216,2025-08-31,JINDALSTEL,985.9,0.021552
7990,2023-09-30,JIOFIN,231.0,
7991,2023-10-31,JIOFIN,218.2,-0.055411
7992,2023-11-30,JIOFIN,230.6,0.056829
7993,2023-12-31,JIOFIN,233.0,0.010408
7994,2024-01-31,JIOFIN,248.5,0.066524
7995,2024-02-29,JIOFIN,310.6,0.249899
7996,2024-03-31,JIOFIN,353.9,0.139408
7997,2024-04-30,JIOFIN,375.75,0.061741
7998,2024-05-31,JIOFIN,345.0,-0.081836
7999,2024-06-30,JIOFIN,357.9,0.037391
8000,2024-07-31,JIOFIN,328.3,-0.082705
8001,2024-08-31,JIOFIN,322.4,-0.017971
8002,2024-09-30,JIOFIN,350.5,0.087159
8003,2024-10-31,JIOFIN,322.0,-0.081312
8004,2024-11-30,JIOFIN,328.35,0.01972
8005,2024-12-31,JIOFIN,298.9,-0.089691
8006,2025-01-31,JIOFIN,243.25,-0.186183
8007,2025-02-28,JIOFIN,208.29,-0.14372
8008,2025-03-31,JIOFIN,227.0,0.089827
8009,2025-04-30,JIOFIN,259.08,0.141322
8010,2025-05-31,JIOFIN,286.5,0.105836
8011,2025-06-30,JIOFIN,327.45,0.142932
8012,2025-07-31,JIOFIN,328.8,0.004123
8013,2025-08-31,JIOFIN,326.55,-0.006843
-1,2006-01-31,JPASSOCIAT,51.3524,
-1,2006-02-28,JPASSOCIAT,55.8619,0.087815
-1,2006-03-31,JPASSOCIAT,59.0129,0.056407
-1,2006-04-30,JPASSOCIAT,14.5515,-0.753418
-1,2006-05-31,JPASSOCIAT,55.0748,2.784819
-1,2006-06-30,JPASSOCIAT,49.5888,-0.09961
-1,2006-07-31,JPASSOCIAT,46.4954,-0.062381
-1,2006-08-31,JPASSOCIAT,54.6834,0.176103
-1,2006-09-30,JPASSOCIAT,60.0369,0.0979
-1,2006-10-31,JPASSOCIAT,73.5341,0.224815
-1,2006-11-30,JPASSOCIAT,83.9102,0.141106
-1,2006-12-31,JPASSOCIAT,91.8984,0.095199
-1,2007-01-31,JPASSOCIAT,88.4072,-0.03799
-1,2007-02-28,JPASSOCIAT,69.2284,-0.216937
-1,2007-03-31,JPASSOCIAT,68.3975,-0.012002
-1,2007-04-30,JPASSOCIAT,76.6935,0.121291
-1,2007-05-31,JPASSOCIAT,87.7168,0.143732
-1,2007-06-30,JPASSOCIAT,93.9958,0.071583
-1,2007-07-31,JPASSOCIAT,106.2622,0.130499
-1,2007-08-31,JPASSOCIAT,115.8382,0.090117
-1,2007-09-30,JPASSOCIAT,139.4404,0.203751
-1,2007-10-31,JPASSOCIAT,185.7317,0.331979
-1,2007-11-30,JPASSOCIAT,231.3163,0.245433
-1,2007-12-31,JPASSOCIAT,271.9477,0.175653
-1,2008-01-31,JPASSOCIAT,230.6606,-0.15182
-1,2008-02-29,JPASSOCIAT,167.412,-0.274206
-1,2008-03-31,JPASSOCIAT,144.347,-0.137774
-1,2008-04-30,JPASSOCIAT,173.1145,0.199294
-1,2008-05-31,JPASSOCIAT,135.841,-0.215311
-1,2008-06-30,JPASSOCIAT,91.8138,-0.324108
-1,2008-07-31,JPASSOCIAT,100.0967,0.090214
-1,2008-08-31,JPASSOCIAT,104.5887,0.044877
-1,2008-09-30,JPASSOCIAT,70.9844,-0.3213
-1,2008-10-31,JPASSOCIAT,45.9179,-0.353127
-1,2008-11-30,JPASSOCIAT,35.8372,-0.219537
-1,2008-12-31,JPASSOCIAT,53.2741,0.486559
-1,2009-01-31,JPASSOCIAT,48.9711,-0.080771
-1,2009-02-28,JPASSOCIAT,42.3881,-0.134426
-1,2009-03-31,JPASSOCIAT,54.0127,0.274242
-1,2009-04-30,JPASSOCIAT,89.1756,0.651012
-1,2009-05-31,JPASSOCIAT,133.6509,0.498738
-1,2009-06-30,JPASSOCIAT,131.7224,-0.014429
-1,2009-07-31,JPASSOCIAT,154.9902,0.176643
-1,2009-08-31,JPASSOCIAT,146.2688,-0.056271
-1,2009-09-30,JPASSOCIAT,152.8662,0.045105
-1,2009-10-31,JPASSOCIAT,135.5051,-0.113571
-1,2009-11-30,JPASSOCIAT,146.2425,0.07924
-1,2009-12-31,JPASSOCIAT,142.3489,-0.026624
-1,2010-01-31,JPASSOCIAT,133.5763,-0.061627
-1,2010-02-28,JPASSOCIAT,128.0995,-0.041001
-1,2010-03-31,JPASSOCIAT,144.9662,0.131669
-1,2010-04-30,JPASSOCIAT,143.1244,-0.012705
-1,2010-05-31,JPASSOCIAT,120.7809,-0.156112
-1,2010-06-30,JPASSOCIAT,124.6098,0.031701
-1,2010-07-31,JPASSOCIAT,114.4801,-0.081291
-1,2010-08-31,JPASSOCIAT,105.7075,-0.07663
-1,2010-09-30,JPASSOCIAT,117.0974,0.107749
-1,2010-10-31,JPASSOCIAT,117.0649,-0.000278
-1,2010-11-30,JPASSOCIAT,107.2325,-0.083991
-1,2010-12-31,JPASSOCIAT,103.0463,-0.039039
-1,2011-01-31,JPASSOCIAT,80.9476,-0.214454
-1,2011-02-28,JPASSOCIAT,75.1552,-0.071557
-1,2011-03-31,JPASSOCIAT,90.7659,0.207713
-1,2011-04-30,JPASSOCIAT,90.5703,-0.002155
-1,2011-05-31,JPASSOCIAT,84.6529,-0.065335
-1,2011-06-30,JPASSOCIAT,79.1756,-0.064703
-1,2011-07-31,JPASSOCIAT,65.1402,-0.177269
-1,2011-08-31,JPASSOCIAT,60.0053,-0.078828
-1,2011-09-30,JPASSOCIAT,71.1554,0.185819
-1,2011-10-31,JPASSOCIAT,76.1937,0.070807
-1,2011-11-30,JPASSOCIAT,61.0927,-0.198192
-1,2011-12-31,JPASSOCIAT,51.5501,-0.156199
-1,2012-01-31,JPASSOCIAT,68.717,0.333014
-1,2012-02-29,JPASSOCIAT,74.8165,0.088763
-1,2012-03-31,JPASSOCIAT,80.3748,0.074292
-1,2012-04-30,JPASSOCIAT,73.5375,-0.085068
-1,2012-05-31,JPASSOCIAT,61.1419,-0.168562
-1,2012-06-30,JPASSOCIAT,72.3078,0.182623
-1,2012-07-31,JPASSOCIAT,72.2094,-0.001361
-1,2012-08-31,JPASSOCIAT,63.503,-0.120572
-1,2012-09-30,JPASSOCIAT,80.9159,0.274206
-1,2012-10-31,JPASSOCIAT,86.4869,0.068849
-1,2012-11-30,JPASSOCIAT,95.1999,0.100744
-1,2012-12-31,JPASSOCIAT,95.9425,0.0078
-1,2013-01-31,JPASSOCIAT,86.0908,-0.102683
-1,2013-02-28,JPASSOCIAT,68.8627,-0.200115
-1,2013-03-31,JPASSOCIAT,64.8033,-0.058949
-1,2013-04-30,JPASSOCIAT,74.5064,0.149732
-1,2013-05-31,JPASSOCIAT,65.0013,-0.127574
-1,2013-06-30,JPASSOCIAT,53.0704,-0.183549
-1,2013-07-31,JPASSOCIAT,35.7928,-0.32556
-1,2013-08-31,JPASSOCIAT,33.1,-0.075233
-1,2013-09-30,JPASSOCIAT,34.9,0.054381
-1,2013-10-31,JPASSOCIAT,47.65,0.36533
-1,2013-11-30,JPASSOCIAT,53.9,0.131165
-1,2013-12-31,JPASSOCIAT,54.45,0.010204
-1,2014-01-31,JPASSOCIAT,40.25,-0.26079
-1,2014-02-28,JPASSOCIAT,41.9,0.040994
-1,2014-03-31,JPASSOCIAT,53.7,0.281623
-1,2014-04-30,JPASSOCIAT,53.85,0.002793
-1,2014-05-31,JPASSOCIAT,73.05,0.356546
-1,2014-06-30,JPASSOCIAT,77.2,0.05681
-1,2014-07-31,JPASSOCIAT,58.45,-0.242876
-1,2014-08-31,JPASSOCIAT,46.5,-0.204448
-1,2014-09-30,JPASSOCIAT,26.45,-0.431183
-1,2014-10-31,JPASSOCIAT,31.15,0.177694
-1,2014-11-30,JPASSOCIAT,28.85,-0.073836
-1,2014-12-31,JPASSOCIAT,25.1,-0.129983
-1,2015-01-31,JPASSOCIAT,28.55,0.13745
-1,2015-02-28,JPASSOCIAT,25.9,-0.09282
-1,2015-03-31,JPASSOCIAT,24.8,-0.042471
13494,2015-04-30,JPASSOCIAT,20.6,-0.169355
13495,2015-05-31,JPASSOCIAT,18.0,-0.126214
13496,2015-06-30,JPASSOCIAT,11.15,-0.380556
13497,2015-07-31,JPASSOCIAT,9.6,-0.139013
13498,2015-08-31,JPASSOCIAT,9.65,0.005208
13499,2015-09-30,JPASSOCIAT,11.3,0.170984
13500,2015-10-31,JPASSOCIAT,13.5,0.19469
13501,2015-11-30,JPASSOCIAT,12.9,-0.044444
13502,2015-12-31,JPASSOCIAT,11.9,-0.077519
13503,2016-01-31,JPASSOCIAT,8.9,-0.252101
13504,2016-02-29,JPASSOCIAT,7.05,-0.207865
13505,2016-03-31,JPASSOCIAT,7.7,0.092199
13506,2016-04-30,JPASSOCIAT,7.5,-0.025974
13507,2016-05-31,JPASSOCIAT,5.5,-0.266667
13508,2016-06-30,JPASSOCIAT,8.85,0.609091
13509,2016-07-31,JPASSOCIAT,12.1,0.367232
13510,2016-08-31,JPASSOCIAT,11.65,-0.03719
13511,2016-09-30,JPASSOCIAT,10.5,-0.098712
13512,2016-10-31,JPASSOCIAT,11.2,0.066667
13513,2016-11-30,JPASSOCIAT,8.1,-0.276786
13514,2016-12-31,JPASSOCIAT,8.05,-0.006173
13515,2017-01-31,JPASSOCIAT,11.4,0.416149
13516,2017-02-28,JPASSOCIAT,16.45,0.442982
13517,2017-03-31,JPASSOCIAT,13.75,-0.164134
13518,2017-04-30,JPASSOCIAT,13.65,-0.007273
13519,2017-05-31,JPASSOCIAT,12.05,-0.117216
13520,2017-06-30,JPASSOCIAT,21.8,0.809129
13521,2017-07-31,JPASSOCIAT,29.4,0.348624
13522,2017-08-31,JPASSOCIAT,23.9,-0.187075
13523,2017-09-30,JPASSOCIAT,17.95,-0.248954
13524,2017-10-31,JPASSOCIAT,18.5,0.030641
13525,2017-11-30,JPASSOCIAT,18.1,-0.021622
13526,2017-12-31,JPASSOCIAT,26.0,0.436464
13527,2018-01-31,JPASSOCIAT,20.3,-0.219231
13528,2018-02-28,JPASSOCIAT,17.7,-0.128079
13529,2018-03-31,JPASSOCIAT,18.9,0.067797
13530,2018-04-30,JPASSOCIAT,19.9,0.05291
13531,2018-05-31,JPASSOCIAT,15.15,-0.238693
13532,2018-06-30,JPASSOCIAT,16.05,0.059406
13533,2018-07-31,JPASSOCIAT,14.75,-0.080997
13534,2018-08-31,JPASSOCIAT,11.95,-0.189831
13535,2018-09-30,JPASSOCIAT,6.6,-0.447699
13536,2018-10-31,JPASSOCIAT,6.4,-0.030303
13537,2018-11-30,JPASSOCIAT,6.9,0.078125
13538,2018-12-31,JPASSOCIAT,7.7,0.115942
13539,2019-01-31,JPASSOCIAT,6.5,-0.155844
13540,2019-02-28,JPASSOCIAT,6.15,-0.053846
13541,2019-03-31,JPASSOCIAT,5.45,-0.113821
13542,2019-04-30,JPASSOCIAT,5.4,-0.009174
13543,2019-05-31,JPASSOCIAT,4.85,-0.101852
13544,2019-06-30,JPASSOCIAT,3.05,-0.371134
13545,2019-07-31,JPASSOCIAT,2.2,-0.278689
13546,2019-08-31,JPASSOCIAT,2.15,-0.022727
13547,2019-09-30,JPASSOCIAT,2.25,0.046512
13548,2019-10-31,JPASSOCIAT,2.2,-0.022222
13549,2019-11-30,JPASSOCIAT,2.35,0.068182
13550,2019-12-31,JPASSOCIAT,1.95,-0.170213
13551,2020-01-31,JPASSOCIAT,1.9,-0.025641
13552,2020-02-29,JPASSOCIAT,1.9,0.0
13553,2020-03-31,JPASSOCIAT,1.05,-0.447368
13554,2020-04-30,JPASSOCIAT,1.65,0.571429
13555,2020-05-31,JPASSOCIAT,1.4,-0.151515
13556,2020-06-30,JPASSOCIAT,2.6,0.857143
13557,2020-07-31,JPASSOCIAT,3.3,0.269231
13558,2020-08-31,JPASSOCIAT,3.7,0.121212
13559,2020-09-30,JPASSOCIAT,3.1,-0.162162
13560,2020-10-31,JPASSOCIAT,3.85,0.241935
13561,2020-11-30,JPASSOCIAT,3.7,-0.038961
13562,2020-12-31,JPASSOCIAT,7.4,1.0
13563,2021-01-31,JPASSOCIAT,6.95,-0.060811
13564,2021-02-28,JPASSOCIAT,8.45,0.215827
13565,2021-03-31,JPASSOCIAT,6.9,-0.183432
13566,2021-04-30,JPASSOCIAT,7.1,0.028986
13567,2021-05-31,JPASSOCIAT,8.85,0.246479
13568,2021-06-30,JPASSOCIAT,12.55,0.418079
13569,2021-07-31,JPASSOCIAT,11.95,-0.047809
13570,2021-08-31,JPASSOCIAT,7.9,-0.338912
13571,2021-09-30,JPASSOCIAT,8.8,0.113924
13572,2021-10-31,JPASSOCIAT,8.4,-0.045455
13573,2021-11-30,JPASSOCIAT,10.25,0.220238
13574,2021-12-31,JPASSOCIAT,9.95,-0.029268
13575,2022-01-31,JPASSOCIAT,12.45,0.251256
9480,2015-03-31,JSWENERGY,120.0,
9481,2015-04-30,JSWENERGY,114.0,-0.05
9482,2015-05-31,JSWENERGY,112.05,-0.017105
9483,2015-06-30,JSWENERGY,98.25,-0.123159
9484,2015-07-31,JSWENERGY,84.05,-0.144529
9485,2015-08-31,JSWENERGY,75.55,-0.10113
9486,2015-09-30,JSWENERGY,94.15,0.246195
9487,2015-10-31,JSWENERGY,93.5,-0.006904
9488,2015-11-30,JSWENERGY,85.75,-0.082888
9489,2015-12-31,JSWENERGY,85.15,-0.006997
9490,2016-01-31,JSWENERGY,76.8,-0.098062
9491,2016-02-29,JSWENERGY,61.85,-0.194661
9492,2016-03-31,JSWENERGY,69.5,0.123686
9493,2016-04-30,JSWENERGY,67.55,-0.028058
9494,2016-05-31,JSWENERGY,71.05,0.051813
9495,2016-06-30,JSWENERGY,83.7,0.178044
9496,2016-07-31,JSWENERGY,82.85,-0.010155
9497,2016-08-31,JSWENERGY,77.5,-0.064575
9498,2016-09-30,JSWENERGY,73.5,-0.051613
9499,2016-10-31,JSWENERGY,65.8,-0.104762
9500,2016-11-30,JSWENERGY,59.6,-0.094225
9501,2016-12-31,JSWENERGY,60.7,0.018456
9502,2017-01-31,JSWENERGY,60.8,0.001647
9503,2017-02-28,JSWENERGY,65.3,0.074013
9504,2017-03-31,JSWENERGY,62.6,-0.041348
9505,2017-04-30,JSWENERGY,67.2,0.073482
9506,2017-05-31,JSWENERGY,63.4,-0.056548
9507,2017-06-30,JSWENERGY,63.9,0.007886
9508,2017-07-31,JSWENERGY,69.95,0.094679
9509,2017-08-31,JSWENERGY,67.65,-0.032881
9510,2017-09-30,JSWENERGY,74.65,0.103474
9511,2017-10-31,JSWENERGY,85.1,0.139987
9512,2017-11-30,JSWENERGY,84.1,-0.011751
9513,2017-12-31,JSWENERGY,92.5,0.099881
9514,2018-01-31,JSWENERGY,87.05,-0.058919
9515,2018-02-28,JSWENERGY,80.6,-0.074095
9516,2018-03-31,JSWENERGY,72.95,-0.094913
9517,2018-04-30,JSWENERGY,85.5,0.172036
9518,2018-05-31,JSWENERGY,81.0,-0.052632
9519,2018-06-30,JSWENERGY,65.2,-0.195062
9520,2018-07-31,JSWENERGY,66.35,0.017638
9521,2018-08-31,JSWENERGY,72.95,0.099472
9522,2018-09-30,JSWENERGY,61.15,-0.161755
9523,2018-10-31,JSWENERGY,64.1,0.048242
9524,2018-11-30,JSWENERGY,68.25,0.064743
9525,2018-12-31,JSWENERGY,68.75,0.007326
9526,2019-01-31,JSWENERGY,66.75,-0.029091
9527,2019-02-28,JSWENERGY,64.65,-0.031461
9528,2019-03-31,JSWENERGY,72.7,0.124517
9529,2019-04-30,JSWENERGY,69.6,-0.042641
9530,2019-05-31,JSWENERGY,73.05,0.049569
9531,2019-06-30,JSWENERGY,66.7,-0.086927
9532,2019-07-31,JSWENERGY,68.05,0.02024
9533,2019-08-31,JSWENERGY,66.75,-0.019104
9534,2019-09-30,JSWENERGY,65.0,-0.026217
9535,2019-10-31,JSWENERGY,68.05,0.046923
9536,2019-11-30,JSWENERGY,74.0,0.087436
9537,2019-12-31,JSWENERGY,69.1,-0.066216
9538,2020-01-31,JSWENERGY,62.95,-0.089001
9539,2020-02-29,JSWENERGY,56.0,-0.110405
9540,2020-03-31,JSWENERGY,42.7,-0.2375
9541,2020-04-30,JSWENERGY,44.6,0.044496
9542,2020-05-31,JSWENERGY,40.25,-0.097534
9543,2020-06-30,JSWENERGY,46.95,0.16646
9544,2020-07-31,JSWENERGY,45.95,-0.021299
9545,2020-08-31,JSWENERGY,54.5,0.186072
9546,2020-09-30,JSWENERGY,56.3,0.033028
9547,2020-10-31,JSWENERGY,60.05,0.066607
9548,2020-11-30,JSWENERGY,61.9,0.030808
9549,2020-12-31,JSWENERGY,67.85,0.096123
9550,2021-01-31,JSWENERGY,71.3,0.050847
9551,2021-02-28,JSWENERGY,71.9,0.008415
9552,2021-03-31,JSWENERGY,87.65,0.219054
9553,2021-04-30,JSWENERGY,109.95,0.254421
9554,2021-05-31,JSWENERGY,117.45,0.068213
9555,2021-06-30,JSWENERGY,168.5,0.434653
9556,2021-07-31,JSWENERGY,253.0,0.501484
9557,2021-08-31,JSWENERGY,264.8,0.04664
9558,2021-09-30,JSWENERGY,392.0,0.480363
9559,2021-10-31,JSWENERGY,343.6,-0.123469
9560,2021-11-30,JSWENERGY,298.0,-0.132712
9561,2021-12-31,JSWENERGY,303.0,0.016779
9562,2022-01-31,JSWENERGY,305.05,0.006766
9563,2022-02-28,JSWENERGY,341.0,0.11785
9564,2022-03-31,JSWENERGY,301.5,-0.115836
9565,2022-04-30,JSWENERGY,319.0,0.058043
9566,2022-05-31,JSWENERGY,276.6,-0.132915
9567,2022-06-30,JSWENERGY,208.0,-0.248012
9568,2022-07-31,JSWENERGY,239.0,0.149038
9569,2022-08-31,JSWENERGY,341.25,0.427824
9570,2022-09-30,JSWENERGY,299.3,-0.12293
9571,2022-10-31,JSWENERGY,337.0,0.125961
9572,2022-11-30,JSWENERGY,307.0,-0.089021
9573,2022-12-31,JSWENERGY,288.8,-0.059283
9574,2023-01-31,JSWENERGY,238.0,-0.1759
9575,2023-02-28,JSWENERGY,234.5,-0.014706
9576,2023-03-31,JSWENERGY,238.95,0.018977
9577,2023-04-30,JSWENERGY,259.25,0.084955
9578,2023-05-31,JSWENERGY,254.9,-0.016779
9579,2023-06-30,JSWENERGY,272.6,0.069439
9580,2023-07-31,JSWENERGY,288.0,0.056493
9581,2023-08-31,JSWENERGY,350.3,0.216319
9582,2023-09-30,JSWENERGY,436.9,0.247217
9583,2023-10-31,JSWENERGY,385.0,-0.118791
9584,2023-11-30,JSWENERGY,408.3,0.060519
9585,2023-12-31,JSWENERGY,409.0,0.001714
9586,2024-01-31,JSWENERGY,503.5,0.231051
9587,2024-02-29,JSWENERGY,510.05,0.013009
9588,2024-03-31,JSWENERGY,527.05,0.03333
9589,2024-04-30,JSWENERGY,630.0,0.195333
9590,2024-05-31,JSWENERGY,616.05,-0.022143
9591,2024-06-30,JSWENERGY,731.5,0.187404
9592,2024-07-31,JSWENERGY,727.9,-0.004921
9593,2024-08-31,JSWENERGY,712.25,-0.0215
9594,2024-09-30,JSWENERGY,733.0,0.029133
9595,2024-10-31,JSWENERGY,679.8,-0.072578
9596,2024-11-30,JSWENERGY,654.8,-0.036776
9597,2024-12-31,JSWENERGY,641.9,-0.019701
9598,2025-01-31,JSWENERGY,509.9,-0.20564
9599,2025-02-28,JSWENERGY,462.7,-0.092567
9600,2025-03-31,JSWENERGY,536.85,0.160255
9601,2025-04-30,JSWENERGY,477.4,-0.110739
9602,2025-05-31,JSWENERGY,488.4,0.023041
9603,2025-06-30,JSWENERGY,521.9,0.068591
9604,2025-07-31,JSWENERGY,517.75,-0.007952
9605,2025-08-31,JSWENERGY,534.05,0.031482
504,2015-03-31,JSWSTEEL,90.51,
505,2015-04-30,JSWSTEEL,93.1,0.028616
506,2015-05-31,JSWSTEEL,91.6,-0.016112
507,2015-06-30,JSWSTEEL,87.75,-0.042031
508,2015-07-31,JSWSTEEL,83.04,-0.053675
509,2015-08-31,JSWSTEEL,91.53,0.10224
510,2015-09-30,JSWSTEEL,87.68,-0.042063
511,2015-10-31,JSWSTEEL,91.0,0.037865
512,2015-11-30,JSWSTEEL,90.55,-0.004945
513,2015-12-31,JSWSTEEL,103.12,0.138818
514,2016-01-31,JSWSTEEL,105.74,0.025407
515,2016-02-29,JSWSTEEL,112.71,0.065916
516,2016-03-31,JSWSTEEL,127.83,0.13415
517,2016-04-30,JSWSTEEL,137.14,0.072831
518,2016-05-31,JSWSTEEL,138.9,0.012834
519,2016-06-30,JSWSTEEL,146.9,0.057595
520,2016-07-31,JSWSTEEL,167.3,0.13887
521,2016-08-31,JSWSTEEL,174.92,0.045547
522,2016-09-30,JSWSTEEL,173.7,-0.006975
523,2016-10-31,JSWSTEEL,165.2,-0.048935
524,2016-11-30,JSWSTEEL,171.8,0.039952
525,2016-12-31,JSWSTEEL,162.06,-0.056694
526,2017-01-31,JSWSTEEL,198.0,0.22177
527,2017-02-28,JSWSTEEL,187.0,-0.055556
528,2017-03-31,JSWSTEEL,187.9,0.004813
529,2017-04-30,JSWSTEEL,199.35,0.060937
530,2017-05-31,JSWSTEEL,194.1,-0.026336
531,2017-06-30,JSWSTEEL,203.1,0.046368
532,2017-07-31,JSWSTEEL,221.0,0.088134
533,2017-08-31,JSWSTEEL,254.0,0.149321
534,2017-09-30,JSWSTEEL,249.4,-0.01811
535,2017-10-31,JSWSTEEL,259.4,0.040096
536,2017-11-30,JSWSTEEL,254.8,-0.017733
537,2017-12-31,JSWSTEEL,270.45,0.061421
538,2018-01-31,JSWSTEEL,293.1,0.083749
539,2018-02-28,JSWSTEEL,311.5,0.062777
540,2018-03-31,JSWSTEEL,287.4,-0.077368
541,2018-04-30,JSWSTEEL,325.0,0.130828
542,2018-05-31,JSWSTEEL,331.65,0.020462
543,2018-06-30,JSWSTEEL,326.7,-0.014925
544,2018-07-31,JSWSTEEL,328.75,0.006275
545,2018-08-31,JSWSTEEL,397.4,0.208821
546,2018-09-30,JSWSTEEL,378.8,-0.046804
547,2018-10-31,JSWSTEEL,338.8,-0.105597
548,2018-11-30,JSWSTEEL,315.0,-0.070248
549,2018-12-31,JSWSTEEL,307.5,-0.02381
550,2019-01-31,JSWSTEEL,275.0,-0.105691
551,2019-02-28,JSWSTEEL,281.2,0.022545
552,2019-03-31,JSWSTEEL,293.05,0.042141
553,2019-04-30,JSWSTEEL,309.7,0.056816
554,2019-05-31,JSWSTEEL,271.0,-0.12496
555,2019-06-30,JSWSTEEL,276.65,0.020849
556,2019-07-31,JSWSTEEL,236.9,-0.143683
557,2019-08-31,JSWSTEEL,218.0,-0.07978
558,2019-09-30,JSWSTEEL,228.7,0.049083
559,2019-10-31,JSWSTEEL,227.7,-0.004373
560,2019-11-30,JSWSTEEL,261.6,0.14888
561,2019-12-31,JSWSTEEL,270.0,0.03211
562,2020-01-31,JSWSTEEL,250.5,-0.072222
563,2020-02-29,JSWSTEEL,233.5,-0.067864
564,2020-03-31,JSWSTEEL,145.7,-0.376017
565,2020-04-30,JSWSTEEL,182.0,0.249142
566,2020-05-31,JSWSTEEL,183.95,0.010714
567,2020-06-30,JSWSTEEL,189.1,0.027997
568,2020-07-31,JSWSTEEL,220.45,0.165785
569,2020-08-31,JSWSTEEL,269.0,0.220231
570,2020-09-30,JSWSTEEL,275.8,0.025279
571,2020-10-31,JSWSTEEL,308.2,0.117476
572,2020-11-30,JSWSTEEL,349.85,0.13514
573,2020-12-31,JSWSTEEL,386.0,0.10333
574,2021-01-31,JSWSTEEL,365.3,-0.053627
575,2021-02-28,JSWSTEEL,395.55,0.082809
576,2021-03-31,JSWSTEEL,469.5,0.186955
577,2021-04-30,JSWSTEEL,713.7,0.520128
578,2021-05-31,JSWSTEEL,713.1,-0.000841
579,2021-06-30,JSWSTEEL,685.15,-0.039195
580,2021-07-31,JSWSTEEL,737.1,0.075823
581,2021-08-31,JSWSTEEL,686.9,-0.068105
582,2021-09-30,JSWSTEEL,668.0,-0.027515
583,2021-10-31,JSWSTEEL,672.5,0.006737
584,2021-11-30,JSWSTEEL,608.75,-0.094796
585,2021-12-31,JSWSTEEL,655.7,0.077125
586,2022-01-31,JSWSTEEL,630.4,-0.038585
587,2022-02-28,JSWSTEEL,626.0,-0.00698
588,2022-03-31,JSWSTEEL,733.6,0.171885
589,2022-04-30,JSWSTEEL,726.25,-0.010019
590,2022-05-31,JSWSTEEL,556.0,-0.234423
591,2022-06-30,JSWSTEEL,561.2,0.009353
592,2022-07-31,JSWSTEEL,631.0,0.124376
593,2022-08-31,JSWSTEEL,664.1,0.052456
594,2022-09-30,JSWSTEEL,630.65,-0.050369
595,2022-10-31,JSWSTEEL,674.4,0.069373
596,2022-11-30,JSWSTEEL,743.9,0.103055
597,2022-12-31,JSWSTEEL,770.6,0.035892
598,2023-01-31,JSWSTEEL,719.0,-0.066961
599,2023-02-28,JSWSTEEL,667.2,-0.072045
600,2023-03-31,JSWSTEEL,688.75,0.032299
601,2023-04-30,JSWSTEEL,726.6,0.054955
602,2023-05-31,JSWSTEEL,700.0,-0.036609
603,2023-06-30,JSWSTEEL,783.15,0.118786
604,2023-07-31,JSWSTEEL,815.0,0.040669
605,2023-08-31,JSWSTEEL,780.35,-0.042515
606,2023-09-30,JSWSTEEL,779.0,-0.00173
607,2023-10-31,JSWSTEEL,735.6,-0.055712
608,2023-11-30,JSWSTEEL,798.5,0.085508
609,2023-12-31,JSWSTEEL,878.5,0.100188
610,2024-01-31,JSWSTEEL,816.0,-0.071144
611,2024-02-29,JSWSTEEL,803.2,-0.015686
612,2024-03-31,JSWSTEEL,833.8,0.038098
613,2024-04-30,JSWSTEEL,883.9,0.060086
614,2024-05-31,JSWSTEEL,881.0,-0.003281
615,2024-06-30,JSWSTEEL,934.1,0.060272
616,2024-07-31,JSWSTEEL,933.0,-0.001178
617,2024-08-31,JSWSTEEL,943.95,0.011736
618,2024-09-30,JSWSTEEL,1030.0,0.091159
619,2024-10-31,JSWSTEEL,963.65,-0.064417
620,2024-11-30,JSWSTEEL,965.2,0.001608
621,2024-12-31,JSWSTEEL,901.15,-0.066359
622,2025-01-31,JSWSTEEL,944.7,0.048327
623,2025-02-28,JSWSTEEL,954.0,0.009844
624,2025-03-31,JSWSTEEL,1062.9,0.114151
625,2025-04-30,JSWSTEEL,1025.1,-0.035563
626,2025-05-31,JSWSTEEL,994.0,-0.030339
627,2025-06-30,JSWSTEEL,1018.55,0.024698
628,2025-07-31,JSWSTEEL,1054.0,0.034804
629,2025-08-31,JSWSTEEL,1052.6,-0.001328
-1,2006-01-31,KOTAKBANK,11.4843,
-1,2006-02-28,KOTAKBANK,11.2536,-0.020088
-1,2006-03-31,KOTAKBANK,13.7051,0.217841
-1,2006-04-30,KOTAKBANK,15.2584,0.113337
-1,2006-05-31,KOTAKBANK,14.4486,-0.053072
-1,2006-06-30,KOTAKBANK,11.9751,-0.171193
-1,2006-07-31,KOTAKBANK,13.9382,0.163932
-1,2006-08-31,KOTAKBANK,15.3639,0.102287
-1,2006-09-30,KOTAKBANK,16.402,0.067567
-1,2006-10-31,KOTAKBANK,17.0784,0.041239
-1,2006-11-30,KOTAKBANK,18.7634,0.098663
-1,2006-12-31,KOTAKBANK,19.6686,0.048243
-1,2007-01-31,KOTAKBANK,22.9672,0.167709
-1,2007-02-28,KOTAKBANK,20.9034,-0.089859
-1,2007-03-31,KOTAKBANK,23.5846,0.128266
-1,2007-04-30,KOTAKBANK,26.7381,0.13371
-1,2007-05-31,KOTAKBANK,28.1549,0.052988
-1,2007-06-30,KOTAKBANK,33.1114,0.176044
-1,2007-07-31,KOTAKBANK,36.4801,0.101738
-1,2007-08-31,KOTAKBANK,34.8129,-0.045702
-1,2007-09-30,KOTAKBANK,45.4191,0.304663
-1,2007-10-31,KOTAKBANK,49.2926,0.085284
-1,2007-11-30,KOTAKBANK,60.7508,0.232453
-1,2007-12-31,KOTAKBANK,63.8586,0.051157
-1,2008-01-31,KOTAKBANK,50.6594,-0.206694
-1,2008-02-29,KOTAKBANK,39.5041,-0.220202
-1,2008-03-31,KOTAKBANK,30.8261,-0.219673
-1,2008-04-30,KOTAKBANK,38.9894,0.264818
-1,2008-05-31,KOTAKBANK,34.1283,-0.124677
-1,2008-06-30,KOTAKBANK,22.7292,-0.334007
-1,2008-07-31,KOTAKBANK,26.13,0.149623
-1,2008-08-31,KOTAKBANK,29.8557,0.142583
-1,2008-09-30,KOTAKBANK,27.3328,-0.084503
-1,2008-10-31,KOTAKBANK,16.632,-0.3915
-1,2008-11-30,KOTAKBANK,16.5358,-0.005784
-1,2008-12-31,KOTAKBANK,17.6333,0.066371
-1,2009-01-31,KOTAKBANK,13.9956,-0.206297
-1,2009-02-28,KOTAKBANK,12.7971,-0.085634
-1,2009-03-31,KOTAKBANK,13.9192,0.087684
-1,2009-04-30,KOTAKBANK,19.002,0.365165
-1,2009-05-31,KOTAKBANK,33.4687,0.761325
-1,2009-06-30,KOTAKBANK,31.1628,-0.068897
-1,2009-07-31,KOTAKBANK,32.3096,0.0368
-1,2009-08-31,KOTAKBANK,35.3735,0.094829
-1,2009-09-30,KOTAKBANK,38.4999,0.088383
-1,2009-10-31,KOTAKBANK,35.2229,-0.085117
-1,2009-11-30,KOTAKBANK,38.8753,0.103694
-1,2009-12-31,KOTAKBANK,39.8557,0.025219
-1,2010-01-31,KOTAKBANK,38.4703,-0.03476
-1,2010-02-28,KOTAKBANK,36.7589,-0.044486
-1,2010-03-31,KOTAKBANK,36.9516,0.005242
-1,2010-04-30,KOTAKBANK,36.4774,-0.012833
-1,2010-05-31,KOTAKBANK,37.4652,0.02708
-1,2010-06-30,KOTAKBANK,38.0777,0.016349
-1,2010-07-31,KOTAKBANK,38.136,0.001531
-1,2010-08-31,KOTAKBANK,40.9693,0.074295
-1,2010-09-30,KOTAKBANK,47.1032,0.149719
-1,2010-10-31,KOTAKBANK,45.9115,-0.0253
-1,2010-11-30,KOTAKBANK,47.1428,0.026819
-1,2010-12-31,KOTAKBANK,44.8633,-0.048353
-1,2011-01-31,KOTAKBANK,38.0989,-0.150778
-1,2011-02-28,KOTAKBANK,40.057,0.051395
-1,2011-03-31,KOTAKBANK,45.2786,0.130354
-1,2011-04-30,KOTAKBANK,42.5343,-0.060609
-1,2011-05-31,KOTAKBANK,43.6568,0.02639
-1,2011-06-30,KOTAKBANK,47.4049,0.085854
-1,2011-07-31,KOTAKBANK,44.0128,-0.071556
-1,2011-08-31,KOTAKBANK,43.8258,-0.004249
-1,2011-09-30,KOTAKBANK,45.5087,0.0384
-1,2011-10-31,KOTAKBANK,50.7259,0.114642
-1,2011-11-30,KOTAKBANK,46.2017,-0.089189
-1,2011-12-31,KOTAKBANK,42.623,-0.077458
-1,2012-01-31,KOTAKBANK,49.335,0.157474
-1,2012-02-29,KOTAKBANK,54.2254,0.099126
-1,2012-03-31,KOTAKBANK,53.9878,-0.004382
-1,2012-04-30,KOTAKBANK,57.6952,0.068671
-1,2012-05-31,KOTAKBANK,55.7846,-0.033115
-1,2012-06-30,KOTAKBANK,58.6357,0.051109
-1,2012-07-31,KOTAKBANK,53.0374,-0.095476
-1,2012-08-31,KOTAKBANK,56.8908,0.072654
-1,2012-09-30,KOTAKBANK,64.2883,0.13003
-1,2012-10-31,KOTAKBANK,59.829,-0.069364
-1,2012-11-30,KOTAKBANK,66.4387,0.110477
-1,2012-12-31,KOTAKBANK,64.4171,-0.030428
-1,2013-01-31,KOTAKBANK,67.4197,0.046612
-1,2013-02-28,KOTAKBANK,65.3635,-0.030499
-1,2013-03-31,KOTAKBANK,64.7094,-0.010007
-1,2013-04-30,KOTAKBANK,70.0705,0.082849
-1,2013-05-31,KOTAKBANK,77.5869,0.107269
-1,2013-06-30,KOTAKBANK,71.5669,-0.07759
-1,2013-07-31,KOTAKBANK,64.645,-0.096719
-1,2013-08-31,KOTAKBANK,65.429,0.012128
-1,2013-09-30,KOTAKBANK,67.2641,0.028047
-1,2013-10-31,KOTAKBANK,74.6393,0.109645
-1,2013-11-30,KOTAKBANK,75.0708,0.005781
-1,2013-12-31,KOTAKBANK,72.2387,-0.037726
-1,2014-01-31,KOTAKBANK,65.1761,-0.097768
-1,2014-02-28,KOTAKBANK,67.899,0.041778
-1,2014-03-31,KOTAKBANK,77.4762,0.141051
-1,2014-04-30,KOTAKBANK,79.6139,0.027592
-1,2014-05-31,KOTAKBANK,86.1657,0.082295
-1,2014-06-30,KOTAKBANK,87.6437,0.017153
-1,2014-07-31,KOTAKBANK,94.6022,0.079395
-1,2014-08-31,KOTAKBANK,103.0122,0.088899
-1,2014-09-30,KOTAKBANK,100.5847,-0.023565
-1,2014-10-31,KOTAKBANK,111.0244,0.10379
-1,2014-11-30,KOTAKBANK,119.3891,0.075341
-1,2014-12-31,KOTAKBANK,125.4852,0.051061
-1,2015-01-31,KOTAKBANK,131.2734,0.046127
-1,2015-02-28,KOTAKBANK,132.8173,0.011761
3441,2015-03-31,KOTAKBANK,654.45,3.927445
3442,2015-04-30,KOTAKBANK,666.5,0.018412
3443,2015-05-31,KOTAKBANK,697.68,0.046782
3444,2015-06-30,KOTAKBANK,688.0,-0.013875
3445,2015-07-31,KOTAKBANK,695.0,0.010174
3446,2015-08-31,KOTAKBANK,650.5,-0.064029
3447,2015-09-30,KOTAKBANK,648.1,-0.003689
3448,2015-10-31,KOTAKBANK,687.5,0.060793
3449,2015-11-30,KOTAKBANK,692.0,0.006545
3450,2015-12-31,KOTAKBANK,716.05,0.034754
3451,2016-01-31,KOTAKBANK,683.15,-0.045947
3452,2016-02-29,KOTAKBANK,632.3,-0.074435
3453,2016-03-31,KOTAKBANK,682.95,0.080104
3454,2016-04-30,KOTAKBANK,715.05,0.047002
3455,2016-05-31,KOTAKBANK,744.65,0.041396
3456,2016-06-30,KOTAKBANK,761.45,0.022561
3457,2016-07-31,KOTAKBANK,763.0,0.002036
3458,2016-08-31,KOTAKBANK,809.0,0.060288
3459,2016-09-30,KOTAKBANK,780.2,-0.0356
3460,2016-10-31,KOTAKBANK,818.0,0.048449
3461,2016-11-30,KOTAKBANK,754.25,-0.077934
3462,2016-12-31,KOTAKBANK,717.45,-0.04879
3463,2017-01-31,KOTAKBANK,774.55,0.079587
3464,2017-02-28,KOTAKBANK,803.0,0.036731
3465,2017-03-31,KOTAKBANK,871.85,0.085741
3466,2017-04-30,KOTAKBANK,902.0,0.034582
3467,2017-05-31,KOTAKBANK,965.05,0.0699
3468,2017-06-30,KOTAKBANK,957.95,-0.007357
3469,2017-07-31,KOTAKBANK,1023.0,0.067905
3470,2017-08-31,KOTAKBANK,977.3,-0.044673
3471,2017-09-30,KOTAKBANK,1001.1,0.024353
3472,2017-10-31,KOTAKBANK,1026.75,0.025622
3473,2017-11-30,KOTAKBANK,1000.55,-0.025517
3474,2017-12-31,KOTAKBANK,1009.5,0.008945
3475,2018-01-31,KOTAKBANK,1109.0,0.098564
3476,2018-02-28,KOTAKBANK,1088.0,-0.018936
3477,2018-03-31,KOTAKBANK,1052.35,-0.032767
3478,2018-04-30,KOTAKBANK,1212.65,0.152326
3479,2018-05-31,KOTAKBANK,1317.35,0.08634
3480,2018-06-30,KOTAKBANK,1344.0,0.02023
3481,2018-07-31,KOTAKBANK,1306.85,-0.027641
3482,2018-08-31,KOTAKBANK,1287.0,-0.015189
3483,2018-09-30,KOTAKBANK,1136.5,-0.116939
3484,2018-10-31,KOTAKBANK,1117.85,-0.01641
3485,2018-11-30,KOTAKBANK,1235.0,0.104799
3486,2018-12-31,KOTAKBANK,1253.0,0.014575
3487,2019-01-31,KOTAKBANK,1256.0,0.002394
3488,2019-02-28,KOTAKBANK,1213.3,-0.033997
3489,2019-03-31,KOTAKBANK,1334.5,0.099893
3490,2019-04-30,KOTAKBANK,1385.0,0.037842
3491,2019-05-31,KOTAKBANK,1519.95,0.097437
3492,2019-06-30,KOTAKBANK,1477.0,-0.028258
3493,2019-07-31,KOTAKBANK,1516.95,0.027048
3494,2019-08-31,KOTAKBANK,1435.0,-0.054023
3495,2019-09-30,KOTAKBANK,1637.9,0.141394
3496,2019-10-31,KOTAKBANK,1567.25,-0.043135
3497,2019-11-30,KOTAKBANK,1608.0,0.026001
3498,2019-12-31,KOTAKBANK,1685.0,0.047886
3499,2020-01-31,KOTAKBANK,1688.65,0.002166
3500,2020-02-29,KOTAKBANK,1619.95,-0.040683
3501,2020-03-31,KOTAKBANK,1286.6,-0.205778
3502,2020-04-30,KOTAKBANK,1355.5,0.053552
3503,2020-05-31,KOTAKBANK,1221.0,-0.099225
3504,2020-06-30,KOTAKBANK,1352.3,0.107535
3505,2020-07-31,KOTAKBANK,1365.2,0.009539
3506,2020-08-31,KOTAKBANK,1398.0,0.024026
3507,2020-09-30,KOTAKBANK,1266.7,-0.09392
3508,2020-10-31,KOTAKBANK,1545.0,0.219705
3509,2020-11-30,KOTAKBANK,1887.05,0.221392
3510,2020-12-31,KOTAKBANK,1995.4,0.057418
3511,2021-01-31,KOTAKBANK,1710.55,-0.142753
3512,2021-02-28,KOTAKBANK,1791.4,0.047265
3513,2021-03-31,KOTAKBANK,1755.4,-0.020096
3514,2021-04-30,KOTAKBANK,1743.75,-0.006637
3515,2021-05-31,KOTAKBANK,1806.9,0.036215
3516,2021-06-30,KOTAKBANK,1704.9,-0.05645
3517,2021-07-31,KOTAKBANK,1656.7,-0.028271
3518,2021-08-31,KOTAKBANK,1750.0,0.056317
3519,2021-09-30,KOTAKBANK,2000.45,0.143114
3520,2021-10-31,KOTAKBANK,2044.45,0.021995
3521,2021-11-30,KOTAKBANK,1957.0,-0.042774
3522,2021-12-31,KOTAKBANK,1797.8,-0.081349
3523,2022-01-31,KOTAKBANK,1857.5,0.033207
3524,2022-02-28,KOTAKBANK,1841.0,-0.008883
3525,2022-03-31,KOTAKBANK,1753.0,-0.0478
3526,2022-04-30,KOTAKBANK,1789.75,0.020964
3527,2022-05-31,KOTAKBANK,1837.0,0.0264
3528,2022-06-30,KOTAKBANK,1658.0,-0.097441
3529,2022-07-31,KOTAKBANK,1814.0,0.094089
3530,2022-08-31,KOTAKBANK,1908.0,0.051819
3531,2022-09-30,KOTAKBANK,1818.0,-0.04717
3532,2022-10-31,KOTAKBANK,1901.55,0.045957
3533,2022-11-30,KOTAKBANK,1948.1,0.02448
3534,2022-12-31,KOTAKBANK,1826.0,-0.062676
3535,2023-01-31,KOTAKBANK,1735.0,-0.049836
3536,2023-02-28,KOTAKBANK,1731.95,-0.001758
3537,2023-03-31,KOTAKBANK,1733.5,0.000895
3538,2023-04-30,KOTAKBANK,1933.0,0.115085
3539,2023-05-31,KOTAKBANK,2011.65,0.040688
3540,2023-06-30,KOTAKBANK,1842.7,-0.083986
3541,2023-07-31,KOTAKBANK,1856.9,0.007706
3542,2023-08-31,KOTAKBANK,1759.95,-0.052211
3543,2023-09-30,KOTAKBANK,1736.35,-0.013409
3544,2023-10-31,KOTAKBANK,1736.0,-0.000202
3545,2023-11-30,KOTAKBANK,1756.8,0.011982
3546,2023-12-31,KOTAKBANK,1904.0,0.083789
3547,2024-01-31,KOTAKBANK,1826.9,-0.040494
3548,2024-02-29,KOTAKBANK,1697.0,-0.071104
3549,2024-03-31,KOTAKBANK,1789.95,0.054773
3550,2024-04-30,KOTAKBANK,1623.0,-0.093271
3551,2024-05-31,KOTAKBANK,1692.5,0.042822
3552,2024-06-30,KOTAKBANK,1803.1,0.065347
3553,2024-07-31,KOTAKBANK,1811.05,0.004409
3554,2024-08-31,KOTAKBANK,1780.0,-0.017145
3555,2024-09-30,KOTAKBANK,1859.95,0.044916
3556,2024-10-31,KOTAKBANK,1736.0,-0.066642
3557,2024-11-30,KOTAKBANK,1761.25,0.014545
3558,2024-12-31,KOTAKBANK,1785.0,0.013485
3559,2025-01-31,KOTAKBANK,1900.0,0.064426
3560,2025-02-28,KOTAKBANK,1898.45,-0.000816
3561,2025-03-31,KOTAKBANK,2174.0,0.145145
3562,2025-04-30,KOTAKBANK,2202.0,0.012879
3563,2025-05-31,KOTAKBANK,2077.3,-0.05663
3564,2025-06-30,KOTAKBANK,2160.0,0.039811
3565,2025-07-31,KOTAKBANK,1980.0,-0.083333
3566,2025-08-31,KOTAKBANK,2002.4,0.011313
7310,2022-06-30,LICI,674.25,
7311,2022-07-31,LICI,677.55,0.004894
7312,2022-08-31,LICI,674.5,-0.004502
7313,2022-09-30,LICI,623.0,-0.076353
7314,2022-10-31,LICI,603.85,-0.030738
7315,2022-11-30,LICI,636.6,0.054235
7316,2022-12-31,LICI,684.0,0.074458
7317,2023-01-31,LICI,654.0,-0.04386
7318,2023-02-28,LICI,581.0,-0.111621
7319,2023-03-31,LICI,535.0,-0.079174
7320,2023-04-30,LICI,550.25,0.028505
7321,2023-05-31,LICI,595.5,0.082235
7322,2023-06-30,LICI,633.25,0.063392
7323,2023-07-31,LICI,639.5,0.00987
7324,2023-08-31,LICI,646.85,0.011493
7325,2023-09-30,LICI,650.5,0.005643
7326,2023-10-31,LICI,602.75,-0.073405
7327,2023-11-30,LICI,678.9,0.126338
7328,2023-12-31,LICI,828.55,0.22043
7329,2024-01-31,LICI,950.0,0.146581
7330,2024-02-29,LICI,1025.25,0.079211
7331,2024-03-31,LICI,917.0,-0.105584
7332,2024-04-30,LICI,980.1,0.068811
7333,2024-05-31,LICI,1012.0,0.032548
7334,2024-06-30,LICI,992.0,-0.019763
7335,2024-07-31,LICI,1177.0,0.186492
7336,2024-08-31,LICI,1061.0,-0.098556
7337,2024-09-30,LICI,1007.9,-0.050047
7338,2024-10-31,LICI,923.4,-0.083838
7339,2024-11-30,LICI,984.9,0.066602
7340,2024-12-31,LICI,891.35,-0.094984
7341,2025-01-31,LICI,845.95,-0.050934
7342,2025-02-28,LICI,740.5,-0.124653
7343,2025-03-31,LICI,798.4,0.07819
7344,2025-04-30,LICI,792.3,-0.00764
7345,2025-05-31,LICI,952.05,0.201628
7346,2025-06-30,LICI,972.95,0.021953
7347,2025-07-31,LICI,895.75,-0.079346
7348,2025-08-31,LICI,892.75,-0.003349
882,2021-05-31,LODHA,316.0,
883,2021-06-30,LODHA,341.25,0.079905
884,2021-07-31,LODHA,427.5,0.252747
885,2021-08-31,LODHA,483.0,0.129825
886,2021-09-30,LODHA,527.5,0.092133
887,2021-10-31,LODHA,525.0,-0.004739
888,2021-11-30,LODHA,690.5,0.315238
889,2021-12-31,LODHA,619.0,-0.103548
890,2022-01-31,LODHA,648.5,0.047658
891,2022-02-28,LODHA,557.0,-0.141095
892,2022-03-31,LODHA,563.0,0.010772
893,2022-04-30,LODHA,505.0,-0.10302
894,2022-05-31,LODHA,481.6,-0.046337
895,2022-06-30,LODHA,535.0,0.11088
896,2022-07-31,LODHA,574.25,0.073364
897,2022-08-31,LODHA,544.3,-0.052155
898,2022-09-30,LODHA,460.1,-0.154694
899,2022-10-31,LODHA,495.0,0.075853
900,2022-11-30,LODHA,490.6,-0.008889
901,2022-12-31,LODHA,545.0,0.110885
902,2023-01-31,LODHA,510.0,-0.06422
903,2023-02-28,LODHA,409.5,-0.197059
904,2023-03-31,LODHA,464.05,0.133211
905,2023-04-30,LODHA,463.0,-0.002263
906,2023-05-31,LODHA,545.1,0.177322
907,2023-06-30,LODHA,683.0,0.252981
908,2023-07-31,LODHA,759.0,0.111274
909,2023-08-31,LODHA,669.0,-0.118577
910,2023-09-30,LODHA,795.1,0.18849
911,2023-10-31,LODHA,786.5,-0.010816
912,2023-11-30,LODHA,873.7,0.110871
913,2023-12-31,LODHA,1023.0,0.170882
914,2024-01-31,LODHA,1074.0,0.049853
915,2024-02-29,LODHA,1154.0,0.074488
916,2024-03-31,LODHA,1125.05,-0.025087
917,2024-04-30,LODHA,1231.0,0.094174
918,2024-05-31,LODHA,1395.0,0.133225
919,2024-06-30,LODHA,1493.9,0.070896
920,2024-07-31,LODHA,1310.0,-0.123101
921,2024-08-31,LODHA,1251.0,-0.045038
922,2024-09-30,LODHA,1239.0,-0.009592
923,2024-10-31,LODHA,1200.45,-0.031114
924,2024-11-30,LODHA,1246.0,0.037944
925,2024-12-31,LODHA,1382.0,0.109149
926,2025-01-31,LODHA,1212.1,-0.122938
927,2025-02-28,LODHA,1125.0,-0.071859
928,2025-03-31,LODHA,1196.9,0.063911
929,2025-04-30,LODHA,1323.0,0.105356
930,2025-05-31,LODHA,1423.9,0.076266
931,2025-06-30,LODHA,1385.0,-0.027319
932,2025-07-31,LODHA,1237.0,-0.106859
933,2025-08-31,LODHA,1227.5,-0.00768
-1,2006-01-31,LT,187.7641,
-1,2006-02-28,LT,207.201,0.103518
-1,2006-03-31,LT,210.2913,0.014915
-1,2006-04-30,LT,352.0157,0.673943
-1,2006-05-31,LT,200.4066,-0.430688
-1,2006-06-30,LT,193.8065,-0.032934
-1,2006-07-31,LT,191.0014,-0.014474
-1,2006-08-31,LT,207.7888,0.087892
-1,2006-09-30,LT,222.0959,0.068854
-1,2006-10-31,LT,229.0339,0.031239
-1,2006-11-30,LT,238.1711,0.039895
-1,2006-12-31,LT,252.3702,0.059617
-1,2007-01-31,LT,277.3471,0.098969
-1,2007-02-28,LT,260.0413,-0.062398
-1,2007-03-31,LT,282.7753,0.087425
-1,2007-04-30,LT,298.4708,0.055505
-1,2007-05-31,LT,353.2127,0.183408
-1,2007-06-30,LT,386.2687,0.093587
-1,2007-07-31,LT,458.2855,0.186442
-1,2007-08-31,LT,454.6451,-0.007944
-1,2007-09-30,LT,494.6839,0.088066
-1,2007-10-31,LT,747.5443,0.511156
-1,2007-11-30,LT,727.3727,-0.026984
-1,2007-12-31,LT,734.1818,0.009361
-1,2008-01-31,LT,642.475,-0.12491
-1,2008-02-29,LT,620.3478,-0.034441
-1,2008-03-31,LT,534.8512,-0.13782
-1,2008-04-30,LT,529.0904,-0.010771
-1,2008-05-31,LT,525.4613,-0.006859
-1,2008-06-30,LT,384.8843,-0.267531
-1,2008-07-31,LT,459.0266,0.192635
-1,2008-08-31,LT,456.9478,-0.004529
-1,2008-09-30,LT,433.419,-0.051491
-1,2008-10-31,LT,285.9637,-0.340214
-1,2008-11-30,LT,257.688,-0.098879
-1,2008-12-31,LT,274.1644,0.063939
-1,2009-01-31,LT,244.5777,-0.107916
-1,2009-02-28,LT,217.4713,-0.110829
-1,2009-03-31,LT,237.8985,0.093931
-1,2009-04-30,LT,311.5818,0.309726
-1,2009-05-31,LT,496.8444,0.594587
-1,2009-06-30,LT,555.5219,0.1181
-1,2009-07-31,LT,533.7482,-0.039195
-1,2009-08-31,LT,555.3978,0.040561
-1,2009-09-30,LT,603.019,0.085743
-1,2009-10-31,LT,559.7524,-0.07175
-1,2009-11-30,LT,576.3879,0.029719
-1,2009-12-31,LT,598.8781,0.039019
-1,2010-01-31,LT,508.2931,-0.151258
-1,2010-02-28,LT,558.4316,0.098641
-1,2010-03-31,LT,582.1888,0.042543
-1,2010-04-30,LT,576.5486,-0.009688
-1,2010-05-31,LT,582.3674,0.010092
-1,2010-06-30,LT,645.768,0.108867
-1,2010-07-31,LT,640.5381,-0.008099
-1,2010-08-31,LT,647.4458,0.010784
-1,2010-09-30,LT,738.0982,0.140015
-1,2010-10-31,LT,728.985,-0.012347
-1,2010-11-30,LT,701.0343,-0.038342
-1,2010-12-31,LT,711.5316,0.014974
-1,2011-01-31,LT,589.9681,-0.170848
-1,2011-02-28,LT,549.2913,-0.068947
-1,2011-03-31,LT,593.8507,0.081122
-1,2011-04-30,LT,573.5933,-0.034112
-1,2011-05-31,LT,590.4176,0.029331
-1,2011-06-30,LT,655.63,0.110451
-1,2011-07-31,LT,620.3275,-0.053845
-1,2011-08-31,LT,578.4105,-0.067572
-1,2011-09-30,LT,492.4453,-0.148623
-1,2011-10-31,LT,512.5951,0.040918
-1,2011-11-30,LT,461.45,-0.099777
-1,2011-12-31,LT,360.7916,-0.218135
-1,2012-01-31,LT,475.4694,0.317851
-1,2012-02-29,LT,474.4719,-0.002098
-1,2012-03-31,LT,474.8165,0.000726
-1,2012-04-30,LT,445.0181,-0.062758
-1,2012-05-31,LT,425.3399,-0.044219
-1,2012-06-30,LT,507.0271,0.192052
-1,2012-07-31,LT,496.7255,-0.020318
-1,2012-08-31,LT,487.113,-0.019352
-1,2012-09-30,LT,585.9235,0.202849
-1,2012-10-31,LT,596.9498,0.018819
-1,2012-11-30,LT,612.0124,0.025233
-1,2012-12-31,LT,589.7212,-0.036423
-1,2013-01-31,LT,565.7603,-0.040631
-1,2013-02-28,LT,501.8951,-0.112884
-1,2013-03-31,LT,501.308,-0.00117
-1,2013-04-30,LT,554.8806,0.106866
-1,2013-05-31,LT,513.9855,-0.073701
-1,2013-06-30,LT,516.6092,0.005105
-1,2013-07-31,LT,466.2747,-0.097432
-1,2013-08-31,LT,398.7952,-0.14472
-1,2013-09-30,LT,440.946,0.105695
-1,2013-10-31,LT,544.3412,0.234485
-1,2013-11-30,LT,584.7321,0.074201
-1,2013-12-31,LT,598.3168,0.023232
-1,2014-01-31,LT,551.1615,-0.078813
-1,2014-02-28,LT,620.3433,0.12552
-1,2014-03-31,LT,711.0482,0.146217
-1,2014-04-30,LT,723.4589,0.017454
-1,2014-05-31,LT,864.0026,0.194266
-1,2014-06-30,LT,951.3253,0.101068
-1,2014-07-31,LT,840.1873,-0.116824
-1,2014-08-31,LT,853.3806,0.015703
-1,2014-09-30,LT,823.1027,-0.03548
-1,2014-10-31,LT,934.4113,0.135231
-1,2014-11-30,LT,925.3237,-0.009725
-1,2014-12-31,LT,843.6484,-0.088267
-1,2015-01-31,LT,959.8677,0.137758
-1,2015-02-28,LT,992.8314,0.034342
4624,2015-03-31,LT,1145.33,0.1536
4625,2015-04-30,LT,1092.37,-0.04624
4626,2015-05-31,LT,1106.67,0.013091
4627,2015-06-30,LT,1188.8,0.074214
4628,2015-07-31,LT,1192.03,0.002717
4629,2015-08-31,LT,1070.0,-0.102372
4630,2015-09-30,LT,975.73,-0.088103
4631,2015-10-31,LT,938.6,-0.038054
4632,2015-11-30,LT,914.33,-0.025858
4633,2015-12-31,LT,850.73,-0.069559
4634,2016-01-31,LT,732.67,-0.138775
4635,2016-02-29,LT,717.33,-0.020937
4636,2016-03-31,LT,816.67,0.138486
4637,2016-04-30,LT,833.37,0.020449
4638,2016-05-31,LT,981.7,0.177988
4639,2016-06-30,LT,998.6,0.017215
4640,2016-07-31,LT,1037.23,0.038684
4641,2016-08-31,LT,1007.57,-0.028595
4642,2016-09-30,LT,956.13,-0.051054
4643,2016-10-31,LT,982.33,0.027402
4644,2016-11-30,LT,921.3,-0.062128
4645,2016-12-31,LT,899.23,-0.023955
4646,2017-01-31,LT,959.33,0.066835
4647,2017-02-28,LT,979.13,0.020639
4648,2017-03-31,LT,1049.33,0.071696
4649,2017-04-30,LT,1166.0,0.111185
4650,2017-05-31,LT,1170.67,0.004005
4651,2017-06-30,LT,1124.53,-0.039413
4652,2017-07-31,LT,1193.2,0.061066
4653,2017-08-31,LT,1134.95,-0.048818
4654,2017-09-30,LT,1145.0,0.008855
4655,2017-10-31,LT,1223.4,0.068472
4656,2017-11-30,LT,1221.5,-0.001553
4657,2017-12-31,LT,1260.7,0.032092
4658,2018-01-31,LT,1424.9,0.130245
4659,2018-02-28,LT,1319.0,-0.074321
4660,2018-03-31,LT,1309.9,-0.006899
4661,2018-04-30,LT,1404.95,0.072563
4662,2018-05-31,LT,1370.0,-0.024876
4663,2018-06-30,LT,1275.0,-0.069343
4664,2018-07-31,LT,1303.0,0.021961
4665,2018-08-31,LT,1370.0,0.05142
4666,2018-09-30,LT,1275.3,-0.069124
4667,2018-10-31,LT,1295.0,0.015447
4668,2018-11-30,LT,1430.0,0.104247
4669,2018-12-31,LT,1440.0,0.006993
4670,2019-01-31,LT,1308.3,-0.091458
4671,2019-02-28,LT,1300.0,-0.006344
4672,2019-03-31,LT,1381.85,0.062962
4673,2019-04-30,LT,1347.5,-0.024858
4674,2019-05-31,LT,1560.0,0.157699
4675,2019-06-30,LT,1559.85,-9.6e-05
4676,2019-07-31,LT,1389.0,-0.10953
4677,2019-08-31,LT,1327.75,-0.044096
4678,2019-09-30,LT,1479.0,0.113915
4679,2019-10-31,LT,1474.0,-0.003381
4680,2019-11-30,LT,1331.5,-0.096676
4681,2019-12-31,LT,1305.0,-0.019902
4682,2020-01-31,LT,1370.0,0.049808
4683,2020-02-29,LT,1191.05,-0.13062
4684,2020-03-31,LT,810.15,-0.319802
4685,2020-04-30,LT,898.05,0.108498
4686,2020-05-31,LT,930.0,0.035577
4687,2020-06-30,LT,945.0,0.016129
4688,2020-07-31,LT,914.4,-0.032381
4689,2020-08-31,LT,946.2,0.034777
4690,2020-09-30,LT,900.55,-0.048246
4691,2020-10-31,LT,930.6,0.033368
4692,2020-11-30,LT,1106.0,0.188481
4693,2020-12-31,LT,1288.15,0.164693
4694,2021-01-31,LT,1338.0,0.038699
4695,2021-02-28,LT,1441.45,0.077317
4696,2021-03-31,LT,1419.35,-0.015332
4697,2021-04-30,LT,1340.05,-0.055871
4698,2021-05-31,LT,1472.3,0.09869
4699,2021-06-30,LT,1499.85,0.018712
4700,2021-07-31,LT,1601.95,0.068073
4701,2021-08-31,LT,1673.1,0.044415
4702,2021-09-30,LT,1704.0,0.018469
4703,2021-10-31,LT,1776.65,0.042635
4704,2021-11-30,LT,1764.0,-0.00712
4705,2021-12-31,LT,1896.8,0.075283
4706,2022-01-31,LT,1912.0,0.008013
4707,2022-02-28,LT,1815.5,-0.050471
4708,2022-03-31,LT,1767.8,-0.026274
4709,2022-04-30,LT,1699.0,-0.038918
4710,2022-05-31,LT,1648.25,-0.029871
4711,2022-06-30,LT,1556.0,-0.055968
4712,2022-07-31,LT,1804.05,0.159415
4713,2022-08-31,LT,1919.0,0.063718
4714,2022-09-30,LT,1846.0,-0.038041
4715,2022-10-31,LT,2031.45,0.10046
4716,2022-11-30,LT,2073.0,0.020453
4717,2022-12-31,LT,2086.15,0.006343
4718,2023-01-31,LT,2120.0,0.016226
4719,2023-02-28,LT,2107.85,-0.005731
4720,2023-03-31,LT,2169.9,0.029438
4721,2023-04-30,LT,2360.0,0.087608
4722,2023-05-31,LT,2212.5,-0.0625
4723,2023-06-30,LT,2475.0,0.118644
4724,2023-07-31,LT,2682.0,0.083636
4725,2023-08-31,LT,2701.1,0.007122
4726,2023-09-30,LT,3026.0,0.120284
4727,2023-10-31,LT,2935.0,-0.030073
4728,2023-11-30,LT,3113.1,0.060681
4729,2023-12-31,LT,3520.0,0.130706
4730,2024-01-31,LT,3478.0,-0.011932
4731,2024-02-29,LT,3483.2,0.001495
4732,2024-03-31,LT,3764.9,0.080874
4733,2024-04-30,LT,3591.95,-0.045937
4734,2024-05-31,LT,3678.5,0.024096
4735,2024-06-30,LT,3551.95,-0.034403
4736,2024-07-31,LT,3815.0,0.074058
4737,2024-08-31,LT,3707.0,-0.028309
4738,2024-09-30,LT,3680.0,-0.007284
4739,2024-10-31,LT,3623.55,-0.01534
4740,2024-11-30,LT,3717.0,0.02579
4741,2024-12-31,LT,3609.95,-0.0288
4742,2025-01-31,LT,3565.0,-0.012452
4743,2025-02-28,LT,3175.0,-0.109397
4744,2025-03-31,LT,3485.0,0.097638
4745,2025-04-30,LT,3330.0,-0.044476
4746,2025-05-31,LT,3672.0,0.102703
4747,2025-06-30,LT,3671.0,-0.000272
4748,2025-07-31,LT,3628.5,-0.011577
4749,2025-08-31,LT,3628.4,-2.8e-05
2068,2016-08-31,LTIM,652.0,
2069,2016-09-30,LTIM,618.0,-0.052147
2070,2016-10-31,LTIM,648.5,0.049353
2071,2016-11-30,LTIM,639.0,-0.014649
2072,2016-12-31,LTIM,680.65,0.06518
2073,2017-01-31,LTIM,671.9,-0.012855
2074,2017-02-28,LTIM,712.0,0.059682
2075,2017-03-31,LTIM,711.1,-0.001264
2076,2017-04-30,LTIM,708.0,-0.004359
2077,2017-05-31,LTIM,801.0,0.131356
2078,2017-06-30,LTIM,789.0,-0.014981
2079,2017-07-31,LTIM,766.0,-0.029151
2080,2017-08-31,LTIM,754.85,-0.014556
2081,2017-09-30,LTIM,804.0,0.065112
2082,2017-10-31,LTIM,835.5,0.039179
2083,2017-11-30,LTIM,1019.0,0.219629
2084,2017-12-31,LTIM,1109.0,0.088322
2085,2018-01-31,LTIM,1280.0,0.154193
2086,2018-02-28,LTIM,1460.1,0.140703
2087,2018-03-31,LTIM,1338.15,-0.083522
2088,2018-04-30,LTIM,1568.9,0.17244
2089,2018-05-31,LTIM,1755.3,0.118809
2090,2018-06-30,LTIM,1665.95,-0.050903
2091,2018-07-31,LTIM,1876.0,0.126084
2092,2018-08-31,LTIM,1782.0,-0.050107
2093,2018-09-30,LTIM,1950.0,0.094276
2094,2018-10-31,LTIM,1754.5,-0.100256
2095,2018-11-30,LTIM,1551.0,-0.115987
2096,2018-12-31,LTIM,1721.65,0.110026
2097,2019-01-31,LTIM,1758.0,0.021113
2098,2019-02-28,LTIM,1718.0,-0.022753
2099,2019-03-31,LTIM,1705.0,-0.007567
2100,2019-04-30,LTIM,1710.1,0.002991
2101,2019-05-31,LTIM,1780.0,0.040875
2102,2019-06-30,LTIM,1843.0,0.035393
2103,2019-07-31,LTIM,1512.4,-0.179381
2104,2019-08-31,LTIM,1624.0,0.07379
2105,2019-09-30,LTIM,1509.0,-0.070813
2106,2019-10-31,LTIM,1717.0,0.13784
2107,2019-11-30,LTIM,1677.25,-0.023151
2108,2019-12-31,LTIM,1750.0,0.043375
2109,2020-01-31,LTIM,1935.0,0.105714
2110,2020-02-29,LTIM,1914.75,-0.010465
2111,2020-03-31,LTIM,1445.0,-0.245332
2112,2020-04-30,LTIM,1599.0,0.106574
2113,2020-05-31,LTIM,1799.0,0.125078
2114,2020-06-30,LTIM,1955.2,0.086826
2115,2020-07-31,LTIM,2415.0,0.235168
2116,2020-08-31,LTIM,2458.4,0.017971
2117,2020-09-30,LTIM,2545.0,0.035226
2118,2020-10-31,LTIM,2910.0,0.143418
2119,2020-11-30,LTIM,3198.75,0.099227
2120,2020-12-31,LTIM,3656.9,0.143228
2121,2021-01-31,LTIM,3999.0,0.093549
2122,2021-02-28,LTIM,3603.95,-0.098787
2123,2021-03-31,LTIM,4073.0,0.130149
2124,2021-04-30,LTIM,3887.0,-0.045667
2125,2021-05-31,LTIM,3947.0,0.015436
2126,2021-06-30,LTIM,4071.0,0.031416
2127,2021-07-31,LTIM,4678.35,0.149189
2128,2021-08-31,LTIM,5334.4,0.140231
2129,2021-09-30,LTIM,5778.9,0.083327
2130,2021-10-31,LTIM,6720.0,0.162851
2131,2021-11-30,LTIM,6787.0,0.00997
2132,2021-12-31,LTIM,7329.0,0.079859
2133,2022-01-31,LTIM,6282.0,-0.142857
2134,2022-02-28,LTIM,5825.0,-0.072748
2135,2022-03-31,LTIM,6155.0,0.056652
2136,2022-04-30,LTIM,4829.0,-0.215435
2137,2022-05-31,LTIM,4255.0,-0.118865
2138,2022-06-30,LTIM,3969.0,-0.067215
2139,2022-07-31,LTIM,4722.0,0.18972
2140,2022-08-31,LTIM,4643.0,-0.01673
2141,2022-09-30,LTIM,4460.6,-0.039285
2142,2022-10-31,LTIM,4737.0,0.061965
2143,2022-11-30,LTIM,4832.0,0.020055
2144,2022-12-31,LTIM,4358.0,-0.098096
2145,2023-01-31,LTIM,4367.0,0.002065
2146,2023-02-28,LTIM,4704.1,0.077193
2147,2023-03-31,LTIM,4746.65,0.009045
2148,2023-04-30,LTIM,4411.0,-0.070713
2149,2023-05-31,LTIM,4992.0,0.131716
2150,2023-06-30,LTIM,5180.25,0.03771
2151,2023-07-31,LTIM,4900.0,-0.0541
2152,2023-08-31,LTIM,5235.0,0.068367
2153,2023-09-30,LTIM,5205.0,-0.005731
2154,2023-10-31,LTIM,5064.0,-0.027089
2155,2023-11-30,LTIM,5535.0,0.093009
2156,2023-12-31,LTIM,6280.0,0.134598
2157,2024-01-31,LTIM,5420.0,-0.136943
2158,2024-02-29,LTIM,5320.0,-0.01845
2159,2024-03-31,LTIM,4939.0,-0.071617
2160,2024-04-30,LTIM,4709.0,-0.046568
2161,2024-05-31,LTIM,4695.2,-0.002931
2162,2024-06-30,LTIM,5380.0,0.145851
2163,2024-07-31,LTIM,5665.0,0.052974
2164,2024-08-31,LTIM,6151.6,0.085896
2165,2024-09-30,LTIM,6241.25,0.014573
2166,2024-10-31,LTIM,5694.15,-0.087659
2167,2024-11-30,LTIM,6170.2,0.083603
2168,2024-12-31,LTIM,5608.7,-0.091002
2169,2025-01-31,LTIM,5933.0,0.057821
2170,2025-02-28,LTIM,4663.7,-0.213939
2171,2025-03-31,LTIM,4488.85,-0.037492
2172,2025-04-30,LTIM,4571.6,0.018435
2173,2025-05-31,LTIM,5056.0,0.105959
2174,2025-06-30,LTIM,5311.5,0.050534
2175,2025-07-31,LTIM,5106.0,-0.03869
2176,2025-08-31,LTIM,5038.0,-0.013318
-1,2006-01-31,LUPIN,73.8001,
-1,2006-02-28,LUPIN,81.9788,0.110822
-1,2006-03-31,LUPIN,88.6923,0.081893
-1,2006-04-30,LUPIN,103.0945,0.162384
-1,2006-05-31,LUPIN,90.398,-0.123154
-1,2006-06-30,LUPIN,77.802,-0.139339
-1,2006-07-31,LUPIN,78.5237,0.009276
-1,2006-08-31,LUPIN,88.6056,0.128393
-1,2006-09-30,LUPIN,81.68,-0.078162
-1,2006-10-31,LUPIN,90.0771,0.102805
-1,2006-11-30,LUPIN,93.0552,0.033062
-1,2006-12-31,LUPIN,108.1488,0.162201
-1,2007-01-31,LUPIN,105.8932,-0.020856
-1,2007-02-28,LUPIN,105.6553,-0.002247
-1,2007-03-31,LUPIN,106.8271,0.011091
-1,2007-04-30,LUPIN,123.9562,0.160344
-1,2007-05-31,LUPIN,125.3483,0.011231
-1,2007-06-30,LUPIN,129.0138,0.029243
-1,2007-07-31,LUPIN,113.4972,-0.120271
-1,2007-08-31,LUPIN,104.3093,-0.080953
-1,2007-09-30,LUPIN,104.3714,0.000595
-1,2007-10-31,LUPIN,104.3625,-8.5e-05
-1,2007-11-30,LUPIN,92.7391,-0.111375
-1,2007-12-31,LUPIN,111.7625,0.205128
-1,2008-01-31,LUPIN,99.793,-0.107098
-1,2008-02-29,LUPIN,98.2758,-0.015203
-1,2008-03-31,LUPIN,88.4624,-0.099856
-1,2008-04-30,LUPIN,100.2189,0.132898
-1,2008-05-31,LUPIN,127.2457,0.269678
-1,2008-06-30,LUPIN,118.2929,-0.070358
-1,2008-07-31,LUPIN,130.8924,0.106511
-1,2008-08-31,LUPIN,131.795,0.006896
-1,2008-09-30,LUPIN,129.6516,-0.016263
-1,2008-10-31,LUPIN,119.7629,-0.076271
-1,2008-11-30,LUPIN,105.5243,-0.11889
-1,2008-12-31,LUPIN,111.2882,0.054622
-1,2009-01-31,LUPIN,102.6243,-0.077851
-1,2009-02-28,LUPIN,116.953,0.139623
-1,2009-03-31,LUPIN,123.3023,0.054289
-1,2009-04-30,LUPIN,129.4264,0.049667
-1,2009-05-31,LUPIN,150.6087,0.163663
-1,2009-06-30,LUPIN,147.0153,-0.023859
-1,2009-07-31,LUPIN,171.1877,0.164421
-1,2009-08-31,LUPIN,185.4188,0.083132
-1,2009-09-30,LUPIN,207.3096,0.118061
-1,2009-10-31,LUPIN,224.6523,0.083656
-1,2009-11-30,LUPIN,251.2007,0.118176
-1,2009-12-31,LUPIN,269.2466,0.071839
-1,2010-01-31,LUPIN,259.8492,-0.034903
-1,2010-02-28,LUPIN,274.1053,0.054863
-1,2010-03-31,LUPIN,297.238,0.084393
-1,2010-04-30,LUPIN,311.6675,0.048545
-1,2010-05-31,LUPIN,339.7685,0.090163
-1,2010-06-30,LUPIN,359.431,0.05787
-1,2010-07-31,LUPIN,343.0106,-0.045684
-1,2010-08-31,LUPIN,327.8456,-0.044211
-1,2010-09-30,LUPIN,357.0059,0.088945
-1,2010-10-31,LUPIN,403.1838,0.129348
-1,2010-11-30,LUPIN,470.4731,0.166895
-1,2010-12-31,LUPIN,443.7966,-0.056701
-1,2011-01-31,LUPIN,388.0978,-0.125505
-1,2011-02-28,LUPIN,350.6586,-0.096468
-1,2011-03-31,LUPIN,383.2683,0.092996
-1,2011-04-30,LUPIN,405.5295,0.058083
-1,2011-05-31,LUPIN,432.252,0.065895
-1,2011-06-30,LUPIN,413.2106,-0.044052
-1,2011-07-31,LUPIN,418.3159,0.012355
-1,2011-08-31,LUPIN,415.3704,-0.007041
-1,2011-09-30,LUPIN,439.0662,0.057047
-1,2011-10-31,LUPIN,435.2249,-0.008749
-1,2011-11-30,LUPIN,439.0662,0.008826
-1,2011-12-31,LUPIN,414.5374,-0.055866
-1,2012-01-31,LUPIN,439.6678,0.060623
-1,2012-02-29,LUPIN,445.0826,0.012316
-1,2012-03-31,LUPIN,490.114,0.101175
-1,2012-04-30,LUPIN,511.3106,0.043248
-1,2012-05-31,LUPIN,501.4065,-0.01937
-1,2012-06-30,LUPIN,497.195,-0.008399
-1,2012-07-31,LUPIN,556.2029,0.118682
-1,2012-08-31,LUPIN,552.1841,-0.007225
-1,2012-09-30,LUPIN,554.8375,0.004805
-1,2012-10-31,LUPIN,527.3728,-0.0495
-1,2012-11-30,LUPIN,550.2292,0.04334
-1,2012-12-31,LUPIN,571.5027,0.038663
-1,2013-01-31,LUPIN,562.6116,-0.015557
-1,2013-02-28,LUPIN,544.5964,-0.032021
-1,2013-03-31,LUPIN,585.1886,0.074536
-1,2013-04-30,LUPIN,654.1301,0.117811
-1,2013-05-31,LUPIN,686.8088,0.049957
-1,2013-06-30,LUPIN,727.5406,0.059306
-1,2013-07-31,LUPIN,811.0527,0.114787
-1,2013-08-31,LUPIN,744.7579,-0.081739
-1,2013-09-30,LUPIN,800.554,0.074918
-1,2013-10-31,LUPIN,830.5333,0.037448
-1,2013-11-30,LUPIN,800.554,-0.036096
-1,2013-12-31,LUPIN,849.4749,0.061109
-1,2014-01-31,LUPIN,824.921,-0.028905
-1,2014-02-28,LUPIN,931.1345,0.128756
-1,2014-03-31,LUPIN,875.7468,-0.059484
-1,2014-04-30,LUPIN,928.7242,0.060494
-1,2014-05-31,LUPIN,878.3745,-0.054214
-1,2014-06-30,LUPIN,983.5787,0.119771
-1,2014-07-31,LUPIN,1109.054,0.12757
-1,2014-08-31,LUPIN,1209.6635,0.090717
-1,2014-09-30,LUPIN,1313.4175,0.085771
-1,2014-10-31,LUPIN,1288.3848,-0.019059
-1,2014-11-30,LUPIN,1393.2208,0.08137
-1,2014-12-31,LUPIN,1343.8142,-0.035462
-1,2015-01-31,LUPIN,1491.8932,0.110193
-1,2015-02-28,LUPIN,1635.1254,0.096007
-1,2015-03-31,LUPIN,1890.0637,0.155914
13740,2015-04-30,LUPIN,1772.55,-0.062174
13741,2015-05-31,LUPIN,1833.25,0.034244
13742,2015-06-30,LUPIN,1886.05,0.028801
13743,2015-07-31,LUPIN,1696.7,-0.100395
13744,2015-08-31,LUPIN,1935.55,0.140773
13745,2015-09-30,LUPIN,2034.0,0.050864
13746,2015-10-31,LUPIN,1928.9,-0.051672
13747,2015-11-30,LUPIN,1786.95,-0.073591
13748,2015-12-31,LUPIN,1837.25,0.028149
13749,2016-01-31,LUPIN,1710.75,-0.068853
13750,2016-02-29,LUPIN,1754.55,0.025603
13751,2016-03-31,LUPIN,1479.25,-0.156906
13752,2016-04-30,LUPIN,1607.25,0.08653
13753,2016-05-31,LUPIN,1474.75,-0.082439
13754,2016-06-30,LUPIN,1539.7,0.044041
13755,2016-07-31,LUPIN,1739.85,0.129993
13756,2016-08-31,LUPIN,1482.2,-0.148087
13757,2016-09-30,LUPIN,1486.25,0.002732
13758,2016-10-31,LUPIN,1518.2,0.021497
13759,2016-11-30,LUPIN,1504.85,-0.008793
13760,2016-12-31,LUPIN,1486.95,-0.011895
13761,2017-01-31,LUPIN,1470.7,-0.010928
13762,2017-02-28,LUPIN,1474.1,0.002312
13763,2017-03-31,LUPIN,1445.2,-0.019605
13764,2017-04-30,LUPIN,1338.35,-0.073934
13765,2017-05-31,LUPIN,1161.0,-0.132514
13766,2017-06-30,LUPIN,1059.85,-0.087123
13767,2017-07-31,LUPIN,1032.0,-0.026277
13768,2017-08-31,LUPIN,979.45,-0.050921
13769,2017-09-30,LUPIN,1014.0,0.035275
13770,2017-10-31,LUPIN,1028.05,0.013856
13771,2017-11-30,LUPIN,817.7,-0.204611
13772,2017-12-31,LUPIN,885.1,0.082426
13773,2018-01-31,LUPIN,883.75,-0.001525
13774,2018-02-28,LUPIN,819.95,-0.072192
13775,2018-03-31,LUPIN,735.85,-0.102567
13776,2018-04-30,LUPIN,811.55,0.102874
13777,2018-05-31,LUPIN,770.35,-0.050767
13778,2018-06-30,LUPIN,903.8,0.173233
13779,2018-07-31,LUPIN,824.4,-0.087851
13780,2018-08-31,LUPIN,931.45,0.129852
13781,2018-09-30,LUPIN,900.95,-0.032745
13782,2018-10-31,LUPIN,885.45,-0.017204
13783,2018-11-30,LUPIN,886.75,0.001468
13784,2018-12-31,LUPIN,844.3,-0.047871
13785,2019-01-31,LUPIN,875.7,0.037191
13786,2019-02-28,LUPIN,763.75,-0.127841
13787,2019-03-31,LUPIN,739.6,-0.03162
13788,2019-04-30,LUPIN,872.05,0.179083
13789,2019-05-31,LUPIN,745.55,-0.14506
13790,2019-06-30,LUPIN,754.75,0.01234
13791,2019-07-31,LUPIN,764.8,0.013316
13792,2019-08-31,LUPIN,741.0,-0.031119
13793,2019-09-30,LUPIN,715.7,-0.034143
13794,2019-10-31,LUPIN,745.1,0.041079
13795,2019-11-30,LUPIN,800.65,0.074554
13796,2019-12-31,LUPIN,763.45,-0.046462
13797,2020-01-31,LUPIN,718.25,-0.059205
13798,2020-02-29,LUPIN,640.0,-0.108945
13799,2020-03-31,LUPIN,589.65,-0.078672
13800,2020-04-30,LUPIN,835.3,0.416603
13801,2020-05-31,LUPIN,869.8,0.041303
13802,2020-06-30,LUPIN,911.8,0.048287
13803,2020-07-31,LUPIN,926.55,0.016177
13804,2020-08-31,LUPIN,927.55,0.001079
13805,2020-09-30,LUPIN,1007.4,0.086087
13806,2020-10-31,LUPIN,909.25,-0.097429
13807,2020-11-30,LUPIN,891.8,-0.019192
13808,2020-12-31,LUPIN,976.85,0.095369
13809,2021-01-31,LUPIN,1007.6,0.031479
13810,2021-02-28,LUPIN,1018.35,0.010669
13811,2021-03-31,LUPIN,1020.45,0.002062
13812,2021-04-30,LUPIN,1069.5,0.048067
13813,2021-05-31,LUPIN,1219.5,0.140252
13814,2021-06-30,LUPIN,1149.1,-0.057729
13815,2021-07-31,LUPIN,1107.4,-0.036289
13816,2021-08-31,LUPIN,957.85,-0.135046
13817,2021-09-30,LUPIN,951.6,-0.006525
13818,2021-10-31,LUPIN,922.9,-0.03016
13819,2021-11-30,LUPIN,884.4,-0.041716
13820,2021-12-31,LUPIN,950.75,0.075023
13821,2022-01-31,LUPIN,947.5,-0.003418
-1,2006-01-31,M&M,109.1561,
-1,2006-02-28,M&M,115.001,0.053546
-1,2006-03-31,M&M,122.5758,0.065867
-1,2006-04-30,M&M,123.4164,0.006858
-1,2006-05-31,M&M,119.4188,-0.032391
-1,2006-06-30,M&M,121.5496,0.017843
-1,2006-07-31,M&M,117.3675,-0.034407
-1,2006-08-31,M&M,128.5355,0.095154
-1,2006-09-30,M&M,135.2681,0.052379
-1,2006-10-31,M&M,155.5254,0.149757
-1,2006-11-30,M&M,163.3221,0.050131
-1,2006-12-31,M&M,180.6856,0.106314
-1,2007-01-31,M&M,179.2237,-0.008091
-1,2007-02-28,M&M,161.3729,-0.099601
-1,2007-03-31,M&M,155.2172,-0.038146
-1,2007-04-30,M&M,156.1788,0.006195
-1,2007-05-31,M&M,152.1122,-0.026038
-1,2007-06-30,M&M,145.224,-0.045284
-1,2007-07-31,M&M,146.3586,0.007813
-1,2007-08-31,M&M,142.9652,-0.023186
-1,2007-09-30,M&M,151.8286,0.061997
-1,2007-10-31,M&M,152.3233,0.003258
-1,2007-11-30,M&M,147.296,-0.033004
-1,2007-12-31,M&M,174.0275,0.181482
-1,2008-01-31,M&M,134.233,-0.228668
-1,2008-02-29,M&M,139.6642,0.040461
-1,2008-03-31,M&M,140.7342,0.007661
-1,2008-04-30,M&M,135.3132,-0.038519
-1,2008-05-31,M&M,119.1511,-0.119442
-1,2008-06-30,M&M,98.6381,-0.17216
-1,2008-07-31,M&M,105.5431,0.070003
-1,2008-08-31,M&M,119.7443,0.134554
-1,2008-09-30,M&M,105.4346,-0.119502
-1,2008-10-31,M&M,77.4981,-0.264965
-1,2008-11-30,M&M,58.108,-0.250201
-1,2008-12-31,M&M,56.8043,-0.022436
-1,2009-01-31,M&M,62.5468,0.101093
-1,2009-02-28,M&M,64.5024,0.031266
-1,2009-03-31,M&M,79.3915,0.23083
-1,2009-04-30,M&M,100.9751,0.271863
-1,2009-05-31,M&M,138.4204,0.370837
-1,2009-06-30,M&M,143.0455,0.033413
-1,2009-07-31,M&M,177.7696,0.242749
-1,2009-08-31,M&M,181.1785,0.019176
-1,2009-09-30,M&M,185.2797,0.022636
-1,2009-10-31,M&M,193.4088,0.043875
-1,2009-11-30,M&M,215.9394,0.116492
-1,2009-12-31,M&M,226.7432,0.050032
-1,2010-01-31,M&M,213.4639,-0.058565
-1,2010-02-28,M&M,211.4081,-0.009631
-1,2010-03-31,M&M,227.1313,0.074374
-1,2010-04-30,M&M,220.7539,-0.028078
-1,2010-05-31,M&M,240.2847,0.088473
-1,2010-06-30,M&M,263.2138,0.095425
-1,2010-07-31,M&M,277.542,0.054436
-1,2010-08-31,M&M,267.0217,-0.037905
-1,2010-09-30,M&M,294.6314,0.103399
-1,2010-10-31,M&M,312.6118,0.061027
-1,2010-11-30,M&M,326.0758,0.043069
-1,2010-12-31,M&M,331.5722,0.016856
-1,2011-01-31,M&M,303.9412,-0.083333
-1,2011-02-28,M&M,262.3562,-0.136819
-1,2011-03-31,M&M,298.4022,0.137393
-1,2011-04-30,M&M,322.2838,0.080032
-1,2011-05-31,M&M,286.3655,-0.111449
-1,2011-06-30,M&M,299.0626,0.044339
-1,2011-07-31,M&M,307.0942,0.026856
-1,2011-08-31,M&M,319.6251,0.040805
-1,2011-09-30,M&M,348.4634,0.090225
-1,2011-10-31,M&M,374.7037,0.075303
-1,2011-11-30,M&M,314.0176,-0.161958
-1,2011-12-31,M&M,295.2251,-0.059845
-1,2012-01-31,M&M,291.761,-0.011734
-1,2012-02-29,M&M,307.371,0.053503
-1,2012-03-31,M&M,303.1924,-0.013595
-1,2012-04-30,M&M,307.4576,0.014068
-1,2012-05-31,M&M,282.5812,-0.08091
-1,2012-06-30,M&M,306.2451,0.083742
-1,2012-07-31,M&M,303.4739,-0.009049
-1,2012-08-31,M&M,336.2029,0.107848
-1,2012-09-30,M&M,380.9403,0.133067
-1,2012-10-31,M&M,389.6411,0.02284
-1,2012-11-30,M&M,417.1973,0.070722
-1,2012-12-31,M&M,410.4349,-0.016209
-1,2013-01-31,M&M,391.7558,-0.045511
-1,2013-02-28,M&M,384.9053,-0.017487
-1,2013-03-31,M&M,379.4425,-0.014193
-1,2013-04-30,M&M,407.1088,0.072913
-1,2013-05-31,M&M,426.2505,0.047019
-1,2013-06-30,M&M,427.5942,0.003152
-1,2013-07-31,M&M,401.5139,-0.060993
-1,2013-08-31,M&M,350.1544,-0.127915
-1,2013-09-30,M&M,369.9142,0.056432
-1,2013-10-31,M&M,396.9161,0.072995
-1,2013-11-30,M&M,422.5771,0.064651
-1,2013-12-31,M&M,422.1076,-0.001111
-1,2014-01-31,M&M,397.9667,-0.057191
-1,2014-02-28,M&M,435.6533,0.094698
-1,2014-03-31,M&M,438.425,0.006362
-1,2014-04-30,M&M,480.2245,0.09534
-1,2014-05-31,M&M,552.3343,0.150159
-1,2014-06-30,M&M,512.8594,-0.071469
-1,2014-07-31,M&M,537.2015,0.047463
-1,2014-08-31,M&M,636.3837,0.184628
-1,2014-09-30,M&M,615.4001,-0.032973
-1,2014-10-31,M&M,590.7081,-0.040123
-1,2014-11-30,M&M,598.6448,0.013436
-1,2014-12-31,M&M,558.2603,-0.06746
-1,2015-01-31,M&M,572.1213,0.024829
-1,2015-02-28,M&M,579.0858,0.012173
4876,2015-03-31,M&M,592.45,0.023078
4877,2015-04-30,M&M,576.5,-0.026922
4878,2015-05-31,M&M,626.9,0.087424
4879,2015-06-30,M&M,643.23,0.026049
4880,2015-07-31,M&M,679.38,0.056201
4881,2015-08-31,M&M,611.38,-0.100091
4882,2015-09-30,M&M,630.63,0.031486
4883,2015-10-31,M&M,590.0,-0.064428
4884,2015-11-30,M&M,683.75,0.158898
4885,2015-12-31,M&M,632.5,-0.074954
4886,2016-01-31,M&M,615.28,-0.027225
4887,2016-02-29,M&M,615.0,-0.000455
4888,2016-03-31,M&M,604.5,-0.017073
4889,2016-04-30,M&M,665.25,0.100496
4890,2016-05-31,M&M,662.0,-0.004885
4891,2016-06-30,M&M,714.0,0.07855
4892,2016-07-31,M&M,733.53,0.027353
4893,2016-08-31,M&M,720.33,-0.017995
4894,2016-09-30,M&M,702.0,-0.025447
4895,2016-10-31,M&M,656.98,-0.064131
4896,2016-11-30,M&M,592.73,-0.097796
4897,2016-12-31,M&M,589.8,-0.004943
4898,2017-01-31,M&M,621.33,0.053459
4899,2017-02-28,M&M,654.35,0.053144
4900,2017-03-31,M&M,646.5,-0.011997
4901,2017-04-30,M&M,668.03,0.033302
4902,2017-05-31,M&M,706.85,0.058111
4903,2017-06-30,M&M,677.5,-0.041522
4904,2017-07-31,M&M,703.0,0.037638
4905,2017-08-31,M&M,672.05,-0.044026
4906,2017-09-30,M&M,629.0,-0.064058
4907,2017-10-31,M&M,673.0,0.069952
4908,2017-11-30,M&M,703.55,0.045394
4909,2017-12-31,M&M,751.5,0.068154
4910,2018-01-31,M&M,765.9,0.019162
4911,2018-02-28,M&M,727.0,-0.05079
4912,2018-03-31,M&M,737.0,0.013755
4913,2018-04-30,M&M,873.05,0.1846
4914,2018-05-31,M&M,924.0,0.058359
4915,2018-06-30,M&M,896.75,-0.029491
4916,2018-07-31,M&M,934.1,0.04165
4917,2018-08-31,M&M,964.75,0.032812
4918,2018-09-30,M&M,864.35,-0.104068
4919,2018-10-31,M&M,764.5,-0.11552
4920,2018-11-30,M&M,790.95,0.034598
4921,2018-12-31,M&M,804.8,0.017511
4922,2019-01-31,M&M,680.75,-0.154138
4923,2019-02-28,M&M,645.55,-0.051708
4924,2019-03-31,M&M,675.0,0.04562
4925,2019-04-30,M&M,646.0,-0.042963
4926,2019-05-31,M&M,648.0,0.003096
4927,2019-06-30,M&M,655.6,0.011728
4928,2019-07-31,M&M,549.1,-0.162447
4929,2019-08-31,M&M,529.8,-0.035148
4930,2019-09-30,M&M,548.0,0.034353
4931,2019-10-31,M&M,605.55,0.105018
4932,2019-11-30,M&M,528.8,-0.126744
4933,2019-12-31,M&M,531.25,0.004633
4934,2020-01-31,M&M,568.8,0.070682
4935,2020-02-29,M&M,457.0,-0.196554
4936,2020-03-31,M&M,284.45,-0.377571
4937,2020-04-30,M&M,367.7,0.29267
4938,2020-05-31,M&M,436.4,0.186837
4939,2020-06-30,M&M,510.65,0.170142
4940,2020-07-31,M&M,610.85,0.196221
4941,2020-08-31,M&M,605.55,-0.008676
4942,2020-09-30,M&M,606.65,0.001817
4943,2020-10-31,M&M,594.75,-0.019616
4944,2020-11-30,M&M,717.35,0.206137
4945,2020-12-31,M&M,721.7,0.006064
4946,2021-01-31,M&M,753.0,0.04337
4947,2021-02-28,M&M,804.9,0.068924
4948,2021-03-31,M&M,793.0,-0.014784
4949,2021-04-30,M&M,753.05,-0.050378
4950,2021-05-31,M&M,808.4,0.073501
4951,2021-06-30,M&M,780.0,-0.035131
4952,2021-07-31,M&M,744.75,-0.045192
4953,2021-08-31,M&M,793.15,0.064988
4954,2021-09-30,M&M,802.15,0.011347
4955,2021-10-31,M&M,885.0,0.103285
4956,2021-11-30,M&M,834.0,-0.057627
4957,2021-12-31,M&M,836.9,0.003477
4958,2022-01-31,M&M,884.0,0.056279
4959,2022-02-28,M&M,791.1,-0.10509
4960,2022-03-31,M&M,809.9,0.023764
4961,2022-04-30,M&M,924.0,0.140882
4962,2022-05-31,M&M,1032.0,0.116883
4963,2022-06-30,M&M,1093.4,0.059496
4964,2022-07-31,M&M,1162.65,0.063335
4965,2022-08-31,M&M,1309.0,0.125876
4966,2022-09-30,M&M,1268.0,-0.031322
4967,2022-10-31,M&M,1350.0,0.064669
4968,2022-11-30,M&M,1307.95,-0.031148
4969,2022-12-31,M&M,1251.0,-0.043541
4970,2023-01-31,M&M,1377.0,0.100719
4971,2023-02-28,M&M,1275.35,-0.07382
4972,2023-03-31,M&M,1158.0,-0.092014
4973,2023-04-30,M&M,1225.1,0.057945
4974,2023-05-31,M&M,1316.2,0.074361
4975,2023-06-30,M&M,1456.0,0.106215
4976,2023-07-31,M&M,1474.0,0.012363
4977,2023-08-31,M&M,1577.7,0.070353
4978,2023-09-30,M&M,1555.75,-0.013913
4979,2023-10-31,M&M,1464.0,-0.058975
4980,2023-11-30,M&M,1644.6,0.123361
4981,2023-12-31,M&M,1729.0,0.051319
4982,2024-01-31,M&M,1657.0,-0.041643
4983,2024-02-29,M&M,1932.0,0.165963
4984,2024-03-31,M&M,1915.35,-0.008618
4985,2024-04-30,M&M,2159.9,0.127679
4986,2024-05-31,M&M,2517.95,0.165772
4987,2024-06-30,M&M,2869.6,0.139657
4988,2024-07-31,M&M,2909.0,0.01373
4989,2024-08-31,M&M,2812.0,-0.033345
4990,2024-09-30,M&M,3115.0,0.107752
4991,2024-10-31,M&M,2750.0,-0.117175
4992,2024-11-30,M&M,2972.0,0.080727
4993,2024-12-31,M&M,3014.85,0.014418
4994,2025-01-31,M&M,3000.0,-0.004926
4995,2025-02-28,M&M,2595.0,-0.135
4996,2025-03-31,M&M,2660.0,0.025048
4997,2025-04-30,M&M,2919.5,0.097556
4998,2025-05-31,M&M,2970.0,0.017297
4999,2025-06-30,M&M,3175.5,0.069192
5000,2025-07-31,M&M,3197.5,0.006928
5001,2025-08-31,M&M,3227.5,0.009382
-1,2006-01-31,MARUTI,656.0933,
-1,2006-02-28,MARUTI,711.4921,0.084437
-1,2006-03-31,MARUTI,756.209,0.062849
-1,2006-04-30,MARUTI,802.3098,0.060963
-1,2006-05-31,MARUTI,635.7241,-0.207633
-1,2006-06-30,MARUTI,689.0902,0.083945
-1,2006-07-31,MARUTI,681.4357,-0.011108
-1,2006-08-31,MARUTI,745.008,0.093292
-1,2006-09-30,MARUTI,852.3219,0.144044
-1,2006-10-31,MARUTI,840.7701,-0.013553
-1,2006-11-30,MARUTI,804.4208,-0.043233
-1,2006-12-31,MARUTI,807.07,0.003293
-1,2007-01-31,MARUTI,803.3351,-0.004628
-1,2007-02-28,MARUTI,731.0706,-0.089956
-1,2007-03-31,MARUTI,712.3964,-0.025544
-1,2007-04-30,MARUTI,700.1494,-0.017191
-1,2007-05-31,MARUTI,709.7037,0.013646
-1,2007-06-30,MARUTI,646.3421,-0.089279
-1,2007-07-31,MARUTI,733.546,0.134919
-1,2007-08-31,MARUTI,753.6532,0.027411
-1,2007-09-30,MARUTI,872.5948,0.15782
-1,2007-10-31,MARUTI,938.2085,0.075194
-1,2007-11-30,MARUTI,886.0494,-0.055594
-1,2007-12-31,MARUTI,868.8816,-0.019376
-1,2008-01-31,MARUTI,742.8085,-0.145098
-1,2008-02-29,MARUTI,758.5349,0.021172
-1,2008-03-31,MARUTI,722.5391,-0.047454
-1,2008-04-30,MARUTI,648.363,-0.10266
-1,2008-05-31,MARUTI,666.6667,0.028231
-1,2008-06-30,MARUTI,538.6716,-0.191993
-1,2008-07-31,MARUTI,502.9379,-0.066337
-1,2008-08-31,MARUTI,567.5471,0.128464
-1,2008-09-30,MARUTI,607.5564,0.070495
-1,2008-10-31,MARUTI,495.7633,-0.184004
-1,2008-11-30,MARUTI,469.6634,-0.052646
-1,2008-12-31,MARUTI,457.9119,-0.025021
-1,2009-01-31,MARUTI,500.2526,0.092465
-1,2009-02-28,MARUTI,596.201,0.1918
-1,2009-03-31,MARUTI,686.4718,0.15141
-1,2009-04-30,MARUTI,716.5328,0.043791
-1,2009-05-31,MARUTI,904.1163,0.261793
-1,2009-06-30,MARUTI,940.9553,0.040746
-1,2009-07-31,MARUTI,1245.0856,0.323214
-1,2009-08-31,MARUTI,1265.5957,0.016473
-1,2009-09-30,MARUTI,1501.7975,0.186633
-1,2009-10-31,MARUTI,1238.6694,-0.175209
-1,2009-11-30,MARUTI,1374.6466,0.109777
-1,2009-12-31,MARUTI,1377.0742,0.001766
-1,2010-01-31,MARUTI,1226.4441,-0.109384
-1,2010-02-28,MARUTI,1288.6738,0.05074
-1,2010-03-31,MARUTI,1251.6008,-0.028768
-1,2010-04-30,MARUTI,1129.5699,-0.0975
-1,2010-05-31,MARUTI,1091.7466,-0.033485
-1,2010-06-30,MARUTI,1256.7203,0.15111
-1,2010-07-31,MARUTI,1057.9841,-0.158139
-1,2010-08-31,MARUTI,1109.9744,0.049141
-1,2010-09-30,MARUTI,1278.0168,0.151393
-1,2010-10-31,MARUTI,1376.203,0.076827
-1,2010-11-30,MARUTI,1261.2533,-0.083527
-1,2010-12-31,MARUTI,1260.8986,-0.000281
-1,2011-01-31,MARUTI,1111.2245,-0.118704
-1,2011-02-28,MARUTI,1071.6218,-0.035639
-1,2011-03-31,MARUTI,1119.4734,0.044653
-1,2011-04-30,MARUTI,1168.6995,0.043973
-1,2011-05-31,MARUTI,1091.0907,-0.066406
-1,2011-06-30,MARUTI,1028.7819,-0.057107
-1,2011-07-31,MARUTI,1070.2472,0.040305
-1,2011-08-31,MARUTI,968.1583,-0.095388
-1,2011-09-30,MARUTI,966.8357,-0.001366
-1,2011-10-31,MARUTI,1004.5986,0.039058
-1,2011-11-30,MARUTI,867.8757,-0.136097
-1,2011-12-31,MARUTI,819.8017,-0.055393
-1,2012-01-31,MARUTI,1059.4125,0.292279
-1,2012-02-29,MARUTI,1120.2081,0.057386
-1,2012-03-31,MARUTI,1205.6432,0.076267
-1,2012-04-30,MARUTI,1224.703,0.015809
-1,2012-05-31,MARUTI,982.2353,-0.197981
-1,2012-06-30,MARUTI,1044.2804,0.063167
-1,2012-07-31,MARUTI,1013.1241,-0.029835
-1,2012-08-31,MARUTI,1020.6678,0.007446
-1,2012-09-30,MARUTI,1213.4125,0.188842
-1,2012-10-31,MARUTI,1291.8451,0.064638
-1,2012-11-30,MARUTI,1324.1434,0.025002
-1,2012-12-31,MARUTI,1338.6981,0.010992
-1,2013-01-31,MARUTI,1420.9485,0.061441
-1,2013-02-28,MARUTI,1216.7816,-0.143684
-1,2013-03-31,MARUTI,1151.0616,-0.054011
-1,2013-04-30,MARUTI,1500.0101,0.303154
-1,2013-05-31,MARUTI,1442.5111,-0.038332
-1,2013-06-30,MARUTI,1381.5527,-0.042259
-1,2013-07-31,MARUTI,1191.5811,-0.137506
-1,2013-08-31,MARUTI,1117.2361,-0.062392
-1,2013-09-30,MARUTI,1227.671,0.098847
-1,2013-10-31,MARUTI,1478.5728,0.204372
-1,2013-11-30,MARUTI,1514.6742,0.024416
-1,2013-12-31,MARUTI,1593.9707,0.052352
-1,2014-01-31,MARUTI,1478.6182,-0.072368
-1,2014-02-28,MARUTI,1435.9202,-0.028877
-1,2014-03-31,MARUTI,1781.7968,0.240875
-1,2014-04-30,MARUTI,1737.7433,-0.024724
-1,2014-05-31,MARUTI,2052.9412,0.181383
-1,2014-06-30,MARUTI,2204.3496,0.073752
-1,2014-07-31,MARUTI,2280.8899,0.034722
-1,2014-08-31,MARUTI,2516.2488,0.103187
-1,2014-09-30,MARUTI,2779.8154,0.104746
-1,2014-10-31,MARUTI,3028.8584,0.08959
-1,2014-11-30,MARUTI,3036.9805,0.002682
-1,2014-12-31,MARUTI,3022.0969,-0.004901
-1,2015-01-31,MARUTI,3310.302,0.095366
-1,2015-02-28,MARUTI,3271.3213,-0.011776
9228,2015-03-31,MARUTI,3695.35,0.12962
9229,2015-04-30,MARUTI,3735.4,0.010838
9230,2015-05-31,MARUTI,3781.15,0.012248
9231,2015-06-30,MARUTI,4017.2,0.062428
9232,2015-07-31,MARUTI,4328.0,0.077367
9233,2015-08-31,MARUTI,4174.9,-0.035374
9234,2015-09-30,MARUTI,4670.0,0.11859
9235,2015-10-31,MARUTI,4461.0,-0.044754
9236,2015-11-30,MARUTI,4555.0,0.021072
9237,2015-12-31,MARUTI,4620.0,0.01427
9238,2016-01-31,MARUTI,4111.95,-0.109968
9239,2016-02-29,MARUTI,3263.0,-0.206459
9240,2016-03-31,MARUTI,3710.25,0.137067
9241,2016-04-30,MARUTI,3795.3,0.022923
9242,2016-05-31,MARUTI,4154.05,0.094525
9243,2016-06-30,MARUTI,4199.7,0.010989
9244,2016-07-31,MARUTI,4765.0,0.134605
9245,2016-08-31,MARUTI,5056.0,0.06107
9246,2016-09-30,MARUTI,5490.2,0.085878
9247,2016-10-31,MARUTI,5900.35,0.074706
9248,2016-11-30,MARUTI,5265.0,-0.10768
9249,2016-12-31,MARUTI,5315.3,0.009554
9250,2017-01-31,MARUTI,5899.95,0.109994
9251,2017-02-28,MARUTI,5927.0,0.004585
9252,2017-03-31,MARUTI,6035.1,0.018239
9253,2017-04-30,MARUTI,6510.0,0.07869
9254,2017-05-31,MARUTI,7219.75,0.109025
9255,2017-06-30,MARUTI,7201.25,-0.002562
9256,2017-07-31,MARUTI,7745.1,0.075522
9257,2017-08-31,MARUTI,7719.95,-0.003247
9258,2017-09-30,MARUTI,7984.0,0.034204
9259,2017-10-31,MARUTI,8220.0,0.029559
9260,2017-11-30,MARUTI,8595.0,0.04562
9261,2017-12-31,MARUTI,9735.3,0.13267
9262,2018-01-31,MARUTI,9500.0,-0.02417
9263,2018-02-28,MARUTI,8854.0,-0.068
9264,2018-03-31,MARUTI,8853.0,-0.000113
9265,2018-04-30,MARUTI,8808.0,-0.005083
9266,2018-05-31,MARUTI,8552.05,-0.029059
9267,2018-06-30,MARUTI,8815.3,0.030782
9268,2018-07-31,MARUTI,9535.0,0.081642
9269,2018-08-31,MARUTI,9099.0,-0.045726
9270,2018-09-30,MARUTI,7311.15,-0.196489
9271,2018-10-31,MARUTI,6600.0,-0.097269
9272,2018-11-30,MARUTI,7649.0,0.158939
9273,2018-12-31,MARUTI,7450.75,-0.025918
9274,2019-01-31,MARUTI,6635.0,-0.109486
9275,2019-02-28,MARUTI,6830.0,0.02939
9276,2019-03-31,MARUTI,6672.0,-0.023133
9277,2019-04-30,MARUTI,6639.95,-0.004804
9278,2019-05-31,MARUTI,6830.0,0.028622
9279,2019-06-30,MARUTI,6539.0,-0.042606
9280,2019-07-31,MARUTI,5470.0,-0.163481
9281,2019-08-31,MARUTI,6108.35,0.1167
9282,2019-09-30,MARUTI,6700.0,0.096859
9283,2019-10-31,MARUTI,7555.5,0.127687
9284,2019-11-30,MARUTI,7253.35,-0.039991
9285,2019-12-31,MARUTI,7370.0,0.016082
9286,2020-01-31,MARUTI,6932.0,-0.05943
9287,2020-02-29,MARUTI,6294.0,-0.092037
9288,2020-03-31,MARUTI,4288.3,-0.318669
9289,2020-04-30,MARUTI,5343.0,0.245948
9290,2020-05-31,MARUTI,5581.0,0.044544
9291,2020-06-30,MARUTI,5830.0,0.044616
9292,2020-07-31,MARUTI,6260.0,0.073756
9293,2020-08-31,MARUTI,6815.75,0.088778
9294,2020-09-30,MARUTI,6733.0,-0.012141
9295,2020-10-31,MARUTI,6938.0,0.030447
9296,2020-11-30,MARUTI,6985.0,0.006774
9297,2020-12-31,MARUTI,7654.0,0.095777
9298,2021-01-31,MARUTI,7222.0,-0.056441
9299,2021-02-28,MARUTI,6851.0,-0.051371
9300,2021-03-31,MARUTI,6864.75,0.002007
9301,2021-04-30,MARUTI,6438.35,-0.062114
9302,2021-05-31,MARUTI,7075.05,0.098892
9303,2021-06-30,MARUTI,7539.9,0.065703
9304,2021-07-31,MARUTI,6994.0,-0.072401
9305,2021-08-31,MARUTI,6836.3,-0.022548
9306,2021-09-30,MARUTI,7320.05,0.070762
9307,2021-10-31,MARUTI,7456.05,0.018579
9308,2021-11-30,MARUTI,7058.0,-0.053386
9309,2021-12-31,MARUTI,7420.0,0.051289
9310,2022-01-31,MARUTI,8584.95,0.157001
9311,2022-02-28,MARUTI,8304.9,-0.032621
9312,2022-03-31,MARUTI,7563.25,-0.089303
9313,2022-04-30,MARUTI,7681.0,0.015569
9314,2022-05-31,MARUTI,7999.7,0.041492
9315,2022-06-30,MARUTI,8440.0,0.05504
9316,2022-07-31,MARUTI,8766.0,0.038626
9317,2022-08-31,MARUTI,9051.0,0.032512
9318,2022-09-30,MARUTI,8836.0,-0.023754
9319,2022-10-31,MARUTI,9535.0,0.079108
9320,2022-11-30,MARUTI,8990.0,-0.057158
9321,2022-12-31,MARUTI,8413.0,-0.064182
9322,2023-01-31,MARUTI,8900.0,0.057887
9323,2023-02-28,MARUTI,8654.0,-0.02764
9324,2023-03-31,MARUTI,8302.0,-0.040675
9325,2023-04-30,MARUTI,8606.0,0.036618
9326,2023-05-31,MARUTI,9325.0,0.083546
9327,2023-06-30,MARUTI,9779.0,0.048686
9328,2023-07-31,MARUTI,9813.0,0.003477
9329,2023-08-31,MARUTI,10000.0,0.019056
9330,2023-09-30,MARUTI,10586.7,0.05867
9331,2023-10-31,MARUTI,10388.0,-0.018769
9332,2023-11-30,MARUTI,10635.0,0.023777
9333,2023-12-31,MARUTI,10301.85,-0.031326
9334,2024-01-31,MARUTI,10161.05,-0.013667
9335,2024-02-29,MARUTI,11300.0,0.11209
9336,2024-03-31,MARUTI,12607.0,0.115664
9337,2024-04-30,MARUTI,12800.0,0.015309
9338,2024-05-31,MARUTI,12425.0,-0.029297
9339,2024-06-30,MARUTI,12025.0,-0.032193
9340,2024-07-31,MARUTI,13370.0,0.11185
9341,2024-08-31,MARUTI,12461.8,-0.067928
9342,2024-09-30,MARUTI,13246.7,0.062984
9343,2024-10-31,MARUTI,11110.85,-0.161236
9344,2024-11-30,MARUTI,11081.15,-0.002673
9345,2024-12-31,MARUTI,10868.0,-0.019235
9346,2025-01-31,MARUTI,12308.25,0.132522
9347,2025-02-28,MARUTI,11950.0,-0.029106
9348,2025-03-31,MARUTI,11490.15,-0.038481
9349,2025-04-30,MARUTI,12218.0,0.063346
9350,2025-05-31,MARUTI,12323.0,0.008594
9351,2025-06-30,MARUTI,12406.0,0.006735
9352,2025-07-31,MARUTI,12521.0,0.00927
9353,2025-08-31,MARUTI,12524.0,0.00024
3819,2015-03-31,MOTHERSON,60.9,
3820,2015-04-30,MOTHERSON,59.57,-0.021839
3821,2015-05-31,MOTHERSON,57.5,-0.034749
3822,2015-06-30,MOTHERSON,61.03,0.061391
3823,2015-07-31,MOTHERSON,61.33,0.004916
3824,2015-08-31,MOTHERSON,53.57,-0.126529
3825,2015-09-30,MOTHERSON,40.93,-0.235953
3826,2015-10-31,MOTHERSON,43.47,0.062057
3827,2015-11-30,MOTHERSON,51.1,0.175523
3828,2015-12-31,MOTHERSON,51.9,0.015656
3829,2016-01-31,MOTHERSON,47.37,-0.087283
3830,2016-02-29,MOTHERSON,39.87,-0.158328
3831,2016-03-31,MOTHERSON,46.5,0.16629
3832,2016-04-30,MOTHERSON,44.33,-0.046667
3833,2016-05-31,MOTHERSON,50.2,0.132416
3834,2016-06-30,MOTHERSON,51.5,0.025896
3835,2016-07-31,MOTHERSON,58.67,0.139223
3836,2016-08-31,MOTHERSON,56.8,-0.031873
3837,2016-09-30,MOTHERSON,56.3,-0.008803
3838,2016-10-31,MOTHERSON,58.53,0.039609
3839,2016-11-30,MOTHERSON,54.73,-0.064924
3840,2016-12-31,MOTHERSON,57.47,0.050064
3841,2017-01-31,MOTHERSON,58.63,0.020184
3842,2017-02-28,MOTHERSON,61.87,0.055262
3843,2017-03-31,MOTHERSON,65.73,0.062389
3844,2017-04-30,MOTHERSON,70.27,0.06907
3845,2017-05-31,MOTHERSON,79.63,0.133201
3846,2017-06-30,MOTHERSON,81.67,0.025618
3847,2017-07-31,MOTHERSON,86.17,0.0551
3848,2017-08-31,MOTHERSON,81.7,-0.051874
3849,2017-09-30,MOTHERSON,89.2,0.091799
3850,2017-10-31,MOTHERSON,96.8,0.085202
3851,2017-11-30,MOTHERSON,97.47,0.006921
3852,2017-12-31,MOTHERSON,100.57,0.031805
3853,2018-01-31,MOTHERSON,97.4,-0.03152
3854,2018-02-28,MOTHERSON,87.8,-0.098563
3855,2018-03-31,MOTHERSON,82.43,-0.061162
3856,2018-04-30,MOTHERSON,93.5,0.134296
3857,2018-05-31,MOTHERSON,82.27,-0.120107
3858,2018-06-30,MOTHERSON,75.17,-0.086301
3859,2018-07-31,MOTHERSON,85.9,0.142743
3860,2018-08-31,MOTHERSON,80.83,-0.059022
3861,2018-09-30,MOTHERSON,68.1,-0.157491
3862,2018-10-31,MOTHERSON,64.93,-0.046549
3863,2018-11-30,MOTHERSON,61.63,-0.050824
3864,2018-12-31,MOTHERSON,66.37,0.076911
3865,2019-01-31,MOTHERSON,55.93,-0.1573
3866,2019-02-28,MOTHERSON,64.5,0.153227
3867,2019-03-31,MOTHERSON,59.57,-0.076434
3868,2019-04-30,MOTHERSON,58.27,-0.021823
3869,2019-05-31,MOTHERSON,45.9,-0.212288
3870,2019-06-30,MOTHERSON,48.57,0.05817
3871,2019-07-31,MOTHERSON,42.43,-0.126415
3872,2019-08-31,MOTHERSON,38.97,-0.081546
3873,2019-09-30,MOTHERSON,41.77,0.07185
3874,2019-10-31,MOTHERSON,49.07,0.174767
3875,2019-11-30,MOTHERSON,50.97,0.03872
3876,2019-12-31,MOTHERSON,58.3,0.14381
3877,2020-01-31,MOTHERSON,53.3,-0.085763
3878,2020-02-29,MOTHERSON,41.77,-0.216323
3879,2020-03-31,MOTHERSON,24.33,-0.417525
3880,2020-04-30,MOTHERSON,35.17,0.44554
3881,2020-05-31,MOTHERSON,37.47,0.065397
3882,2020-06-30,MOTHERSON,37.57,0.002669
3883,2020-07-31,MOTHERSON,37.9,0.008784
3884,2020-08-31,MOTHERSON,43.7,0.153034
3885,2020-09-30,MOTHERSON,45.43,0.039588
3886,2020-10-31,MOTHERSON,42.07,-0.07396
3887,2020-11-30,MOTHERSON,58.13,0.381745
3888,2020-12-31,MOTHERSON,65.6,0.128505
3889,2021-01-31,MOTHERSON,57.93,-0.116921
3890,2021-02-28,MOTHERSON,84.7,0.462109
3891,2021-03-31,MOTHERSON,79.93,-0.056316
3892,2021-04-30,MOTHERSON,85.43,0.06881
3893,2021-05-31,MOTHERSON,95.53,0.118225
3894,2021-06-30,MOTHERSON,96.43,0.009421
3895,2021-07-31,MOTHERSON,93.13,-0.034222
3896,2021-08-31,MOTHERSON,87.07,-0.06507
3897,2021-09-30,MOTHERSON,90.03,0.033996
3898,2021-10-31,MOTHERSON,89.17,-0.009552
3899,2021-11-30,MOTHERSON,83.0,-0.069194
3900,2021-12-31,MOTHERSON,88.07,0.061084
3901,2022-01-31,MOTHERSON,80.0,-0.091632
3902,2022-02-28,MOTHERSON,66.83,-0.164625
3903,2022-03-31,MOTHERSON,61.9,-0.073769
3904,2022-04-30,MOTHERSON,61.1,-0.012924
3905,2022-05-31,MOTHERSON,58.23,-0.046972
3906,2022-06-30,MOTHERSON,52.37,-0.100635
3907,2022-07-31,MOTHERSON,56.7,0.082681
3908,2022-08-31,MOTHERSON,54.73,-0.034744
3909,2022-09-30,MOTHERSON,48.6,-0.112004
3910,2022-10-31,MOTHERSON,43.1,-0.113169
3911,2022-11-30,MOTHERSON,49.77,0.154756
3912,2022-12-31,MOTHERSON,49.5,-0.005425
3913,2023-01-31,MOTHERSON,50.23,0.014747
3914,2023-02-28,MOTHERSON,53.3,0.061119
3915,2023-03-31,MOTHERSON,44.73,-0.160788
3916,2023-04-30,MOTHERSON,49.03,0.096132
3917,2023-05-31,MOTHERSON,52.67,0.07424
3918,2023-06-30,MOTHERSON,56.93,0.080881
3919,2023-07-31,MOTHERSON,65.5,0.150536
3920,2023-08-31,MOTHERSON,63.77,-0.026412
3921,2023-09-30,MOTHERSON,63.93,0.002509
3922,2023-10-31,MOTHERSON,61.3,-0.041139
3923,2023-11-30,MOTHERSON,61.23,-0.001142
3924,2023-12-31,MOTHERSON,67.73,0.106157
3925,2024-01-31,MOTHERSON,75.7,0.117673
3926,2024-02-29,MOTHERSON,79.4,0.048877
3927,2024-03-31,MOTHERSON,78.07,-0.016751
3928,2024-04-30,MOTHERSON,87.43,0.119892
3929,2024-05-31,MOTHERSON,100.27,0.14686
3930,2024-06-30,MOTHERSON,127.33,0.269871
3931,2024-07-31,MOTHERSON,131.17,0.030158
3932,2024-08-31,MOTHERSON,129.8,-0.010444
3933,2024-09-30,MOTHERSON,140.97,0.086055
3934,2024-10-31,MOTHERSON,120.77,-0.143293
3935,2024-11-30,MOTHERSON,108.13,-0.104662
3936,2024-12-31,MOTHERSON,103.73,-0.040692
3937,2025-01-31,MOTHERSON,94.0,-0.093801
3938,2025-02-28,MOTHERSON,79.32,-0.15617
3939,2025-03-31,MOTHERSON,87.33,0.100983
3940,2025-04-30,MOTHERSON,88.53,0.013741
3941,2025-05-31,MOTHERSON,101.8,0.149893
3942,2025-06-30,MOTHERSON,103.21,0.013851
3943,2025-07-31,MOTHERSON,97.17,-0.058521
3944,2025-08-31,MOTHERSON,95.35,-0.01873
-1,2006-01-31,MTNL,128.2032,
-1,2006-02-28,MTNL,129.0627,0.006704
-1,2006-03-31,MTNL,169.6617,0.314568
-1,2006-04-30,MTNL,199.4933,0.17583
-1,2006-05-31,MTNL,145.4639,-0.270833
-1,2006-06-30,MTNL,143.1088,-0.01619
-1,2006-07-31,MTNL,129.6706,-0.093902
-1,2006-08-31,MTNL,145.0021,0.118234
-1,2006-09-30,MTNL,144.7712,-0.001592
-1,2006-10-31,MTNL,130.4984,-0.098589
-1,2006-11-30,MTNL,124.178,-0.048433
-1,2006-12-31,MTNL,132.8686,0.069985
-1,2007-01-31,MTNL,154.1536,0.160196
-1,2007-02-28,MTNL,123.8992,-0.196261
-1,2007-03-31,MTNL,139.1506,0.123095
-1,2007-04-30,MTNL,140.6203,0.010562
-1,2007-05-31,MTNL,145.0295,0.031355
-1,2007-06-30,MTNL,152.3308,0.050344
-1,2007-07-31,MTNL,142.659,-0.063492
-1,2007-08-31,MTNL,134.0777,-0.060153
-1,2007-09-30,MTNL,152.3308,0.136138
-1,2007-10-31,MTNL,171.3054,0.124562
-1,2007-11-30,MTNL,164.0504,-0.042351
-1,2007-12-31,MTNL,183.6676,0.11958
-1,2008-01-31,MTNL,113.5513,-0.381756
-1,2008-02-29,MTNL,113.6945,0.001261
-1,2008-03-31,MTNL,94.5125,-0.168715
-1,2008-04-30,MTNL,108.0142,0.142856
-1,2008-05-31,MTNL,91.0392,-0.157155
-1,2008-06-30,MTNL,88.3486,-0.029554
-1,2008-07-31,MTNL,101.4101,0.14784
-1,2008-08-31,MTNL,96.8606,-0.044862
-1,2008-09-30,MTNL,82.625,-0.14697
-1,2008-10-31,MTNL,65.2462,-0.210333
-1,2008-11-30,MTNL,73.4081,0.125094
-1,2008-12-31,MTNL,78.3053,0.066712
-1,2009-01-31,MTNL,71.5284,-0.086545
-1,2009-02-28,MTNL,63.6138,-0.11065
-1,2009-03-31,MTNL,68.2636,0.073094
-1,2009-04-30,MTNL,71.2316,0.043479
-1,2009-05-31,MTNL,103.0879,0.447221
-1,2009-06-30,MTNL,96.41,-0.064779
-1,2009-07-31,MTNL,101.505,0.052847
-1,2009-08-31,MTNL,94.0356,-0.073587
-1,2009-09-30,MTNL,90.5235,-0.037349
-1,2009-10-31,MTNL,68.95,-0.238319
-1,2009-11-30,MTNL,73.75,0.069616
-1,2009-12-31,MTNL,73.7,-0.000678
-1,2010-01-31,MTNL,75.8,0.028494
-1,2010-02-28,MTNL,71.85,-0.052111
-1,2010-03-31,MTNL,73.2,0.018789
-1,2010-04-30,MTNL,71.05,-0.029372
-1,2010-05-31,MTNL,55.5,-0.21886
-1,2010-06-30,MTNL,66.35,0.195495
-1,2010-07-31,MTNL,67.4,0.015825
-1,2010-08-31,MTNL,61.2,-0.091988
-1,2010-09-30,MTNL,61.95,0.012255
-1,2010-10-31,MTNL,67.5,0.089588
-1,2010-11-30,MTNL,52.75,-0.218519
-1,2010-12-31,MTNL,55.0,0.042654
-1,2011-01-31,MTNL,48.1,-0.125455
-1,2011-02-28,MTNL,40.35,-0.161123
-1,2011-03-31,MTNL,45.35,0.123916
-1,2011-04-30,MTNL,48.35,0.066152
-1,2011-05-31,MTNL,45.4,-0.061013
-1,2011-06-30,MTNL,42.95,-0.053965
-1,2011-07-31,MTNL,47.25,0.100116
-1,2011-08-31,MTNL,35.4,-0.250794
-1,2011-09-30,MTNL,31.6,-0.107345
-1,2011-10-31,MTNL,31.35,-0.007911
-1,2011-11-30,MTNL,26.6,-0.151515
-1,2011-12-31,MTNL,22.8,-0.142857
-1,2012-01-31,MTNL,30.8,0.350877
-1,2012-02-29,MTNL,32.15,0.043831
-1,2012-03-31,MTNL,27.4,-0.147745
-1,2012-04-30,MTNL,24.9,-0.091241
-1,2012-05-31,MTNL,23.5,-0.056225
-1,2012-06-30,MTNL,23.6,0.004255
-1,2012-07-31,MTNL,30.4,0.288136
-1,2012-08-31,MTNL,37.1,0.220395
-1,2012-09-30,MTNL,32.35,-0.128032
-1,2012-10-31,MTNL,26.3,-0.187017
-1,2012-11-30,MTNL,25.5,-0.030418
-1,2012-12-31,MTNL,26.4,0.035294
-1,2013-01-31,MTNL,24.65,-0.066288
-1,2013-02-28,MTNL,21.65,-0.121704
-1,2013-03-31,MTNL,18.4,-0.150115
-1,2013-04-30,MTNL,20.1,0.092391
-1,2013-05-31,MTNL,18.2,-0.094527
-1,2013-06-30,MTNL,17.35,-0.046703
-1,2013-07-31,MTNL,13.95,-0.195965
-1,2013-08-31,MTNL,9.9,-0.290323
-1,2013-09-30,MTNL,14.85,0.5
-1,2013-10-31,MTNL,14.5,-0.023569
-1,2013-11-30,MTNL,14.7,0.013793
-1,2013-12-31,MTNL,14.6,-0.006803
-1,2014-01-31,MTNL,15.7,0.075342
-1,2014-02-28,MTNL,14.1,-0.101911
-1,2014-03-31,MTNL,15.2,0.078014
-1,2014-04-30,MTNL,17.65,0.161184
-1,2014-05-31,MTNL,31.0,0.756374
-1,2014-06-30,MTNL,35.7,0.151613
-1,2014-07-31,MTNL,30.25,-0.152661
-1,2014-08-31,MTNL,28.95,-0.042975
-1,2014-09-30,MTNL,27.05,-0.06563
-1,2014-10-31,MTNL,29.8,0.101664
-1,2014-11-30,MTNL,27.75,-0.068792
-1,2014-12-31,MTNL,27.3,-0.016216
-1,2015-01-31,MTNL,28.9,0.058608
-1,2015-02-28,MTNL,29.15,0.008651
-1,2015-03-31,MTNL,18.2,-0.375643
12272,2015-04-30,MTNL,18.15,-0.002747
12273,2015-05-31,MTNL,17.05,-0.060606
12274,2015-06-30,MTNL,15.95,-0.064516
12275,2015-07-31,MTNL,19.0,0.191223
12276,2015-08-31,MTNL,15.7,-0.173684
12277,2015-09-30,MTNL,16.0,0.019108
12278,2015-10-31,MTNL,18.65,0.165625
12279,2015-11-30,MTNL,20.95,0.123324
12280,2015-12-31,MTNL,22.25,0.062053
12281,2016-01-31,MTNL,18.85,-0.152809
12282,2016-02-29,MTNL,16.8,-0.108753
12283,2016-03-31,MTNL,17.65,0.050595
12284,2016-04-30,MTNL,18.3,0.036827
12285,2016-05-31,MTNL,18.7,0.021858
12286,2016-06-30,MTNL,22.3,0.192513
12287,2016-07-31,MTNL,21.35,-0.042601
12288,2016-08-31,MTNL,21.5,0.007026
12289,2016-09-30,MTNL,19.8,-0.07907
12290,2016-10-31,MTNL,19.85,0.002525
12291,2016-11-30,MTNL,17.4,-0.123426
12292,2016-12-31,MTNL,20.4,0.172414
12293,2017-01-31,MTNL,21.2,0.039216
12294,2017-02-28,MTNL,22.85,0.07783
12295,2017-03-31,MTNL,24.0,0.050328
12296,2017-04-30,MTNL,26.1,0.0875
12297,2017-05-31,MTNL,20.8,-0.203065
12298,2017-06-30,MTNL,20.2,-0.028846
12299,2017-07-31,MTNL,20.75,0.027228
12300,2017-08-31,MTNL,19.15,-0.077108
12301,2017-09-30,MTNL,19.7,0.028721
12302,2017-10-31,MTNL,21.15,0.073604
12303,2017-11-30,MTNL,21.3,0.007092
12304,2017-12-31,MTNL,24.9,0.169014
12305,2018-01-31,MTNL,25.2,0.012048
12306,2018-02-28,MTNL,22.5,-0.107143
12307,2018-03-31,MTNL,18.75,-0.166667
12308,2018-04-30,MTNL,19.3,0.029333
12309,2018-05-31,MTNL,16.35,-0.15285
12310,2018-06-30,MTNL,15.95,-0.024465
12311,2018-07-31,MTNL,16.05,0.00627
12312,2018-08-31,MTNL,16.35,0.018692
12313,2018-09-30,MTNL,13.5,-0.174312
12314,2018-10-31,MTNL,13.45,-0.003704
12315,2018-11-30,MTNL,12.8,-0.048327
12316,2018-12-31,MTNL,16.2,0.265625
12317,2019-01-31,MTNL,13.8,-0.148148
12318,2019-02-28,MTNL,13.25,-0.039855
12319,2019-03-31,MTNL,12.0,-0.09434
12320,2019-04-30,MTNL,11.9,-0.008333
12321,2019-05-31,MTNL,9.65,-0.189076
12322,2019-06-30,MTNL,8.5,-0.119171
12323,2019-07-31,MTNL,6.25,-0.264706
12324,2019-08-31,MTNL,5.45,-0.128
12325,2019-09-30,MTNL,5.8,0.06422
12326,2019-10-31,MTNL,7.7,0.327586
12327,2019-11-30,MTNL,9.0,0.168831
12328,2019-12-31,MTNL,9.45,0.05
12329,2020-01-31,MTNL,11.1,0.174603
12330,2020-02-29,MTNL,8.4,-0.243243
12331,2020-03-31,MTNL,6.05,-0.279762
12332,2020-04-30,MTNL,7.25,0.198347
12333,2020-05-31,MTNL,7.0,-0.034483
12334,2020-06-30,MTNL,9.1,0.3
12335,2020-07-31,MTNL,9.25,0.016484
12336,2020-08-31,MTNL,9.1,-0.016216
12337,2020-09-30,MTNL,8.3,-0.087912
12338,2020-10-31,MTNL,9.5,0.144578
12339,2020-11-30,MTNL,9.55,0.005263
12340,2020-12-31,MTNL,13.8,0.445026
12341,2021-01-31,MTNL,12.95,-0.061594
12342,2021-02-28,MTNL,13.3,0.027027
12343,2021-03-31,MTNL,18.75,0.409774
12344,2021-04-30,MTNL,16.1,-0.141333
12345,2021-05-31,MTNL,22.05,0.369565
12346,2021-06-30,MTNL,21.45,-0.027211
12347,2021-07-31,MTNL,21.2,-0.011655
12348,2021-08-31,MTNL,17.9,-0.15566
12349,2021-09-30,MTNL,19.05,0.064246
12350,2021-10-31,MTNL,18.5,-0.028871
12351,2021-11-30,MTNL,17.9,-0.032432
12352,2021-12-31,MTNL,35.65,0.99162
12353,2022-01-31,MTNL,33.4,-0.063114
-1,2006-01-31,NATIONALUM,29.488,
-1,2006-02-28,NATIONALUM,30.0692,0.01971
-1,2006-03-31,NATIONALUM,31.6141,0.051378
-1,2006-04-30,NATIONALUM,34.3433,0.086329
-1,2006-05-31,NATIONALUM,23.9757,-0.301881
-1,2006-06-30,NATIONALUM,24.4117,0.018185
-1,2006-07-31,NATIONALUM,21.7256,-0.110033
-1,2006-08-31,NATIONALUM,21.7902,0.002973
-1,2006-09-30,NATIONALUM,22.8722,0.049655
-1,2006-10-31,NATIONALUM,25.2475,0.103851
-1,2006-11-30,NATIONALUM,23.7125,-0.060798
-1,2006-12-31,NATIONALUM,23.352,-0.015203
-1,2007-01-31,NATIONALUM,25.1601,0.077428
-1,2007-02-28,NATIONALUM,22.9423,-0.088148
-1,2007-03-31,NATIONALUM,25.9129,0.129481
-1,2007-04-30,NATIONALUM,27.4423,0.059021
-1,2007-05-31,NATIONALUM,27.7325,0.010575
-1,2007-06-30,NATIONALUM,29.2283,0.053937
-1,2007-07-31,NATIONALUM,29.1557,-0.002484
-1,2007-08-31,NATIONALUM,28.9604,-0.006699
-1,2007-09-30,NATIONALUM,33.6876,0.16323
-1,2007-10-31,NATIONALUM,36.6269,0.087252
-1,2007-11-30,NATIONALUM,41.5398,0.134134
-1,2007-12-31,NATIONALUM,54.6446,0.315476
-1,2008-01-31,NATIONALUM,49.4049,-0.095887
-1,2008-02-29,NATIONALUM,52.3008,0.058616
-1,2008-03-31,NATIONALUM,51.5962,-0.013472
-1,2008-04-30,NATIONALUM,51.2878,-0.005977
-1,2008-05-31,NATIONALUM,61.526,0.199623
-1,2008-06-30,NATIONALUM,40.1075,-0.348121
-1,2008-07-31,NATIONALUM,48.4956,0.20914
-1,2008-08-31,NATIONALUM,44.1959,-0.088662
-1,2008-09-30,NATIONALUM,42.3516,-0.04173
-1,2008-10-31,NATIONALUM,18.2631,-0.568774
-1,2008-11-30,NATIONALUM,19.8968,0.089454
-1,2008-12-31,NATIONALUM,21.7196,0.091613
-1,2009-01-31,NATIONALUM,22.8202,0.050673
-1,2009-02-28,NATIONALUM,23.875,0.046222
-1,2009-03-31,NATIONALUM,25.0588,0.049583
-1,2009-04-30,NATIONALUM,24.6093,-0.017938
-1,2009-05-31,NATIONALUM,41.3386,0.679796
-1,2009-06-30,NATIONALUM,35.7291,-0.135696
-1,2009-07-31,NATIONALUM,36.0268,0.008332
-1,2009-08-31,NATIONALUM,40.3171,0.119086
-1,2009-09-30,NATIONALUM,40.6323,0.007818
-1,2009-10-31,NATIONALUM,41.9912,0.033444
-1,2009-11-30,NATIONALUM,44.2664,0.054183
-1,2009-12-31,NATIONALUM,49.0103,0.107167
-1,2010-01-31,NATIONALUM,44.5948,-0.090093
-1,2010-02-28,NATIONALUM,45.1577,0.012623
-1,2010-03-31,NATIONALUM,47.7847,0.058174
-1,2010-04-30,NATIONALUM,48.0469,0.005487
-1,2010-05-31,NATIONALUM,48.9357,0.018499
-1,2010-06-30,NATIONALUM,50.1129,0.024056
-1,2010-07-31,NATIONALUM,49.6891,-0.008457
-1,2010-08-31,NATIONALUM,46.8285,-0.05757
-1,2010-09-30,NATIONALUM,47.0787,0.005343
-1,2010-10-31,NATIONALUM,47.3561,0.005892
-1,2010-11-30,NATIONALUM,41.6209,-0.121108
-1,2010-12-31,NATIONALUM,46.3943,0.114688
-1,2011-01-31,NATIONALUM,46.3825,-0.000254
-1,2011-02-28,NATIONALUM,50.0879,0.079888
-1,2011-03-31,NATIONALUM,45.3414,-0.094763
-1,2011-04-30,NATIONALUM,43.9897,-0.029812
-1,2011-05-31,NATIONALUM,43.3257,-0.015094
-1,2011-06-30,NATIONALUM,39.2468,-0.094145
-1,2011-07-31,NATIONALUM,35.7134,-0.09003
-1,2011-08-31,NATIONALUM,30.2592,-0.152721
-1,2011-09-30,NATIONALUM,29.3106,-0.031349
-1,2011-10-31,NATIONALUM,30.5872,0.043554
-1,2011-11-30,NATIONALUM,25.2344,-0.175001
-1,2011-12-31,NATIONALUM,24.3264,-0.035983
-1,2012-01-31,NATIONALUM,27.3373,0.123771
-1,2012-02-29,NATIONALUM,29.0339,0.062062
-1,2012-03-31,NATIONALUM,26.023,-0.103703
-1,2012-04-30,NATIONALUM,28.837,0.108135
-1,2012-05-31,NATIONALUM,27.9874,-0.029462
-1,2012-06-30,NATIONALUM,28.8127,0.029488
-1,2012-07-31,NATIONALUM,25.997,-0.097724
-1,2012-08-31,NATIONALUM,24.1765,-0.070027
-1,2012-09-30,NATIONALUM,24.7321,0.022981
-1,2012-10-31,NATIONALUM,22.7866,-0.078663
-1,2012-11-30,NATIONALUM,22.592,-0.00854
-1,2012-12-31,NATIONALUM,23.8323,0.0549
-1,2013-01-31,NATIONALUM,23.9539,0.005102
-1,2013-02-28,NATIONALUM,21.4491,-0.104568
-1,2013-03-31,NATIONALUM,16.1233,-0.248299
-1,2013-04-30,NATIONALUM,17.2937,0.072591
-1,2013-05-31,NATIONALUM,16.7968,-0.028733
-1,2013-06-30,NATIONALUM,14.3121,-0.147927
-1,2013-07-31,NATIONALUM,13.4424,-0.060767
-1,2013-08-31,NATIONALUM,16.772,0.247694
-1,2013-09-30,NATIONALUM,16.1756,-0.035559
-1,2013-10-31,NATIONALUM,18.4185,0.138659
-1,2013-11-30,NATIONALUM,18.8726,0.024655
-1,2013-12-31,NATIONALUM,19.1249,0.013369
-1,2014-01-31,NATIONALUM,16.9299,-0.114772
-1,2014-02-28,NATIONALUM,16.5514,-0.022357
-1,2014-03-31,NATIONALUM,20.0585,0.211891
-1,2014-04-30,NATIONALUM,19.9248,-0.006666
-1,2014-05-31,NATIONALUM,25.6362,0.286648
-1,2014-06-30,NATIONALUM,30.7738,0.200404
-1,2014-07-31,NATIONALUM,30.2262,-0.017794
-1,2014-08-31,NATIONALUM,29.4699,-0.025021
-1,2014-09-30,NATIONALUM,30.0697,0.020353
-1,2014-10-31,NATIONALUM,30.0685,-4e-05
-1,2014-11-30,NATIONALUM,31.8002,0.057592
-1,2014-12-31,NATIONALUM,28.1532,-0.114685
-1,2015-01-31,NATIONALUM,23.7715,-0.155638
-1,2015-02-28,NATIONALUM,25.1621,0.058499
-1,2015-03-31,NATIONALUM,24.4799,-0.027112
13092,2015-04-30,NATIONALUM,47.5,0.940367
13093,2015-05-31,NATIONALUM,48.45,0.02
13094,2015-06-30,NATIONALUM,40.0,-0.174407
13095,2015-07-31,NATIONALUM,35.45,-0.11375
13096,2015-08-31,NATIONALUM,32.3,-0.088858
13097,2015-09-30,NATIONALUM,35.15,0.088235
13098,2015-10-31,NATIONALUM,38.5,0.095306
13099,2015-11-30,NATIONALUM,40.5,0.051948
13100,2015-12-31,NATIONALUM,39.95,-0.01358
13101,2016-01-31,NATIONALUM,34.5,-0.136421
13102,2016-02-29,NATIONALUM,32.9,-0.046377
13103,2016-03-31,NATIONALUM,39.5,0.200608
13104,2016-04-30,NATIONALUM,46.15,0.168354
13105,2016-05-31,NATIONALUM,42.9,-0.070423
13106,2016-06-30,NATIONALUM,43.0,0.002331
13107,2016-07-31,NATIONALUM,46.6,0.083721
13108,2016-08-31,NATIONALUM,47.1,0.01073
13109,2016-09-30,NATIONALUM,45.75,-0.028662
13110,2016-10-31,NATIONALUM,54.65,0.194536
13111,2016-11-30,NATIONALUM,57.1,0.044831
13112,2016-12-31,NATIONALUM,65.3,0.143608
13113,2017-01-31,NATIONALUM,75.05,0.149311
13114,2017-02-28,NATIONALUM,68.95,-0.081279
13115,2017-03-31,NATIONALUM,76.5,0.1095
13116,2017-04-30,NATIONALUM,68.8,-0.100654
13117,2017-05-31,NATIONALUM,67.55,-0.018169
13118,2017-06-30,NATIONALUM,64.75,-0.041451
13119,2017-07-31,NATIONALUM,69.85,0.078764
13120,2017-08-31,NATIONALUM,72.25,0.034359
13121,2017-09-30,NATIONALUM,78.15,0.081661
13122,2017-10-31,NATIONALUM,95.7,0.224568
13123,2017-11-30,NATIONALUM,81.85,-0.144723
13124,2017-12-31,NATIONALUM,86.0,0.050703
13125,2018-01-31,NATIONALUM,75.3,-0.124419
13126,2018-02-28,NATIONALUM,68.55,-0.089641
13127,2018-03-31,NATIONALUM,66.45,-0.030635
13128,2018-04-30,NATIONALUM,80.55,0.21219
13129,2018-05-31,NATIONALUM,70.45,-0.125388
13130,2018-06-30,NATIONALUM,64.7,-0.081618
13131,2018-07-31,NATIONALUM,61.55,-0.048686
13132,2018-08-31,NATIONALUM,74.85,0.216084
13133,2018-09-30,NATIONALUM,60.6,-0.190381
13134,2018-10-31,NATIONALUM,68.2,0.125413
13135,2018-11-30,NATIONALUM,67.45,-0.010997
13136,2018-12-31,NATIONALUM,65.8,-0.024463
13137,2019-01-31,NATIONALUM,59.6,-0.094225
13138,2019-02-28,NATIONALUM,50.55,-0.151846
13139,2019-03-31,NATIONALUM,55.45,0.096934
13140,2019-04-30,NATIONALUM,51.8,-0.065825
13141,2019-05-31,NATIONALUM,50.55,-0.024131
13142,2019-06-30,NATIONALUM,49.4,-0.02275
13143,2019-07-31,NATIONALUM,45.55,-0.077935
13144,2019-08-31,NATIONALUM,41.65,-0.08562
13145,2019-09-30,NATIONALUM,46.45,0.115246
13146,2019-10-31,NATIONALUM,45.4,-0.022605
13147,2019-11-30,NATIONALUM,44.4,-0.022026
13148,2019-12-31,NATIONALUM,43.65,-0.016892
13149,2020-01-31,NATIONALUM,42.55,-0.0252
13150,2020-02-29,NATIONALUM,33.5,-0.212691
13151,2020-03-31,NATIONALUM,29.1,-0.131343
13152,2020-04-30,NATIONALUM,31.8,0.092784
13153,2020-05-31,NATIONALUM,29.4,-0.075472
13154,2020-06-30,NATIONALUM,31.85,0.083333
13155,2020-07-31,NATIONALUM,32.75,0.028257
13156,2020-08-31,NATIONALUM,35.85,0.094656
13157,2020-09-30,NATIONALUM,32.25,-0.100418
13158,2020-10-31,NATIONALUM,30.35,-0.058915
13159,2020-11-30,NATIONALUM,39.2,0.291598
13160,2020-12-31,NATIONALUM,43.1,0.09949
13161,2021-01-31,NATIONALUM,47.9,0.111369
13162,2021-02-28,NATIONALUM,60.0,0.25261
13163,2021-03-31,NATIONALUM,54.05,-0.099167
13164,2021-04-30,NATIONALUM,64.65,0.196115
13165,2021-05-31,NATIONALUM,73.8,0.141531
13166,2021-06-30,NATIONALUM,78.35,0.061653
13167,2021-07-31,NATIONALUM,93.5,0.193363
13168,2021-08-31,NATIONALUM,90.75,-0.029412
13169,2021-09-30,NATIONALUM,93.4,0.029201
13170,2021-10-31,NATIONALUM,96.9,0.037473
13171,2021-11-30,NATIONALUM,88.35,-0.088235
13172,2021-12-31,NATIONALUM,101.0,0.143181
13173,2022-01-31,NATIONALUM,113.0,0.118812
3063,2015-03-31,NAUKRI,167.5,
3064,2015-04-30,NAUKRI,154.5,-0.077612
3065,2015-05-31,NAUKRI,163.5,0.058252
3066,2015-06-30,NAUKRI,170.5,0.042813
3067,2015-07-31,NAUKRI,167.0,-0.020528
3068,2015-08-31,NAUKRI,150.0,-0.101796
3069,2015-09-30,NAUKRI,160.0,0.066667
3070,2015-10-31,NAUKRI,151.0,-0.05625
3071,2015-11-30,NAUKRI,180.0,0.192053
3072,2015-12-31,NAUKRI,170.0,-0.055556
3073,2016-01-31,NAUKRI,161.0,-0.052941
3074,2016-02-29,NAUKRI,140.0,-0.130435
3075,2016-03-31,NAUKRI,153.0,0.092857
3076,2016-04-30,NAUKRI,150.0,-0.019608
3077,2016-05-31,NAUKRI,165.0,0.1
3078,2016-06-30,NAUKRI,164.0,-0.006061
3079,2016-07-31,NAUKRI,164.0,0.0
3080,2016-08-31,NAUKRI,164.5,0.003049
3081,2016-09-30,NAUKRI,169.5,0.030395
3082,2016-10-31,NAUKRI,180.0,0.061947
3083,2016-11-30,NAUKRI,179.0,-0.005556
3084,2016-12-31,NAUKRI,178.0,-0.005587
3085,2017-01-31,NAUKRI,166.0,-0.067416
3086,2017-02-28,NAUKRI,171.0,0.03012
3087,2017-03-31,NAUKRI,160.0,-0.064327
3088,2017-04-30,NAUKRI,166.0,0.0375
3089,2017-05-31,NAUKRI,183.0,0.10241
3090,2017-06-30,NAUKRI,208.0,0.136612
3091,2017-07-31,NAUKRI,199.0,-0.043269
3092,2017-08-31,NAUKRI,192.0,-0.035176
3093,2017-09-30,NAUKRI,220.0,0.145833
3094,2017-10-31,NAUKRI,223.0,0.013636
3095,2017-11-30,NAUKRI,258.0,0.156951
3096,2017-12-31,NAUKRI,278.0,0.077519
3097,2018-01-31,NAUKRI,270.0,-0.028777
3098,2018-02-28,NAUKRI,257.0,-0.048148
3099,2018-03-31,NAUKRI,234.0,-0.089494
3100,2018-04-30,NAUKRI,248.0,0.059829
3101,2018-05-31,NAUKRI,251.0,0.012097
3102,2018-06-30,NAUKRI,236.5,-0.057769
3103,2018-07-31,NAUKRI,272.5,0.15222
3104,2018-08-31,NAUKRI,328.0,0.20367
3105,2018-09-30,NAUKRI,290.0,-0.115854
3106,2018-10-31,NAUKRI,314.0,0.082759
3107,2018-11-30,NAUKRI,313.0,-0.003185
3108,2018-12-31,NAUKRI,287.0,-0.083067
3109,2019-01-31,NAUKRI,351.0,0.222997
3110,2019-02-28,NAUKRI,355.0,0.011396
3111,2019-03-31,NAUKRI,365.0,0.028169
3112,2019-04-30,NAUKRI,387.0,0.060274
3113,2019-05-31,NAUKRI,408.5,0.055556
3114,2019-06-30,NAUKRI,449.5,0.100367
3115,2019-07-31,NAUKRI,450.0,0.001112
3116,2019-08-31,NAUKRI,406.5,-0.096667
3117,2019-09-30,NAUKRI,408.0,0.00369
3118,2019-10-31,NAUKRI,510.0,0.25
3119,2019-11-30,NAUKRI,526.5,0.032353
3120,2019-12-31,NAUKRI,508.0,-0.035138
3121,2020-01-31,NAUKRI,568.0,0.11811
3122,2020-02-29,NAUKRI,528.5,-0.069542
3123,2020-03-31,NAUKRI,411.5,-0.221381
3124,2020-04-30,NAUKRI,515.0,0.251519
3125,2020-05-31,NAUKRI,537.0,0.042718
3126,2020-06-30,NAUKRI,552.0,0.027933
3127,2020-07-31,NAUKRI,640.0,0.15942
3128,2020-08-31,NAUKRI,648.5,0.013281
3129,2020-09-30,NAUKRI,726.5,0.120278
3130,2020-10-31,NAUKRI,708.0,-0.025465
3131,2020-11-30,NAUKRI,842.0,0.189266
3132,2020-12-31,NAUKRI,958.0,0.137767
3133,2021-01-31,NAUKRI,879.0,-0.082463
3134,2021-02-28,NAUKRI,978.5,0.113197
3135,2021-03-31,NAUKRI,855.5,-0.125703
3136,2021-04-30,NAUKRI,983.0,0.149036
3137,2021-05-31,NAUKRI,872.5,-0.112411
3138,2021-06-30,NAUKRI,986.0,0.130086
3139,2021-07-31,NAUKRI,1040.5,0.055274
3140,2021-08-31,NAUKRI,1238.0,0.189813
3141,2021-09-30,NAUKRI,1287.0,0.03958
3142,2021-10-31,NAUKRI,1220.0,-0.052059
3143,2021-11-30,NAUKRI,1162.0,-0.047541
3144,2021-12-31,NAUKRI,1112.5,-0.042599
3145,2022-01-31,NAUKRI,982.0,-0.117303
3146,2022-02-28,NAUKRI,890.0,-0.093686
3147,2022-03-31,NAUKRI,901.0,0.01236
3148,2022-04-30,NAUKRI,932.5,0.034961
3149,2022-05-31,NAUKRI,837.0,-0.102413
3150,2022-06-30,NAUKRI,758.0,-0.094385
3151,2022-07-31,NAUKRI,866.5,0.14314
3152,2022-08-31,NAUKRI,868.0,0.001731
3153,2022-09-30,NAUKRI,772.5,-0.110023
3154,2022-10-31,NAUKRI,783.0,0.013592
3155,2022-11-30,NAUKRI,797.0,0.01788
3156,2022-12-31,NAUKRI,782.5,-0.018193
3157,2023-01-31,NAUKRI,735.5,-0.060064
3158,2023-02-28,NAUKRI,699.0,-0.049626
3159,2023-03-31,NAUKRI,752.0,0.075823
3160,2023-04-30,NAUKRI,753.5,0.001995
3161,2023-05-31,NAUKRI,818.0,0.085601
3162,2023-06-30,NAUKRI,896.0,0.095355
3163,2023-07-31,NAUKRI,914.5,0.020647
3164,2023-08-31,NAUKRI,866.5,-0.052488
3165,2023-09-30,NAUKRI,835.0,-0.036353
3166,2023-10-31,NAUKRI,820.0,-0.017964
3167,2023-11-30,NAUKRI,920.5,0.122561
3168,2023-12-31,NAUKRI,1026.0,0.114612
3169,2024-01-31,NAUKRI,1007.5,-0.018031
3170,2024-02-29,NAUKRI,1052.0,0.044169
3171,2024-03-31,NAUKRI,1114.0,0.058935
3172,2024-04-30,NAUKRI,1209.0,0.085278
3173,2024-05-31,NAUKRI,1144.5,-0.05335
3174,2024-06-30,NAUKRI,1360.0,0.188292
3175,2024-07-31,NAUKRI,1414.0,0.039706
3176,2024-08-31,NAUKRI,1532.5,0.083805
3177,2024-09-30,NAUKRI,1632.0,0.064927
3178,2024-10-31,NAUKRI,1486.0,-0.089461
3179,2024-11-30,NAUKRI,1654.0,0.113055
3180,2024-12-31,NAUKRI,1739.5,0.051693
3181,2025-01-31,NAUKRI,1546.0,-0.111239
3182,2025-02-28,NAUKRI,1402.0,-0.093144
3183,2025-03-31,NAUKRI,1429.5,0.019615
3184,2025-04-30,NAUKRI,1412.5,-0.011892
3185,2025-05-31,NAUKRI,1418.0,0.003894
3186,2025-06-30,NAUKRI,1483.0,0.045839
3187,2025-07-31,NAUKRI,1390.0,-0.062711
3188,2025-08-31,NAUKRI,1322.4,-0.048633
4498,2015-03-31,NESTLEIND,712.0,
4499,2015-04-30,NESTLEIND,657.9,-0.075983
4500,2015-05-31,NESTLEIND,684.9,0.04104
4501,2015-06-30,NESTLEIND,634.5,-0.073587
4502,2015-07-31,NESTLEIND,635.0,0.000788
4503,2015-08-31,NESTLEIND,596.2,-0.061102
4504,2015-09-30,NESTLEIND,637.0,0.068433
4505,2015-10-31,NESTLEIND,619.2,-0.027943
4506,2015-11-30,NESTLEIND,586.5,-0.05281
4507,2015-12-31,NESTLEIND,581.75,-0.008099
4508,2016-01-31,NESTLEIND,548.0,-0.058015
4509,2016-02-29,NESTLEIND,501.0,-0.085766
4510,2016-03-31,NESTLEIND,570.0,0.137725
4511,2016-04-30,NESTLEIND,571.1,0.00193
4512,2016-05-31,NESTLEIND,612.5,0.072492
4513,2016-06-30,NESTLEIND,653.0,0.066122
4514,2016-07-31,NESTLEIND,714.0,0.093415
4515,2016-08-31,NESTLEIND,649.0,-0.091036
4516,2016-09-30,NESTLEIND,642.0,-0.010786
4517,2016-10-31,NESTLEIND,693.4,0.080062
4518,2016-11-30,NESTLEIND,629.9,-0.091578
4519,2016-12-31,NESTLEIND,600.1,-0.047309
4520,2017-01-31,NESTLEIND,586.6,-0.022496
4521,2017-02-28,NESTLEIND,624.45,0.064524
4522,2017-03-31,NESTLEIND,667.5,0.068941
4523,2017-04-30,NESTLEIND,668.95,0.002172
4524,2017-05-31,NESTLEIND,664.5,-0.006652
4525,2017-06-30,NESTLEIND,674.9,0.015651
4526,2017-07-31,NESTLEIND,676.5,0.002371
4527,2017-08-31,NESTLEIND,711.8,0.05218
4528,2017-09-30,NESTLEIND,725.0,0.018545
4529,2017-10-31,NESTLEIND,720.6,-0.006069
4530,2017-11-30,NESTLEIND,766.9,0.064252
4531,2017-12-31,NESTLEIND,785.1,0.023732
4532,2018-01-31,NESTLEIND,746.0,-0.049803
4533,2018-02-28,NESTLEIND,773.0,0.036193
4534,2018-03-31,NESTLEIND,820.9,0.061966
4535,2018-04-30,NESTLEIND,940.0,0.145085
4536,2018-05-31,NESTLEIND,969.0,0.030851
4537,2018-06-30,NESTLEIND,981.5,0.0129
4538,2018-07-31,NESTLEIND,1057.5,0.077433
4539,2018-08-31,NESTLEIND,1157.0,0.09409
4540,2018-09-30,NESTLEIND,968.0,-0.163354
4541,2018-10-31,NESTLEIND,1013.0,0.046488
4542,2018-11-30,NESTLEIND,1082.75,0.068855
4543,2018-12-31,NESTLEIND,1109.7,0.02489
4544,2019-01-31,NESTLEIND,1148.1,0.034604
4545,2019-02-28,NESTLEIND,1061.0,-0.075864
4546,2019-03-31,NESTLEIND,1096.1,0.033082
4547,2019-04-30,NESTLEIND,1087.75,-0.007618
4548,2019-05-31,NESTLEIND,1154.0,0.060906
4549,2019-06-30,NESTLEIND,1192.6,0.033449
4550,2019-07-31,NESTLEIND,1165.0,-0.023143
4551,2019-08-31,NESTLEIND,1290.0,0.107296
4552,2019-09-30,NESTLEIND,1394.9,0.081318
4553,2019-10-31,NESTLEIND,1496.1,0.07255
4554,2019-11-30,NESTLEIND,1446.0,-0.033487
4555,2019-12-31,NESTLEIND,1477.2,0.021577
4556,2020-01-31,NESTLEIND,1537.5,0.04082
4557,2020-02-29,NESTLEIND,1574.5,0.024065
4558,2020-03-31,NESTLEIND,1627.3,0.033534
4559,2020-04-30,NESTLEIND,1789.9,0.09992
4560,2020-05-31,NESTLEIND,1753.0,-0.020616
4561,2020-06-30,NESTLEIND,1715.0,-0.021677
4562,2020-07-31,NESTLEIND,1653.6,-0.035802
4563,2020-08-31,NESTLEIND,1599.5,-0.032716
4564,2020-09-30,NESTLEIND,1592.3,-0.004501
4565,2020-10-31,NESTLEIND,1715.0,0.077058
4566,2020-11-30,NESTLEIND,1695.0,-0.011662
4567,2020-12-31,NESTLEIND,1837.7,0.084189
4568,2021-01-31,NESTLEIND,1715.0,-0.066768
4569,2021-02-28,NESTLEIND,1607.4,-0.062741
4570,2021-03-31,NESTLEIND,1710.0,0.06383
4571,2021-04-30,NESTLEIND,1632.0,-0.045614
4572,2021-05-31,NESTLEIND,1763.05,0.0803
4573,2021-06-30,NESTLEIND,1771.4,0.004736
4574,2021-07-31,NESTLEIND,1774.0,0.001468
4575,2021-08-31,NESTLEIND,1950.0,0.099211
4576,2021-09-30,NESTLEIND,1942.2,-0.004
4577,2021-10-31,NESTLEIND,1896.5,-0.02353
4578,2021-11-30,NESTLEIND,1910.0,0.007118
4579,2021-12-31,NESTLEIND,1969.0,0.03089
4580,2022-01-31,NESTLEIND,1848.05,-0.061427
4581,2022-02-28,NESTLEIND,1763.85,-0.045562
4582,2022-03-31,NESTLEIND,1734.4,-0.016696
4583,2022-04-30,NESTLEIND,1830.1,0.055178
4584,2022-05-31,NESTLEIND,1770.0,-0.03284
4585,2022-06-30,NESTLEIND,1730.1,-0.022542
4586,2022-07-31,NESTLEIND,1935.0,0.118432
4587,2022-08-31,NESTLEIND,1982.65,0.024625
4588,2022-09-30,NESTLEIND,1912.9,-0.03518
4589,2022-10-31,NESTLEIND,2034.1,0.063359
4590,2022-11-30,NESTLEIND,2021.15,-0.006366
4591,2022-12-31,NESTLEIND,1958.0,-0.031245
4592,2023-01-31,NESTLEIND,1903.0,-0.02809
4593,2023-02-28,NESTLEIND,1863.3,-0.020862
4594,2023-03-31,NESTLEIND,1968.0,0.056191
4595,2023-04-30,NESTLEIND,2175.0,0.105183
4596,2023-05-31,NESTLEIND,2177.9,0.001333
4597,2023-06-30,NESTLEIND,2292.0,0.05239
4598,2023-07-31,NESTLEIND,2244.3,-0.020812
4599,2023-08-31,NESTLEIND,2198.5,-0.020407
4600,2023-09-30,NESTLEIND,2245.3,0.021287
4601,2023-10-31,NESTLEIND,2425.25,0.080145
4602,2023-11-30,NESTLEIND,2420.0,-0.002165
4603,2023-12-31,NESTLEIND,2664.3,0.10095
4604,2024-01-31,NESTLEIND,2507.0,-0.05904
4605,2024-02-29,NESTLEIND,2599.0,0.036697
4606,2024-03-31,NESTLEIND,2637.0,0.014621
4607,2024-04-30,NESTLEIND,2510.0,-0.048161
4608,2024-05-31,NESTLEIND,2355.0,-0.061753
4609,2024-06-30,NESTLEIND,2550.35,0.082951
4610,2024-07-31,NESTLEIND,2462.0,-0.034642
4611,2024-08-31,NESTLEIND,2506.0,0.017872
4612,2024-09-30,NESTLEIND,2696.65,0.076077
4613,2024-10-31,NESTLEIND,2263.5,-0.160625
4614,2024-11-30,NESTLEIND,2235.0,-0.012591
4615,2024-12-31,NESTLEIND,2170.45,-0.028881
4616,2025-01-31,NESTLEIND,2299.05,0.05925
4617,2025-02-28,NESTLEIND,2196.3,-0.044692
4618,2025-03-31,NESTLEIND,2247.0,0.023084
4619,2025-04-30,NESTLEIND,2385.0,0.061415
4620,2025-05-31,NESTLEIND,2399.9,0.006247
4621,2025-06-30,NESTLEIND,2462.0,0.025876
4622,2025-07-31,NESTLEIND,2246.4,-0.087571
4623,2025-08-31,NESTLEIND,2236.0,-0.00463
11646,2015-02-28,NIFTY 50_5minutedata.csv,8920.75,
11647,2015-03-31,NIFTY 50_5minutedata.csv,8480.9,-0.049306
11648,2015-04-30,NIFTY 50_5minutedata.csv,8204.95,-0.032538
11649,2015-05-31,NIFTY 50_5minutedata.csv,8432.95,0.027788
11650,2015-06-30,NIFTY 50_5minutedata.csv,8371.6,-0.007275
11651,2015-07-31,NIFTY 50_5minutedata.csv,8530.95,0.019035
11652,2015-08-31,NIFTY 50_5minutedata.csv,7971.0,-0.065637
11653,2015-09-30,NIFTY 50_5minutedata.csv,7947.25,-0.00298
11654,2015-10-31,NIFTY 50_5minutedata.csv,8056.35,0.013728
11655,2015-11-30,NIFTY 50_5minutedata.csv,7939.5,-0.014504
11656,2015-12-31,NIFTY 50_5minutedata.csv,7939.75,3.1e-05
11657,2016-01-31,NIFTY 50_5minutedata.csv,7559.4,-0.047905
11658,2016-02-29,NIFTY 50_5minutedata.csv,6998.55,-0.074192
11659,2016-03-31,NIFTY 50_5minutedata.csv,7748.15,0.107108
11660,2016-04-30,NIFTY 50_5minutedata.csv,7845.5,0.012564
11661,2016-05-31,NIFTY 50_5minutedata.csv,8160.55,0.040157
11662,2016-06-30,NIFTY 50_5minutedata.csv,8285.9,0.01536
11663,2016-07-31,NIFTY 50_5minutedata.csv,8642.3,0.043013
11664,2016-08-31,NIFTY 50_5minutedata.csv,8783.3,0.016315
11665,2016-09-30,NIFTY 50_5minutedata.csv,8620.95,-0.018484
11666,2016-10-31,NIFTY 50_5minutedata.csv,8617.6,-0.000389
11667,2016-11-30,NIFTY 50_5minutedata.csv,8214.6,-0.046765
11668,2016-12-31,NIFTY 50_5minutedata.csv,8174.25,-0.004912
11669,2017-01-31,NIFTY 50_5minutedata.csv,8556.55,0.046769
11670,2017-02-28,NIFTY 50_5minutedata.csv,8875.2,0.03724
11671,2017-03-31,NIFTY 50_5minutedata.csv,9170.7,0.033295
11672,2017-04-30,NIFTY 50_5minutedata.csv,9304.65,0.014606
11673,2017-05-31,NIFTY 50_5minutedata.csv,9625.7,0.034504
11674,2017-06-30,NIFTY 50_5minutedata.csv,9524.95,-0.010467
11675,2017-07-31,NIFTY 50_5minutedata.csv,10076.95,0.057953
11676,2017-08-31,NIFTY 50_5minutedata.csv,9915.8,-0.015992
11677,2017-09-30,NIFTY 50_5minutedata.csv,9782.95,-0.013398
11678,2017-10-31,NIFTY 50_5minutedata.csv,10340.0,0.056941
11679,2017-11-30,NIFTY 50_5minutedata.csv,10229.45,-0.010691
11680,2017-12-31,NIFTY 50_5minutedata.csv,10526.45,0.029034
11681,2018-01-31,NIFTY 50_5minutedata.csv,11030.7,0.047903
11682,2018-02-28,NIFTY 50_5minutedata.csv,10487.95,-0.049204
11683,2018-03-31,NIFTY 50_5minutedata.csv,10121.25,-0.034964
11684,2018-04-30,NIFTY 50_5minutedata.csv,10740.9,0.061223
11685,2018-05-31,NIFTY 50_5minutedata.csv,10731.9,-0.000838
11686,2018-06-30,NIFTY 50_5minutedata.csv,10711.4,-0.00191
11687,2018-07-31,NIFTY 50_5minutedata.csv,11357.25,0.060296
11688,2018-08-31,NIFTY 50_5minutedata.csv,11675.45,0.028017
11689,2018-09-30,NIFTY 50_5minutedata.csv,10931.75,-0.063698
11690,2018-10-31,NIFTY 50_5minutedata.csv,10362.0,-0.052119
11691,2018-11-30,NIFTY 50_5minutedata.csv,10882.8,0.050261
11692,2018-12-31,NIFTY 50_5minutedata.csv,10861.85,-0.001925
11693,2019-01-31,NIFTY 50_5minutedata.csv,10817.35,-0.004097
11694,2019-02-28,NIFTY 50_5minutedata.csv,10801.8,-0.001438
11695,2019-03-31,NIFTY 50_5minutedata.csv,11611.4,0.07495
11696,2019-04-30,NIFTY 50_5minutedata.csv,11739.1,0.010998
11697,2019-05-31,NIFTY 50_5minutedata.csv,11918.25,0.015261
11698,2019-06-30,NIFTY 50_5minutedata.csv,11793.9,-0.010434
11699,2019-07-31,NIFTY 50_5minutedata.csv,11113.8,-0.057665
11700,2019-08-31,NIFTY 50_5minutedata.csv,11033.85,-0.007194
11701,2019-09-30,NIFTY 50_5minutedata.csv,11478.1,0.040262
11702,2019-10-31,NIFTY 50_5minutedata.csv,11881.2,0.035119
11703,2019-11-30,NIFTY 50_5minutedata.csv,12048.0,0.014039
11704,2019-12-31,NIFTY 50_5minutedata.csv,12176.3,0.010649
11705,2020-01-31,NIFTY 50_5minutedata.csv,11966.45,-0.017234
11706,2020-02-29,NIFTY 50_5minutedata.csv,11217.4,-0.062596
11707,2020-03-31,NIFTY 50_5minutedata.csv,8556.15,-0.237243
11708,2020-04-30,NIFTY 50_5minutedata.csv,9851.85,0.151435
11709,2020-05-31,NIFTY 50_5minutedata.csv,9568.45,-0.028766
11710,2020-06-30,NIFTY 50_5minutedata.csv,10307.35,0.077223
11711,2020-07-31,NIFTY 50_5minutedata.csv,11090.15,0.075946
11712,2020-08-31,NIFTY 50_5minutedata.csv,11341.05,0.022624
11713,2020-09-30,NIFTY 50_5minutedata.csv,11226.3,-0.010118
11714,2020-10-31,NIFTY 50_5minutedata.csv,11646.45,0.037426
11715,2020-11-30,NIFTY 50_5minutedata.csv,12942.85,0.111313
11716,2020-12-31,NIFTY 50_5minutedata.csv,13967.0,0.079129
11717,2021-01-31,NIFTY 50_5minutedata.csv,13660.8,-0.021923
11718,2021-02-28,NIFTY 50_5minutedata.csv,14523.15,0.063126
11719,2021-03-31,NIFTY 50_5minutedata.csv,14693.05,0.011699
11720,2021-04-30,NIFTY 50_5minutedata.csv,14617.55,-0.005138
11721,2021-05-31,NIFTY 50_5minutedata.csv,15576.0,0.065568
11722,2021-06-30,NIFTY 50_5minutedata.csv,15730.65,0.009929
11723,2021-07-31,NIFTY 50_5minutedata.csv,15773.65,0.002734
11724,2021-08-31,NIFTY 50_5minutedata.csv,17131.35,0.086074
11725,2021-09-30,NIFTY 50_5minutedata.csv,17608.65,0.027861
11726,2021-10-31,NIFTY 50_5minutedata.csv,17708.8,0.005688
11727,2021-11-30,NIFTY 50_5minutedata.csv,16975.15,-0.041429
11728,2021-12-31,NIFTY 50_5minutedata.csv,17364.25,0.022922
11729,2022-01-31,NIFTY 50_5minutedata.csv,17338.3,-0.001494
11730,2022-02-28,NIFTY 50_5minutedata.csv,16789.45,-0.031655
11731,2022-03-31,NIFTY 50_5minutedata.csv,17468.75,0.04046
11732,2022-04-30,NIFTY 50_5minutedata.csv,17111.6,-0.020445
11733,2022-05-31,NIFTY 50_5minutedata.csv,16578.25,-0.031169
11734,2022-06-30,NIFTY 50_5minutedata.csv,15735.9,-0.050811
11735,2022-07-31,NIFTY 50_5minutedata.csv,17157.95,0.09037
11736,2022-08-31,NIFTY 50_5minutedata.csv,17744.2,0.034168
11737,2022-09-30,NIFTY 50_5minutedata.csv,17107.2,-0.035899
11738,2022-10-31,NIFTY 50_5minutedata.csv,18015.7,0.053106
11739,2022-11-30,NIFTY 50_5minutedata.csv,18776.95,0.042255
11740,2022-12-31,NIFTY 50_5minutedata.csv,18117.05,-0.035144
11741,2023-01-31,NIFTY 50_5minutedata.csv,17682.55,-0.023983
11742,2023-02-28,NIFTY 50_5minutedata.csv,17317.2,-0.020662
11743,2023-03-31,NIFTY 50_5minutedata.csv,17358.3,0.002373
11744,2023-04-30,NIFTY 50_5minutedata.csv,18048.9,0.039785
11745,2023-05-31,NIFTY 50_5minutedata.csv,18521.3,0.026173
11746,2023-06-30,NIFTY 50_5minutedata.csv,19183.2,0.035737
11747,2023-07-31,NIFTY 50_5minutedata.csv,19742.5,0.029156
11748,2023-08-31,NIFTY 50_5minutedata.csv,19279.55,-0.023449
11749,2023-09-30,NIFTY 50_5minutedata.csv,19638.2,0.018603
11750,2023-10-31,NIFTY 50_5minutedata.csv,19086.55,-0.028091
11751,2023-11-30,NIFTY 50_5minutedata.csv,20127.2,0.054523
11752,2023-12-31,NIFTY 50_5minutedata.csv,21728.3,0.079549
11753,2024-01-31,NIFTY 50_5minutedata.csv,21708.3,-0.00092
11754,2024-02-29,NIFTY 50_5minutedata.csv,22042.05,0.015374
11755,2024-03-31,NIFTY 50_5minutedata.csv,22343.1,0.013658
11756,2024-04-30,NIFTY 50_5minutedata.csv,22587.75,0.01095
11757,2024-05-31,NIFTY 50_5minutedata.csv,22550.45,-0.001651
11758,2024-06-30,NIFTY 50_5minutedata.csv,24009.8,0.064715
11759,2024-07-31,NIFTY 50_5minutedata.csv,24979.3,0.040379
11760,2024-08-31,NIFTY 50_5minutedata.csv,25247.0,0.010717
11761,2024-09-30,NIFTY 50_5minutedata.csv,25822.8,0.022807
11762,2024-10-31,NIFTY 50_5minutedata.csv,24238.5,-0.061353
11763,2024-11-30,NIFTY 50_5minutedata.csv,24123.65,-0.004738
11764,2024-12-31,NIFTY 50_5minutedata.csv,23668.8,-0.018855
11765,2025-01-31,NIFTY 50_5minutedata.csv,23533.85,-0.005702
11766,2025-02-28,NIFTY 50_5minutedata.csv,22127.4,-0.059763
11767,2025-03-31,NIFTY 50_5minutedata.csv,23495.15,0.061813
11768,2025-04-30,NIFTY 50_5minutedata.csv,24246.25,0.031968
11769,2025-05-31,NIFTY 50_5minutedata.csv,24736.65,0.020226
11770,2025-06-30,NIFTY 50_5minutedata.csv,25507.45,0.03116
11771,2025-07-31,NIFTY 50_5minutedata.csv,24765.6,-0.029084
11772,2025-08-31,NIFTY 50_5minutedata.csv,24626.65,-0.005611
5343,2015-02-28,NIFTY BANK_5minutedata.csv,19772.1,
5344,2015-03-31,NIFTY BANK_5minutedata.csv,18165.3,-0.081266
5345,2015-04-30,NIFTY BANK_5minutedata.csv,18389.75,0.012356
5346,2015-05-31,NIFTY BANK_5minutedata.csv,18720.95,0.01801
5347,2015-06-30,NIFTY BANK_5minutedata.csv,18287.0,-0.02318
5348,2015-07-31,NIFTY BANK_5minutedata.csv,18717.3,0.02353
5349,2015-08-31,NIFTY BANK_5minutedata.csv,17144.75,-0.084016
5350,2015-09-30,NIFTY BANK_5minutedata.csv,17220.0,0.004389
5351,2015-10-31,NIFTY BANK_5minutedata.csv,17335.4,0.006702
5352,2015-11-30,NIFTY BANK_5minutedata.csv,17405.75,0.004058
5353,2015-12-31,NIFTY BANK_5minutedata.csv,16904.15,-0.028818
5354,2016-01-31,NIFTY BANK_5minutedata.csv,15514.85,-0.082187
5355,2016-02-29,NIFTY BANK_5minutedata.csv,14017.85,-0.096488
5356,2016-03-31,NIFTY BANK_5minutedata.csv,16141.2,0.151475
5357,2016-04-30,NIFTY BANK_5minutedata.csv,16766.85,0.038761
5358,2016-05-31,NIFTY BANK_5minutedata.csv,17593.5,0.049303
5359,2016-06-30,NIFTY BANK_5minutedata.csv,17914.0,0.018217
5360,2016-07-31,NIFTY BANK_5minutedata.csv,18950.35,0.057851
5361,2016-08-31,NIFTY BANK_5minutedata.csv,19788.2,0.044213
5362,2016-09-30,NIFTY BANK_5minutedata.csv,19323.2,-0.023499
5363,2016-10-31,NIFTY BANK_5minutedata.csv,19499.25,0.009111
5364,2016-11-30,NIFTY BANK_5minutedata.csv,18601.4,-0.046045
5365,2016-12-31,NIFTY BANK_5minutedata.csv,18149.5,-0.024294
5366,2017-01-31,NIFTY BANK_5minutedata.csv,19491.4,0.073936
5367,2017-02-28,NIFTY BANK_5minutedata.csv,20609.15,0.057346
5368,2017-03-31,NIFTY BANK_5minutedata.csv,21430.95,0.039875
5369,2017-04-30,NIFTY BANK_5minutedata.csv,22349.15,0.042845
5370,2017-05-31,NIFTY BANK_5minutedata.csv,23452.4,0.049364
5371,2017-06-30,NIFTY BANK_5minutedata.csv,23241.95,-0.008973
5372,2017-07-31,NIFTY BANK_5minutedata.csv,25091.55,0.07958
5373,2017-08-31,NIFTY BANK_5minutedata.csv,24301.35,-0.031493
5374,2017-09-30,NIFTY BANK_5minutedata.csv,24026.4,-0.011314
5375,2017-10-31,NIFTY BANK_5minutedata.csv,25047.85,0.042514
5376,2017-11-30,NIFTY BANK_5minutedata.csv,25349.9,0.012059
5377,2017-12-31,NIFTY BANK_5minutedata.csv,25530.55,0.007126
5378,2018-01-31,NIFTY BANK_5minutedata.csv,27392.65,0.072936
5379,2018-02-28,NIFTY BANK_5minutedata.csv,25111.5,-0.083276
5380,2018-03-31,NIFTY BANK_5minutedata.csv,24306.1,-0.032073
5381,2018-04-30,NIFTY BANK_5minutedata.csv,25546.45,0.05103
5382,2018-05-31,NIFTY BANK_5minutedata.csv,26874.4,0.051982
5383,2018-06-30,NIFTY BANK_5minutedata.csv,26360.9,-0.019107
5384,2018-07-31,NIFTY BANK_5minutedata.csv,27773.15,0.053574
5385,2018-08-31,NIFTY BANK_5minutedata.csv,28046.8,0.009853
5386,2018-09-30,NIFTY BANK_5minutedata.csv,25133.75,-0.103864
5387,2018-10-31,NIFTY BANK_5minutedata.csv,25086.15,-0.001894
5388,2018-11-30,NIFTY BANK_5minutedata.csv,26845.85,0.070146
5389,2018-12-31,NIFTY BANK_5minutedata.csv,27159.75,0.011693
5390,2019-01-31,NIFTY BANK_5minutedata.csv,27250.25,0.003332
5391,2019-02-28,NIFTY BANK_5minutedata.csv,26811.95,-0.016084
5392,2019-03-31,NIFTY BANK_5minutedata.csv,30383.2,0.133196
5393,2019-04-30,NIFTY BANK_5minutedata.csv,29729.45,-0.021517
5394,2019-05-31,NIFTY BANK_5minutedata.csv,31350.85,0.054539
5395,2019-06-30,NIFTY BANK_5minutedata.csv,31121.6,-0.007312
5396,2019-07-31,NIFTY BANK_5minutedata.csv,28868.55,-0.072395
5397,2019-08-31,NIFTY BANK_5minutedata.csv,27485.55,-0.047907
5398,2019-09-30,NIFTY BANK_5minutedata.csv,29098.3,0.058676
5399,2019-10-31,NIFTY BANK_5minutedata.csv,30034.85,0.032186
5400,2019-11-30,NIFTY BANK_5minutedata.csv,31926.3,0.062975
5401,2019-12-31,NIFTY BANK_5minutedata.csv,32179.4,0.007928
5402,2020-01-31,NIFTY BANK_5minutedata.csv,30812.75,-0.04247
5403,2020-02-29,NIFTY BANK_5minutedata.csv,29191.4,-0.052619
5404,2020-03-31,NIFTY BANK_5minutedata.csv,19051.4,-0.347363
5405,2020-04-30,NIFTY BANK_5minutedata.csv,21478.45,0.127395
5406,2020-05-31,NIFTY BANK_5minutedata.csv,19212.45,-0.105501
5407,2020-06-30,NIFTY BANK_5minutedata.csv,21378.25,0.112729
5408,2020-07-31,NIFTY BANK_5minutedata.csv,21656.0,0.012992
5409,2020-08-31,NIFTY BANK_5minutedata.csv,23668.75,0.092942
5410,2020-09-30,NIFTY BANK_5minutedata.csv,21416.85,-0.095142
5411,2020-10-31,NIFTY BANK_5minutedata.csv,23898.85,0.11589
5412,2020-11-30,NIFTY BANK_5minutedata.csv,29584.55,0.237907
5413,2020-12-31,NIFTY BANK_5minutedata.csv,31237.8,0.055882
5414,2021-01-31,NIFTY BANK_5minutedata.csv,30612.8,-0.020008
5415,2021-02-28,NIFTY BANK_5minutedata.csv,34849.4,0.138393
5416,2021-03-31,NIFTY BANK_5minutedata.csv,33340.05,-0.043311
5417,2021-04-30,NIFTY BANK_5minutedata.csv,32714.35,-0.018767
5418,2021-05-31,NIFTY BANK_5minutedata.csv,35484.55,0.084678
5419,2021-06-30,NIFTY BANK_5minutedata.csv,34780.55,-0.01984
5420,2021-07-31,NIFTY BANK_5minutedata.csv,34576.15,-0.005877
5421,2021-08-31,NIFTY BANK_5minutedata.csv,36389.15,0.052435
5422,2021-09-30,NIFTY BANK_5minutedata.csv,37411.05,0.028083
5423,2021-10-31,NIFTY BANK_5minutedata.csv,39270.55,0.049705
5424,2021-11-30,NIFTY BANK_5minutedata.csv,35600.45,-0.093457
5425,2021-12-31,NIFTY BANK_5minutedata.csv,35510.95,-0.002514
5426,2022-01-31,NIFTY BANK_5minutedata.csv,37957.65,0.0689
5427,2022-02-28,NIFTY BANK_5minutedata.csv,36211.6,-0.046
5428,2022-03-31,NIFTY BANK_5minutedata.csv,36371.0,0.004402
5429,2022-04-30,NIFTY BANK_5minutedata.csv,36063.75,-0.008448
5430,2022-05-31,NIFTY BANK_5minutedata.csv,35362.85,-0.019435
5431,2022-06-30,NIFTY BANK_5minutedata.csv,33360.6,-0.05662
5432,2022-07-31,NIFTY BANK_5minutedata.csv,37486.0,0.123661
5433,2022-08-31,NIFTY BANK_5minutedata.csv,39520.35,0.05427
5434,2022-09-30,NIFTY BANK_5minutedata.csv,38702.75,-0.020688
5435,2022-10-31,NIFTY BANK_5minutedata.csv,41314.9,0.067493
5436,2022-11-30,NIFTY BANK_5minutedata.csv,43245.2,0.046722
5437,2022-12-31,NIFTY BANK_5minutedata.csv,43038.5,-0.00478
5438,2023-01-31,NIFTY BANK_5minutedata.csv,40759.6,-0.05295
5439,2023-02-28,NIFTY BANK_5minutedata.csv,40282.85,-0.011697
5440,2023-03-31,NIFTY BANK_5minutedata.csv,40602.35,0.007931
5441,2023-04-30,NIFTY BANK_5minutedata.csv,43226.25,0.064624
5442,2023-05-31,NIFTY BANK_5minutedata.csv,44147.8,0.021319
5443,2023-06-30,NIFTY BANK_5minutedata.csv,44716.95,0.012892
5444,2023-07-31,NIFTY BANK_5minutedata.csv,45629.7,0.020412
5445,2023-08-31,NIFTY BANK_5minutedata.csv,44060.75,-0.034384
5446,2023-09-30,NIFTY BANK_5minutedata.csv,44603.15,0.01231
5447,2023-10-31,NIFTY BANK_5minutedata.csv,42827.75,-0.039804
5448,2023-11-30,NIFTY BANK_5minutedata.csv,44466.3,0.038259
5449,2023-12-31,NIFTY BANK_5minutedata.csv,48268.9,0.085516
5450,2024-01-31,NIFTY BANK_5minutedata.csv,45974.0,-0.047544
5451,2024-02-29,NIFTY BANK_5minutedata.csv,46277.0,0.006591
5452,2024-03-31,NIFTY BANK_5minutedata.csv,47146.75,0.018794
5453,2024-04-30,NIFTY BANK_5minutedata.csv,49291.35,0.045488
5454,2024-05-31,NIFTY BANK_5minutedata.csv,48967.95,-0.006561
5455,2024-06-30,NIFTY BANK_5minutedata.csv,52323.7,0.06853
5456,2024-07-31,NIFTY BANK_5minutedata.csv,51620.8,-0.013434
5457,2024-08-31,NIFTY BANK_5minutedata.csv,51319.55,-0.005836
5458,2024-09-30,NIFTY BANK_5minutedata.csv,52989.7,0.032544
5459,2024-10-31,NIFTY BANK_5minutedata.csv,51555.6,-0.027064
5460,2024-11-30,NIFTY BANK_5minutedata.csv,52023.85,0.009082
5461,2024-12-31,NIFTY BANK_5minutedata.csv,50884.3,-0.021904
5462,2025-01-31,NIFTY BANK_5minutedata.csv,49614.4,-0.024957
5463,2025-02-28,NIFTY BANK_5minutedata.csv,48262.5,-0.027248
5464,2025-03-31,NIFTY BANK_5minutedata.csv,51538.75,0.067884
5465,2025-04-30,NIFTY BANK_5minutedata.csv,54961.45,0.06641
5466,2025-05-31,NIFTY BANK_5minutedata.csv,55755.7,0.014451
5467,2025-06-30,NIFTY BANK_5minutedata.csv,57318.55,0.02803
5468,2025-07-31,NIFTY BANK_5minutedata.csv,55992.65,-0.023132
5469,2025-08-31,NIFTY BANK_5minutedata.csv,55591.35,-0.007167
-1,2008-03-31,NMDC,30.2818,
-1,2008-04-30,NMDC,41.3053,0.364031
-1,2008-05-31,NMDC,36.2247,-0.123001
-1,2008-06-30,NMDC,23.8971,-0.340309
-1,2008-07-31,NMDC,28.8974,0.209243
-1,2008-08-31,NMDC,26.6448,-0.077952
-1,2008-09-30,NMDC,18.9264,-0.289678
-1,2008-10-31,NMDC,12.6205,-0.33318
-1,2008-11-30,NMDC,11.1407,-0.117254
-1,2008-12-31,NMDC,14.5571,0.306659
-1,2009-01-31,NMDC,14.6054,0.003318
-1,2009-02-28,NMDC,13.3231,-0.087796
-1,2009-03-31,NMDC,13.9141,0.044359
-1,2009-04-30,NMDC,17.665,0.269575
-1,2009-05-31,NMDC,40.0723,1.268457
-1,2009-06-30,NMDC,32.0301,-0.200692
-1,2009-07-31,NMDC,32.0391,0.000281
-1,2009-08-31,NMDC,33.5841,0.048222
-1,2009-09-30,NMDC,32.2071,-0.041002
-1,2009-10-31,NMDC,26.9551,-0.16307
-1,2009-11-30,NMDC,36.7773,0.364391
-1,2009-12-31,NMDC,38.0018,0.033295
-1,2010-01-31,NMDC,44.6172,0.174081
-1,2010-02-28,NMDC,38.8853,-0.128468
-1,2010-03-31,NMDC,26.4611,-0.319509
-1,2010-04-30,NMDC,26.906,0.016813
-1,2010-05-31,NMDC,25.2612,-0.061131
-1,2010-06-30,NMDC,23.868,-0.055152
-1,2010-07-31,NMDC,23.4455,-0.017702
-1,2010-08-31,NMDC,21.7247,-0.073396
-1,2010-09-30,NMDC,23.6307,0.087734
-1,2010-10-31,NMDC,25.0489,0.060015
-1,2010-11-30,NMDC,22.0364,-0.120265
-1,2010-12-31,NMDC,25.1663,0.142033
-1,2011-01-31,NMDC,23.7572,-0.055992
-1,2011-02-28,NMDC,23.7617,0.000189
-1,2011-03-31,NMDC,25.845,0.087675
-1,2011-04-30,NMDC,24.8003,-0.040422
-1,2011-05-31,NMDC,24.3824,-0.016851
-1,2011-06-30,NMDC,23.1424,-0.050856
-1,2011-07-31,NMDC,21.7979,-0.058097
-1,2011-08-31,NMDC,20.0265,-0.081265
-1,2011-09-30,NMDC,20.6351,0.03039
-1,2011-10-31,NMDC,21.7855,0.05575
-1,2011-11-30,NMDC,17.0045,-0.219458
-1,2011-12-31,NMDC,14.8852,-0.124632
-1,2012-01-31,NMDC,16.5227,0.110009
-1,2012-02-29,NMDC,16.643,0.007281
-1,2012-03-31,NMDC,14.9986,-0.098804
-1,2012-04-30,NMDC,16.2656,0.084475
-1,2012-05-31,NMDC,15.4923,-0.047542
-1,2012-06-30,NMDC,17.3835,0.122074
-1,2012-07-31,NMDC,17.4487,0.003751
-1,2012-08-31,NMDC,17.7095,0.014947
-1,2012-09-30,NMDC,18.0635,0.019989
-1,2012-10-31,NMDC,16.7296,-0.073845
-1,2012-11-30,NMDC,15.4263,-0.077904
-1,2012-12-31,NMDC,15.8913,0.030143
-1,2013-01-31,NMDC,14.8662,-0.064507
-1,2013-02-28,NMDC,13.1914,-0.112658
-1,2013-03-31,NMDC,13.3188,0.009658
-1,2013-04-30,NMDC,12.2162,-0.082785
-1,2013-05-31,NMDC,11.4244,-0.064816
-1,2013-06-30,NMDC,10.2441,-0.103314
-1,2013-07-31,NMDC,9.5106,-0.071602
-1,2013-08-31,NMDC,11.5604,0.215528
-1,2013-09-30,NMDC,11.6673,0.009247
-1,2013-10-31,NMDC,14.0839,0.207126
-1,2013-11-30,NMDC,13.4447,-0.045385
-1,2013-12-31,NMDC,14.8086,0.101445
-1,2014-01-31,NMDC,15.1321,0.021845
-1,2014-02-28,NMDC,13.3058,-0.12069
-1,2014-03-31,NMDC,15.2839,0.148664
-1,2014-04-30,NMDC,16.4858,0.078638
-1,2014-05-31,NMDC,18.659,0.131823
-1,2014-06-30,NMDC,20.031,0.07353
-1,2014-07-31,NMDC,18.6645,-0.068219
-1,2014-08-31,NMDC,18.6096,-0.002941
-1,2014-09-30,NMDC,18.1541,-0.024477
-1,2014-10-31,NMDC,18.7578,0.033254
-1,2014-11-30,NMDC,15.3607,-0.181103
-1,2014-12-31,NMDC,16.3233,0.062666
-1,2015-01-31,NMDC,15.9293,-0.024137
-1,2015-02-28,NMDC,16.0981,0.010597
-1,2015-03-31,NMDC,15.0645,-0.064206
12928,2015-04-30,NMDC,128.25,7.513392
12929,2015-05-31,NMDC,129.05,0.006238
12930,2015-06-30,NMDC,118.7,-0.080201
12931,2015-07-31,NMDC,101.9,-0.141533
12932,2015-08-31,NMDC,101.0,-0.008832
12933,2015-09-30,NMDC,93.1,-0.078218
12934,2015-10-31,NMDC,100.25,0.076799
12935,2015-11-30,NMDC,94.95,-0.052868
12936,2015-12-31,NMDC,89.85,-0.053712
12937,2016-01-31,NMDC,80.75,-0.10128
12938,2016-02-29,NMDC,81.4,0.00805
12939,2016-03-31,NMDC,98.0,0.203931
12940,2016-04-30,NMDC,95.15,-0.029082
12941,2016-05-31,NMDC,88.25,-0.072517
12942,2016-06-30,NMDC,93.85,0.063456
12943,2016-07-31,NMDC,100.0,0.06553
12944,2016-08-31,NMDC,108.0,0.08
12945,2016-09-30,NMDC,105.8,-0.02037
12946,2016-10-31,NMDC,132.5,0.252363
12947,2016-11-30,NMDC,122.1,-0.078491
12948,2016-12-31,NMDC,123.4,0.010647
12949,2017-01-31,NMDC,143.85,0.165721
12950,2017-02-28,NMDC,150.25,0.044491
12951,2017-03-31,NMDC,133.1,-0.114143
12952,2017-04-30,NMDC,127.5,-0.042074
12953,2017-05-31,NMDC,110.65,-0.132157
12954,2017-06-30,NMDC,108.25,-0.02169
12955,2017-07-31,NMDC,126.75,0.170901
12956,2017-08-31,NMDC,126.65,-0.000789
12957,2017-09-30,NMDC,117.75,-0.070272
12958,2017-10-31,NMDC,128.15,0.088323
12959,2017-11-30,NMDC,127.6,-0.004292
12960,2017-12-31,NMDC,137.8,0.079937
12961,2018-01-31,NMDC,140.3,0.018142
12962,2018-02-28,NMDC,129.35,-0.078047
12963,2018-03-31,NMDC,118.55,-0.083494
12964,2018-04-30,NMDC,125.0,0.054407
12965,2018-05-31,NMDC,117.45,-0.0604
12966,2018-06-30,NMDC,108.1,-0.079608
12967,2018-07-31,NMDC,105.2,-0.026827
12968,2018-08-31,NMDC,111.5,0.059886
12969,2018-09-30,NMDC,113.2,0.015247
12970,2018-10-31,NMDC,109.15,-0.035777
12971,2018-11-30,NMDC,95.85,-0.121851
12972,2018-12-31,NMDC,96.85,0.010433
12973,2019-01-31,NMDC,96.9,0.000516
12974,2019-02-28,NMDC,100.7,0.039216
12975,2019-03-31,NMDC,104.45,0.037239
12976,2019-04-30,NMDC,100.45,-0.038296
12977,2019-05-31,NMDC,101.3,0.008462
12978,2019-06-30,NMDC,112.95,0.115005
12979,2019-07-31,NMDC,108.7,-0.037627
12980,2019-08-31,NMDC,83.15,-0.235051
12981,2019-09-30,NMDC,88.7,0.066747
12982,2019-10-31,NMDC,112.6,0.269448
12983,2019-11-30,NMDC,102.55,-0.089254
12984,2019-12-31,NMDC,128.9,0.256948
12985,2020-01-31,NMDC,116.95,-0.092708
12986,2020-02-29,NMDC,91.2,-0.22018
12987,2020-03-31,NMDC,80.0,-0.122807
12988,2020-04-30,NMDC,80.55,0.006875
12989,2020-05-31,NMDC,81.15,0.007449
12990,2020-06-30,NMDC,81.15,0.0
12991,2020-07-31,NMDC,83.8,0.032656
12992,2020-08-31,NMDC,97.15,0.159308
12993,2020-09-30,NMDC,82.25,-0.153371
12994,2020-10-31,NMDC,82.45,0.002432
12995,2020-11-30,NMDC,96.4,0.169193
12996,2020-12-31,NMDC,114.45,0.187241
12997,2021-01-31,NMDC,105.2,-0.080821
12998,2021-02-28,NMDC,127.0,0.207224
12999,2021-03-31,NMDC,135.35,0.065748
13000,2021-04-30,NMDC,155.75,0.15072
13001,2021-05-31,NMDC,182.15,0.169502
13002,2021-06-30,NMDC,184.1,0.010705
13003,2021-07-31,NMDC,181.2,-0.015752
13004,2021-08-31,NMDC,154.05,-0.149834
13005,2021-09-30,NMDC,143.0,-0.07173
13006,2021-10-31,NMDC,143.15,0.001049
13007,2021-11-30,NMDC,132.85,-0.071952
13008,2021-12-31,NMDC,133.3,0.003387
13009,2022-01-31,NMDC,138.5,0.03901
-1,2006-01-31,NTPC,50.8743,
-1,2006-02-28,NTPC,58.2722,0.145415
-1,2006-03-31,NTPC,60.5827,0.03965
-1,2006-04-30,NTPC,73.7563,0.217448
-1,2006-05-31,NTPC,50.7792,-0.311527
-1,2006-06-30,NTPC,50.1015,-0.013346
-1,2006-07-31,NTPC,52.0667,0.039224
-1,2006-08-31,NTPC,56.1327,0.078092
-1,2006-09-30,NTPC,59.1471,0.053701
-1,2006-10-31,NTPC,58.9198,-0.003843
-1,2006-11-30,NTPC,66.8076,0.133874
-1,2006-12-31,NTPC,62.0568,-0.071112
-1,2007-01-31,NTPC,64.5799,0.040658
-1,2007-02-28,NTPC,63.6025,-0.015135
-1,2007-03-31,NTPC,69.4519,0.091968
-1,2007-04-30,NTPC,73.8663,0.063561
-1,2007-05-31,NTPC,73.2654,-0.008135
-1,2007-06-30,NTPC,70.6306,-0.035962
-1,2007-07-31,NTPC,76.6397,0.085078
-1,2007-08-31,NTPC,80.1297,0.045538
-1,2007-09-30,NTPC,90.088,0.124277
-1,2007-10-31,NTPC,110.9669,0.231761
-1,2007-11-30,NTPC,109.9218,-0.009418
-1,2007-12-31,NTPC,116.5408,0.060216
-1,2008-01-31,NTPC,91.0634,-0.218614
-1,2008-02-29,NTPC,93.8272,0.03035
-1,2008-03-31,NTPC,92.5338,-0.013785
-1,2008-04-30,NTPC,92.6044,0.000763
-1,2008-05-31,NTPC,81.12,-0.124016
-1,2008-06-30,NTPC,71.4948,-0.118654
-1,2008-07-31,NTPC,80.1787,0.121462
-1,2008-08-31,NTPC,82.3202,0.026709
-1,2008-09-30,NTPC,81.2879,-0.01254
-1,2008-10-31,NTPC,66.7232,-0.179174
-1,2008-11-30,NTPC,75.4005,0.130049
-1,2008-12-31,NTPC,85.4019,0.132644
-1,2009-01-31,NTPC,89.6815,0.050111
-1,2009-02-28,NTPC,88.7824,-0.010025
-1,2009-03-31,NTPC,86.3109,-0.027838
-1,2009-04-30,NTPC,91.1819,0.056436
-1,2009-05-31,NTPC,103.3715,0.133684
-1,2009-06-30,NTPC,93.6055,-0.094475
-1,2009-07-31,NTPC,103.4675,0.105357
-1,2009-08-31,NTPC,101.9078,-0.015074
-1,2009-09-30,NTPC,102.5797,0.006593
-1,2009-10-31,NTPC,102.3272,-0.002462
-1,2009-11-30,NTPC,101.0746,-0.012241
-1,2009-12-31,NTPC,113.5283,0.123213
-1,2010-01-31,NTPC,103.2425,-0.090601
-1,2010-02-28,NTPC,97.8227,-0.052496
-1,2010-03-31,NTPC,99.8461,0.020684
-1,2010-04-30,NTPC,101.4822,0.016386
-1,2010-05-31,NTPC,98.9153,-0.025294
-1,2010-06-30,NTPC,97.5951,-0.013347
-1,2010-07-31,NTPC,97.1795,-0.004258
-1,2010-08-31,NTPC,95.8104,-0.014088
-1,2010-09-30,NTPC,106.0784,0.10717
-1,2010-10-31,NTPC,95.8767,-0.096171
-1,2010-11-30,NTPC,90.3294,-0.057859
-1,2010-12-31,NTPC,98.5032,0.090489
-1,2011-01-31,NTPC,92.8085,-0.057812
-1,2011-02-28,NTPC,83.3828,-0.101561
-1,2011-03-31,NTPC,96.3829,0.155909
-1,2011-04-30,NTPC,90.9922,-0.05593
-1,2011-05-31,NTPC,83.9794,-0.07707
-1,2011-06-30,NTPC,93.2882,0.110846
-1,2011-07-31,NTPC,87.8975,-0.057785
-1,2011-08-31,NTPC,84.5035,-0.038613
-1,2011-09-30,NTPC,83.6799,-0.009746
-1,2011-10-31,NTPC,89.8982,0.074311
-1,2011-11-30,NTPC,81.4224,-0.094282
-1,2011-12-31,NTPC,80.6701,-0.009239
-1,2012-01-31,NTPC,86.3624,0.070563
-1,2012-02-29,NTPC,92.6898,0.073266
-1,2012-03-31,NTPC,83.321,-0.101077
-1,2012-04-30,NTPC,83.193,-0.001536
-1,2012-05-31,NTPC,75.1553,-0.096615
-1,2012-06-30,NTPC,81.6315,0.086171
-1,2012-07-31,NTPC,80.3772,-0.015365
-1,2012-08-31,NTPC,86.0344,0.070383
-1,2012-09-30,NTPC,86.0599,0.000296
-1,2012-10-31,NTPC,84.9039,-0.013433
-1,2012-11-30,NTPC,83.3892,-0.01784
-1,2012-12-31,NTPC,80.334,-0.036638
-1,2013-01-31,NTPC,80.6677,0.004154
-1,2013-02-28,NTPC,77.4841,-0.039466
-1,2013-03-31,NTPC,72.8885,-0.05931
-1,2013-04-30,NTPC,82.8551,0.136738
-1,2013-05-31,NTPC,81.1964,-0.020019
-1,2013-06-30,NTPC,75.6938,-0.067769
-1,2013-07-31,NTPC,68.8221,-0.090783
-1,2013-08-31,NTPC,68.9275,0.001531
-1,2013-09-30,NTPC,77.6421,0.126431
-1,2013-10-31,NTPC,79.7377,0.026991
-1,2013-11-30,NTPC,78.7483,-0.012408
-1,2013-12-31,NTPC,73.2667,-0.069609
-1,2014-01-31,NTPC,67.6246,-0.077008
-1,2014-02-28,NTPC,62.0467,-0.082483
-1,2014-03-31,NTPC,66.1868,0.066726
-1,2014-04-30,NTPC,64.2272,-0.029607
-1,2014-05-31,NTPC,88.5987,0.379458
-1,2014-06-30,NTPC,86.2251,-0.02679
-1,2014-07-31,NTPC,80.07,-0.071384
-1,2014-08-31,NTPC,75.8471,-0.05274
-1,2014-09-30,NTPC,77.761,0.025234
-1,2014-10-31,NTPC,83.9104,0.079081
-1,2014-11-30,NTPC,79.7736,-0.0493
-1,2014-12-31,NTPC,80.5003,0.00911
-1,2015-01-31,NTPC,80.3047,-0.00243
-1,2015-02-28,NTPC,88.5783,0.103028
8367,2015-03-31,NTPC,123.13,0.39007
8368,2015-04-30,NTPC,125.0,0.015187
8369,2015-05-31,NTPC,114.33,-0.08536
8370,2015-06-30,NTPC,114.71,0.003324
8371,2015-07-31,NTPC,112.92,-0.015605
8372,2015-08-31,NTPC,101.58,-0.100425
8373,2015-09-30,NTPC,103.25,0.01644
8374,2015-10-31,NTPC,110.33,0.068571
8375,2015-11-30,NTPC,108.88,-0.013142
8376,2015-12-31,NTPC,121.0,0.111315
8377,2016-01-31,NTPC,118.38,-0.021653
8378,2016-02-29,NTPC,98.83,-0.165146
8379,2016-03-31,NTPC,107.08,0.083477
8380,2016-04-30,NTPC,116.38,0.086851
8381,2016-05-31,NTPC,118.42,0.017529
8382,2016-06-30,NTPC,129.75,0.095676
8383,2016-07-31,NTPC,132.08,0.017958
8384,2016-08-31,NTPC,132.63,0.004164
8385,2016-09-30,NTPC,123.96,-0.06537
8386,2016-10-31,NTPC,125.25,0.010407
8387,2016-11-30,NTPC,135.79,0.084152
8388,2016-12-31,NTPC,137.46,0.012298
8389,2017-01-31,NTPC,143.75,0.045759
8390,2017-02-28,NTPC,135.83,-0.055096
8391,2017-03-31,NTPC,138.0,0.015976
8392,2017-04-30,NTPC,137.08,-0.006667
8393,2017-05-31,NTPC,133.33,-0.027356
8394,2017-06-30,NTPC,132.54,-0.005925
8395,2017-07-31,NTPC,136.71,0.031462
8396,2017-08-31,NTPC,140.38,0.026845
8397,2017-09-30,NTPC,139.83,-0.003918
8398,2017-10-31,NTPC,150.38,0.075449
8399,2017-11-30,NTPC,152.5,0.014098
8400,2017-12-31,NTPC,146.96,-0.036328
8401,2018-01-31,NTPC,142.21,-0.032322
8402,2018-02-28,NTPC,136.04,-0.043387
8403,2018-03-31,NTPC,141.67,0.041385
8404,2018-04-30,NTPC,144.13,0.017364
8405,2018-05-31,NTPC,140.0,-0.028655
8406,2018-06-30,NTPC,132.79,-0.0515
8407,2018-07-31,NTPC,129.33,-0.026056
8408,2018-08-31,NTPC,142.92,0.10508
8409,2018-09-30,NTPC,139.25,-0.025679
8410,2018-10-31,NTPC,133.13,-0.04395
8411,2018-11-30,NTPC,115.75,-0.130549
8412,2018-12-31,NTPC,123.92,0.070583
8413,2019-01-31,NTPC,116.5,-0.059877
8414,2019-02-28,NTPC,118.04,0.013219
8415,2019-03-31,NTPC,135.35,0.146645
8416,2019-04-30,NTPC,133.65,-0.01256
8417,2019-05-31,NTPC,132.95,-0.005238
8418,2019-06-30,NTPC,141.1,0.061301
8419,2019-07-31,NTPC,126.35,-0.104536
8420,2019-08-31,NTPC,121.95,-0.034824
8421,2019-09-30,NTPC,117.65,-0.03526
8422,2019-10-31,NTPC,122.45,0.040799
8423,2019-11-30,NTPC,116.1,-0.051858
8424,2019-12-31,NTPC,119.0,0.024978
8425,2020-01-31,NTPC,112.85,-0.051681
8426,2020-02-29,NTPC,106.85,-0.053168
8427,2020-03-31,NTPC,84.0,-0.213851
8428,2020-04-30,NTPC,95.9,0.141667
8429,2020-05-31,NTPC,96.25,0.00365
8430,2020-06-30,NTPC,95.3,-0.00987
8431,2020-07-31,NTPC,87.0,-0.087093
8432,2020-08-31,NTPC,96.85,0.113218
8433,2020-09-30,NTPC,84.95,-0.12287
8434,2020-10-31,NTPC,88.35,0.040024
8435,2020-11-30,NTPC,93.15,0.054329
8436,2020-12-31,NTPC,99.45,0.067633
8437,2021-01-31,NTPC,88.8,-0.107089
8438,2021-02-28,NTPC,107.0,0.204955
8439,2021-03-31,NTPC,106.6,-0.003738
8440,2021-04-30,NTPC,102.4,-0.0394
8441,2021-05-31,NTPC,110.6,0.080078
8442,2021-06-30,NTPC,116.25,0.051085
8443,2021-07-31,NTPC,119.0,0.023656
8444,2021-08-31,NTPC,115.9,-0.02605
8445,2021-09-30,NTPC,141.8,0.223469
8446,2021-10-31,NTPC,133.1,-0.061354
8447,2021-11-30,NTPC,127.5,-0.042074
8448,2021-12-31,NTPC,124.45,-0.023922
8449,2022-01-31,NTPC,142.15,0.142226
8450,2022-02-28,NTPC,133.55,-0.060499
8451,2022-03-31,NTPC,135.0,0.010857
8452,2022-04-30,NTPC,156.55,0.15963
8453,2022-05-31,NTPC,157.7,0.007346
8454,2022-06-30,NTPC,142.6,-0.095751
8455,2022-07-31,NTPC,152.85,0.071879
8456,2022-08-31,NTPC,163.75,0.071312
8457,2022-09-30,NTPC,159.85,-0.023817
8458,2022-10-31,NTPC,173.6,0.086018
8459,2022-11-30,NTPC,172.3,-0.007488
8460,2022-12-31,NTPC,166.8,-0.031921
8461,2023-01-31,NTPC,170.85,0.024281
8462,2023-02-28,NTPC,170.0,-0.004975
8463,2023-03-31,NTPC,175.6,0.032941
8464,2023-04-30,NTPC,172.0,-0.020501
8465,2023-05-31,NTPC,172.65,0.003779
8466,2023-06-30,NTPC,189.2,0.095859
8467,2023-07-31,NTPC,217.6,0.150106
8468,2023-08-31,NTPC,219.2,0.007353
8469,2023-09-30,NTPC,245.7,0.120894
8470,2023-10-31,NTPC,236.25,-0.038462
8471,2023-11-30,NTPC,261.0,0.104762
8472,2023-12-31,NTPC,310.5,0.189655
8473,2024-01-31,NTPC,317.75,0.023349
8474,2024-02-29,NTPC,335.55,0.056019
8475,2024-03-31,NTPC,337.2,0.004917
8476,2024-04-30,NTPC,363.0,0.076512
8477,2024-05-31,NTPC,359.65,-0.009229
8478,2024-06-30,NTPC,379.5,0.055193
8479,2024-07-31,NTPC,415.85,0.095784
8480,2024-08-31,NTPC,417.2,0.003246
8481,2024-09-30,NTPC,443.0,0.061841
8482,2024-10-31,NTPC,408.5,-0.077878
8483,2024-11-30,NTPC,363.0,-0.111383
8484,2024-12-31,NTPC,332.8,-0.083196
8485,2025-01-31,NTPC,325.15,-0.022987
8486,2025-02-28,NTPC,310.15,-0.046133
8487,2025-03-31,NTPC,358.0,0.15428
8488,2025-04-30,NTPC,353.7,-0.012011
8489,2025-05-31,NTPC,334.0,-0.055697
8490,2025-06-30,NTPC,334.8,0.002395
8491,2025-07-31,NTPC,333.7,-0.003286
8492,2025-08-31,NTPC,332.1,-0.004795
-1,2006-01-31,ONGC,58.4164,
-1,2006-02-28,ONGC,53.6526,-0.081549
-1,2006-03-31,ONGC,61.9125,0.153952
-1,2006-04-30,ONGC,61.7449,-0.002707
-1,2006-05-31,ONGC,52.7013,-0.146467
-1,2006-06-30,ONGC,52.3141,-0.007347
-1,2006-07-31,ONGC,55.3877,0.058753
-1,2006-08-31,ONGC,57.4863,0.037889
-1,2006-09-30,ONGC,55.2318,-0.039218
-1,2006-10-31,ONGC,58.7259,0.063262
-1,2006-11-30,ONGC,62.0806,0.057125
-1,2006-12-31,ONGC,62.7249,0.010378
-1,2007-01-31,ONGC,66.9696,0.067672
-1,2007-02-28,ONGC,57.9059,-0.135341
-1,2007-03-31,ONGC,64.7211,0.117694
-1,2007-04-30,ONGC,67.1497,0.037524
-1,2007-05-31,ONGC,67.7706,0.009247
-1,2007-06-30,ONGC,66.5398,-0.018161
-1,2007-07-31,ONGC,67.2011,0.009938
-1,2007-08-31,ONGC,63.1707,-0.059975
-1,2007-09-30,ONGC,70.4011,0.114458
-1,2007-10-31,ONGC,93.0027,0.32104
-1,2007-11-30,ONGC,87.1226,-0.063225
-1,2007-12-31,ONGC,92.3013,0.059442
-1,2008-01-31,ONGC,74.92,-0.18831
-1,2008-02-29,ONGC,77.0096,0.027891
-1,2008-03-31,ONGC,74.2386,-0.035983
-1,2008-04-30,ONGC,78.2134,0.053541
-1,2008-05-31,ONGC,65.5053,-0.16248
-1,2008-06-30,ONGC,61.7084,-0.057963
-1,2008-07-31,ONGC,75.4273,0.222318
-1,2008-08-31,ONGC,77.4715,0.027102
-1,2008-09-30,ONGC,78.3005,0.010701
-1,2008-10-31,ONGC,51.3287,-0.344465
-1,2008-11-30,ONGC,53.2236,0.036917
-1,2008-12-31,ONGC,51.1753,-0.038485
-1,2009-01-31,ONGC,51.5489,0.0073
-1,2009-02-28,ONGC,54.3863,0.055043
-1,2009-03-31,ONGC,61.4069,0.129088
-1,2009-04-30,ONGC,68.0616,0.108371
-1,2009-05-31,ONGC,92.0278,0.352125
-1,2009-06-30,ONGC,84.0036,-0.087193
-1,2009-07-31,ONGC,91.6185,0.09065
-1,2009-08-31,ONGC,93.3067,0.018426
-1,2009-09-30,ONGC,92.2442,-0.011387
-1,2009-10-31,ONGC,90.1491,-0.022713
-1,2009-11-30,ONGC,95.5614,0.060037
-1,2009-12-31,ONGC,93.829,-0.018129
-1,2010-01-31,ONGC,88.6847,-0.054826
-1,2010-02-28,ONGC,90.3995,0.019336
-1,2010-03-31,ONGC,88.8707,-0.016912
-1,2010-04-30,ONGC,85.3197,-0.039957
-1,2010-05-31,ONGC,94.4519,0.107035
-1,2010-06-30,ONGC,106.8357,0.131112
-1,2010-07-31,ONGC,100.3567,-0.060645
-1,2010-08-31,ONGC,108.1946,0.0781
-1,2010-09-30,ONGC,113.5736,0.049716
-1,2010-10-31,ONGC,106.6612,-0.060863
-1,2010-11-30,ONGC,101.8559,-0.045052
-1,2010-12-31,ONGC,105.3648,0.03445
-1,2011-01-31,ONGC,98.71,-0.06316
-1,2011-02-28,ONGC,90.6308,-0.081848
-1,2011-03-31,ONGC,97.654,0.077492
-1,2011-04-30,ONGC,103.1854,0.056643
-1,2011-05-31,ONGC,94.2178,-0.086908
-1,2011-06-30,ONGC,91.9382,-0.024195
-1,2011-07-31,ONGC,90.2621,-0.018231
-1,2011-08-31,ONGC,88.2674,-0.022099
-1,2011-09-30,ONGC,89.4481,0.013376
-1,2011-10-31,ONGC,93.3306,0.043405
-1,2011-11-30,ONGC,89.6666,-0.039258
-1,2011-12-31,ONGC,86.2547,-0.038051
-1,2012-01-31,ONGC,92.7928,0.0758
-1,2012-02-29,ONGC,100.9685,0.088107
-1,2012-03-31,ONGC,92.411,-0.084754
-1,2012-04-30,ONGC,93.5101,0.011894
-1,2012-05-31,ONGC,87.6755,-0.062395
-1,2012-06-30,ONGC,98.6349,0.125
-1,2012-07-31,ONGC,99.0504,0.004213
-1,2012-08-31,ONGC,95.5358,-0.035483
-1,2012-09-30,ONGC,97.2498,0.017941
-1,2012-10-31,ONGC,93.6354,-0.037166
-1,2012-11-30,ONGC,92.3973,-0.013223
-1,2012-12-31,ONGC,93.461,0.011512
-1,2013-01-31,ONGC,120.7777,0.292279
-1,2013-02-28,ONGC,111.4447,-0.077274
-1,2013-03-31,ONGC,110.7159,-0.00654
-1,2013-04-30,ONGC,117.7358,0.063405
-1,2013-05-31,ONGC,118.1682,0.003673
-1,2013-06-30,ONGC,119.3215,0.00976
-1,2013-07-31,ONGC,104.7621,-0.122018
-1,2013-08-31,ONGC,89.7884,-0.142931
-1,2013-09-30,ONGC,96.5275,0.075055
-1,2013-10-31,ONGC,106.0278,0.098421
-1,2013-11-30,ONGC,107.9773,0.018387
-1,2013-12-31,ONGC,104.295,-0.034103
-1,2014-01-31,ONGC,101.1332,-0.030316
-1,2014-02-28,ONGC,106.9321,0.057339
-1,2014-03-31,ONGC,116.9703,0.093875
-1,2014-04-30,ONGC,120.8988,0.033585
-1,2014-05-31,ONGC,140.6271,0.16318
-1,2014-06-30,ONGC,157.9939,0.123495
-1,2014-07-31,ONGC,147.0235,-0.069436
-1,2014-08-31,ONGC,161.7686,0.100291
-1,2014-09-30,ONGC,151.9323,-0.060805
-1,2014-10-31,ONGC,150.7525,-0.007765
-1,2014-11-30,ONGC,141.1712,-0.063556
-1,2014-12-31,ONGC,127.0131,-0.10029
-1,2015-01-31,ONGC,132.6676,0.044519
-1,2015-02-28,ONGC,122.6237,-0.075707
126,2015-03-31,ONGC,193.3,0.576367
127,2015-04-30,ONGC,192.25,-0.005432
128,2015-05-31,ONGC,206.7,0.075163
129,2015-06-30,ONGC,195.75,-0.052975
130,2015-07-31,ONGC,172.15,-0.120562
131,2015-08-31,ONGC,151.25,-0.121406
132,2015-09-30,ONGC,145.3,-0.039339
133,2015-10-31,ONGC,156.05,0.073985
134,2015-11-30,ONGC,148.0,-0.051586
135,2015-12-31,ONGC,151.65,0.024662
136,2016-01-31,ONGC,142.45,-0.060666
137,2016-02-29,ONGC,121.9,-0.144261
138,2016-03-31,ONGC,135.55,0.111977
139,2016-04-30,ONGC,137.35,0.013279
140,2016-05-31,ONGC,133.0,-0.031671
141,2016-06-30,ONGC,136.8,0.028571
142,2016-07-31,ONGC,139.35,0.01864
143,2016-08-31,ONGC,149.85,0.07535
144,2016-09-30,ONGC,162.35,0.083417
145,2016-10-31,ONGC,182.75,0.125654
146,2016-11-30,ONGC,181.65,-0.006019
147,2016-12-31,ONGC,180.8,-0.004679
148,2017-01-31,ONGC,191.3,0.058075
149,2017-02-28,ONGC,183.4,-0.041296
150,2017-03-31,ONGC,175.5,-0.043075
151,2017-04-30,ONGC,176.5,0.005698
152,2017-05-31,ONGC,167.8,-0.049292
153,2017-06-30,ONGC,149.1,-0.111442
154,2017-07-31,ONGC,160.15,0.074111
155,2017-08-31,ONGC,148.7,-0.071495
156,2017-09-30,ONGC,162.3,0.091459
157,2017-10-31,ONGC,181.1,0.115835
158,2017-11-30,ONGC,171.55,-0.052733
159,2017-12-31,ONGC,184.85,0.077528
160,2018-01-31,ONGC,192.9,0.043549
161,2018-02-28,ONGC,178.2,-0.076205
162,2018-03-31,ONGC,168.5,-0.054433
163,2018-04-30,ONGC,171.25,0.01632
164,2018-05-31,ONGC,168.6,-0.015474
165,2018-06-30,ONGC,149.75,-0.111803
166,2018-07-31,ONGC,157.25,0.050083
167,2018-08-31,ONGC,170.4,0.083625
168,2018-09-30,ONGC,169.3,-0.006455
169,2018-10-31,ONGC,145.1,-0.142942
170,2018-11-30,ONGC,132.95,-0.083735
171,2018-12-31,ONGC,141.95,0.067695
172,2019-01-31,ONGC,133.4,-0.060232
173,2019-02-28,ONGC,142.75,0.07009
174,2019-03-31,ONGC,151.65,0.062347
175,2019-04-30,ONGC,160.45,0.058028
176,2019-05-31,ONGC,163.0,0.015893
177,2019-06-30,ONGC,159.2,-0.023313
178,2019-07-31,ONGC,131.2,-0.175879
179,2019-08-31,ONGC,114.9,-0.124238
180,2019-09-30,ONGC,124.85,0.086597
181,2019-10-31,ONGC,134.35,0.076091
182,2019-11-30,ONGC,124.45,-0.073688
183,2019-12-31,ONGC,121.8,-0.021294
184,2020-01-31,ONGC,104.75,-0.139984
185,2020-02-29,ONGC,87.35,-0.16611
186,2020-03-31,ONGC,64.4,-0.262736
187,2020-04-30,ONGC,75.4,0.170807
188,2020-05-31,ONGC,78.55,0.041777
189,2020-06-30,ONGC,77.25,-0.01655
190,2020-07-31,ONGC,74.35,-0.03754
191,2020-08-31,ONGC,77.55,0.04304
192,2020-09-30,ONGC,65.5,-0.155384
193,2020-10-31,ONGC,61.4,-0.062595
194,2020-11-30,ONGC,74.35,0.210912
195,2020-12-31,ONGC,88.25,0.186954
196,2021-01-31,ONGC,84.6,-0.04136
197,2021-02-28,ONGC,105.6,0.248227
198,2021-03-31,ONGC,96.85,-0.08286
199,2021-04-30,ONGC,102.55,0.058854
200,2021-05-31,ONGC,107.6,0.049244
201,2021-06-30,ONGC,111.7,0.038104
202,2021-07-31,ONGC,109.75,-0.017457
203,2021-08-31,ONGC,114.05,0.03918
204,2021-09-30,ONGC,136.6,0.19772
205,2021-10-31,ONGC,142.15,0.04063
206,2021-11-30,ONGC,134.95,-0.050651
207,2021-12-31,ONGC,134.65,-0.002223
208,2022-01-31,ONGC,163.5,0.214259
209,2022-02-28,ONGC,152.0,-0.070336
210,2022-03-31,ONGC,155.1,0.020395
211,2022-04-30,ONGC,151.95,-0.020309
212,2022-05-31,ONGC,143.65,-0.054623
213,2022-06-30,ONGC,143.0,-0.004525
214,2022-07-31,ONGC,127.2,-0.11049
215,2022-08-31,ONGC,131.1,0.03066
216,2022-09-30,ONGC,120.2,-0.083143
217,2022-10-31,ONGC,127.1,0.057404
218,2022-11-30,ONGC,133.15,0.0476
219,2022-12-31,ONGC,139.35,0.046564
220,2023-01-31,ONGC,137.3,-0.014711
221,2023-02-28,ONGC,144.05,0.049162
222,2023-03-31,ONGC,143.1,-0.006595
223,2023-04-30,ONGC,150.4,0.051013
224,2023-05-31,ONGC,145.7,-0.03125
225,2023-06-30,ONGC,151.75,0.041524
226,2023-07-31,ONGC,167.75,0.105437
227,2023-08-31,ONGC,164.75,-0.017884
228,2023-09-30,ONGC,181.75,0.103187
229,2023-10-31,ONGC,176.3,-0.029986
230,2023-11-30,ONGC,189.9,0.077141
231,2023-12-31,ONGC,200.6,0.056345
232,2024-01-31,ONGC,247.1,0.231805
233,2024-02-29,ONGC,258.8,0.047349
234,2024-03-31,ONGC,262.05,0.012558
235,2024-04-30,ONGC,275.85,0.052662
236,2024-05-31,ONGC,259.3,-0.059996
237,2024-06-30,ONGC,267.9,0.033166
238,2024-07-31,ONGC,326.85,0.220045
239,2024-08-31,ONGC,322.4,-0.013615
240,2024-09-30,ONGC,289.7,-0.101427
241,2024-10-31,ONGC,260.6,-0.100449
242,2024-11-30,ONGC,256.95,-0.014006
243,2024-12-31,ONGC,239.0,-0.069858
244,2025-01-31,ONGC,262.8,0.099582
245,2025-02-28,ONGC,225.65,-0.141362
246,2025-03-31,ONGC,246.5,0.0924
247,2025-04-30,ONGC,243.42,-0.012495
248,2025-05-31,ONGC,239.15,-0.017542
249,2025-06-30,ONGC,244.0,0.02028
250,2025-07-31,ONGC,240.8,-0.013115
251,2025-08-31,ONGC,233.77,-0.029194
8871,2015-03-31,PFC,108.75,
8872,2015-04-30,PFC,107.05,-0.015632
8873,2015-05-31,PFC,109.1,0.01915
8874,2015-06-30,PFC,102.3,-0.062328
8875,2015-07-31,PFC,98.45,-0.037634
8876,2015-08-31,PFC,88.9,-0.097004
8877,2015-09-30,PFC,91.85,0.033183
8878,2015-10-31,PFC,95.9,0.044094
8879,2015-11-30,PFC,85.3,-0.110532
8880,2015-12-31,PFC,80.35,-0.05803
8881,2016-01-31,PFC,69.85,-0.130678
8882,2016-02-29,PFC,61.6,-0.11811
8883,2016-03-31,PFC,68.5,0.112013
8884,2016-04-30,PFC,71.45,0.043066
8885,2016-05-31,PFC,65.6,-0.081875
8886,2016-06-30,PFC,68.5,0.044207
8887,2016-07-31,PFC,87.25,0.273723
8888,2016-08-31,PFC,99.2,0.136963
8889,2016-09-30,PFC,96.1,-0.03125
8890,2016-10-31,PFC,99.8,0.038502
8891,2016-11-30,PFC,107.2,0.074148
8892,2016-12-31,PFC,97.35,-0.091884
8893,2017-01-31,PFC,103.9,0.067283
8894,2017-02-28,PFC,108.8,0.047161
8895,2017-03-31,PFC,116.8,0.073529
8896,2017-04-30,PFC,127.9,0.095034
8897,2017-05-31,PFC,106.9,-0.164191
8898,2017-06-30,PFC,98.1,-0.08232
8899,2017-07-31,PFC,99.6,0.015291
8900,2017-08-31,PFC,97.85,-0.01757
8901,2017-09-30,PFC,97.7,-0.001533
8902,2017-10-31,PFC,111.6,0.142272
8903,2017-11-30,PFC,96.7,-0.133513
8904,2017-12-31,PFC,97.2,0.005171
8905,2018-01-31,PFC,93.5,-0.038066
8906,2018-02-28,PFC,84.05,-0.10107
8907,2018-03-31,PFC,68.2,-0.188578
8908,2018-04-30,PFC,70.5,0.033724
8909,2018-05-31,PFC,64.9,-0.079433
8910,2018-06-30,PFC,62.1,-0.043143
8911,2018-07-31,PFC,69.9,0.125604
8912,2018-08-31,PFC,67.5,-0.034335
8913,2018-09-30,PFC,60.9,-0.097778
8914,2018-10-31,PFC,76.4,0.254516
8915,2018-11-30,PFC,69.0,-0.096859
8916,2018-12-31,PFC,86.1,0.247826
8917,2019-01-31,PFC,82.4,-0.042973
8918,2019-02-28,PFC,90.1,0.093447
8919,2019-03-31,PFC,97.85,0.086016
8920,2019-04-30,PFC,92.2,-0.057741
8921,2019-05-31,PFC,99.3,0.077007
8922,2019-06-30,PFC,107.55,0.083082
8923,2019-07-31,PFC,87.35,-0.18782
8924,2019-08-31,PFC,84.3,-0.034917
8925,2019-09-30,PFC,79.25,-0.059905
8926,2019-10-31,PFC,87.3,0.101577
8927,2019-11-30,PFC,91.6,0.049255
8928,2019-12-31,PFC,94.1,0.027293
8929,2020-01-31,PFC,93.2,-0.009564
8930,2020-02-29,PFC,87.75,-0.058476
8931,2020-03-31,PFC,73.35,-0.164103
8932,2020-04-30,PFC,76.3,0.040218
8933,2020-05-31,PFC,59.7,-0.217562
8934,2020-06-30,PFC,67.7,0.134003
8935,2020-07-31,PFC,64.9,-0.041359
8936,2020-08-31,PFC,75.5,0.163328
8937,2020-09-30,PFC,68.9,-0.087417
8938,2020-10-31,PFC,69.9,0.014514
8939,2020-11-30,PFC,86.2,0.23319
8940,2020-12-31,PFC,91.35,0.059745
8941,2021-01-31,PFC,88.15,-0.03503
8942,2021-02-28,PFC,99.3,0.126489
8943,2021-03-31,PFC,90.95,-0.084089
8944,2021-04-30,PFC,86.55,-0.048378
8945,2021-05-31,PFC,96.3,0.112652
8946,2021-06-30,PFC,103.85,0.078401
8947,2021-07-31,PFC,103.95,0.000963
8948,2021-08-31,PFC,102.95,-0.00962
8949,2021-09-30,PFC,113.85,0.105877
8950,2021-10-31,PFC,106.4,-0.065437
8951,2021-11-30,PFC,93.55,-0.120771
8952,2021-12-31,PFC,95.7,0.022982
8953,2022-01-31,PFC,97.25,0.016196
8954,2022-02-28,PFC,88.05,-0.094602
8955,2022-03-31,PFC,89.9,0.021011
8956,2022-04-30,PFC,94.2,0.047831
8957,2022-05-31,PFC,89.1,-0.05414
8958,2022-06-30,PFC,83.5,-0.062851
8959,2022-07-31,PFC,92.8,0.111377
8960,2022-08-31,PFC,96.0,0.034483
8961,2022-09-30,PFC,83.7,-0.128125
8962,2022-10-31,PFC,92.0,0.099164
8963,2022-11-30,PFC,108.8,0.182609
8964,2022-12-31,PFC,113.3,0.04136
8965,2023-01-31,PFC,113.6,0.002648
8966,2023-02-28,PFC,115.85,0.019806
8967,2023-03-31,PFC,121.6,0.049633
8968,2023-04-30,PFC,136.1,0.119243
8969,2023-05-31,PFC,145.7,0.070536
8970,2023-06-30,PFC,172.45,0.183596
8971,2023-07-31,PFC,208.8,0.210786
8972,2023-08-31,PFC,206.6,-0.010536
8973,2023-09-30,PFC,252.65,0.222894
8974,2023-10-31,PFC,246.6,-0.023946
8975,2023-11-30,PFC,338.25,0.371655
8976,2023-12-31,PFC,382.4,0.130525
8977,2024-01-31,PFC,444.15,0.16148
8978,2024-02-29,PFC,400.5,-0.098278
8979,2024-03-31,PFC,391.55,-0.022347
8980,2024-04-30,PFC,439.65,0.122845
8981,2024-05-31,PFC,494.0,0.123621
8982,2024-06-30,PFC,484.65,-0.018927
8983,2024-07-31,PFC,556.5,0.148251
8984,2024-08-31,PFC,552.25,-0.007637
8985,2024-09-30,PFC,488.0,-0.116342
8986,2024-10-31,PFC,455.3,-0.067008
8987,2024-11-30,PFC,494.6,0.086317
8988,2024-12-31,PFC,448.8,-0.0926
8989,2025-01-31,PFC,424.0,-0.055258
8990,2025-02-28,PFC,365.0,-0.139151
8991,2025-03-31,PFC,414.5,0.135616
8992,2025-04-30,PFC,406.05,-0.020386
8993,2025-05-31,PFC,406.5,0.001108
8994,2025-06-30,PFC,427.2,0.050923
8995,2025-07-31,PFC,410.35,-0.039443
8996,2025-08-31,PFC,416.1,0.014012
1060,2015-03-31,PIDILITIND,600.0,
1061,2015-04-30,PIDILITIND,564.7,-0.058833
1062,2015-05-31,PIDILITIND,550.05,-0.025943
1063,2015-06-30,PIDILITIND,549.45,-0.001091
1064,2015-07-31,PIDILITIND,558.05,0.015652
1065,2015-08-31,PIDILITIND,568.2,0.018188
1066,2015-09-30,PIDILITIND,569.0,0.001408
1067,2015-10-31,PIDILITIND,565.35,-0.006415
1068,2015-11-30,PIDILITIND,559.4,-0.010524
1069,2015-12-31,PIDILITIND,553.0,-0.011441
1070,2016-01-31,PIDILITIND,567.25,0.025769
1071,2016-02-29,PIDILITIND,587.0,0.034817
1072,2016-03-31,PIDILITIND,590.0,0.005111
1073,2016-04-30,PIDILITIND,604.0,0.023729
1074,2016-05-31,PIDILITIND,709.0,0.173841
1075,2016-06-30,PIDILITIND,717.8,0.012412
1076,2016-07-31,PIDILITIND,728.0,0.01421
1077,2016-08-31,PIDILITIND,698.0,-0.041209
1078,2016-09-30,PIDILITIND,682.0,-0.022923
1079,2016-10-31,PIDILITIND,726.0,0.064516
1080,2016-11-30,PIDILITIND,640.05,-0.118388
1081,2016-12-31,PIDILITIND,588.5,-0.080541
1082,2017-01-31,PIDILITIND,676.1,0.148853
1083,2017-02-28,PIDILITIND,682.75,0.009836
1084,2017-03-31,PIDILITIND,697.1,0.021018
1085,2017-04-30,PIDILITIND,719.1,0.031559
1086,2017-05-31,PIDILITIND,768.0,0.068002
1087,2017-06-30,PIDILITIND,806.1,0.049609
1088,2017-07-31,PIDILITIND,794.0,-0.015011
1089,2017-08-31,PIDILITIND,839.55,0.057368
1090,2017-09-30,PIDILITIND,795.55,-0.052409
1091,2017-10-31,PIDILITIND,781.05,-0.018226
1092,2017-11-30,PIDILITIND,842.25,0.078356
1093,2017-12-31,PIDILITIND,902.15,0.071119
1094,2018-01-31,PIDILITIND,895.5,-0.007371
1095,2018-02-28,PIDILITIND,899.25,0.004188
1096,2018-03-31,PIDILITIND,913.0,0.015291
1097,2018-04-30,PIDILITIND,1082.0,0.185104
1098,2018-05-31,PIDILITIND,1151.0,0.063771
1099,2018-06-30,PIDILITIND,1064.45,-0.075195
1100,2018-07-31,PIDILITIND,1125.95,0.057776
1101,2018-08-31,PIDILITIND,1168.2,0.037524
1102,2018-09-30,PIDILITIND,1043.05,-0.107131
1103,2018-10-31,PIDILITIND,960.0,-0.079622
1104,2018-11-30,PIDILITIND,1165.0,0.213542
1105,2018-12-31,PIDILITIND,1108.7,-0.048326
1106,2019-01-31,PIDILITIND,1118.95,0.009245
1107,2019-02-28,PIDILITIND,1153.0,0.03043
1108,2019-03-31,PIDILITIND,1248.5,0.082827
1109,2019-04-30,PIDILITIND,1232.0,-0.013216
1110,2019-05-31,PIDILITIND,1291.95,0.048661
1111,2019-06-30,PIDILITIND,1216.0,-0.058787
1112,2019-07-31,PIDILITIND,1239.7,0.01949
1113,2019-08-31,PIDILITIND,1377.1,0.110833
1114,2019-09-30,PIDILITIND,1442.1,0.047201
1115,2019-10-31,PIDILITIND,1405.5,-0.02538
1116,2019-11-30,PIDILITIND,1302.0,-0.073639
1117,2019-12-31,PIDILITIND,1387.0,0.065284
1118,2020-01-31,PIDILITIND,1509.0,0.08796
1119,2020-02-29,PIDILITIND,1523.65,0.009708
1120,2020-03-31,PIDILITIND,1355.45,-0.110393
1121,2020-04-30,PIDILITIND,1523.0,0.123612
1122,2020-05-31,PIDILITIND,1469.0,-0.035456
1123,2020-06-30,PIDILITIND,1372.95,-0.065385
1124,2020-07-31,PIDILITIND,1362.1,-0.007903
1125,2020-08-31,PIDILITIND,1401.0,0.028559
1126,2020-09-30,PIDILITIND,1428.0,0.019272
1127,2020-10-31,PIDILITIND,1571.45,0.100455
1128,2020-11-30,PIDILITIND,1512.85,-0.03729
1129,2020-12-31,PIDILITIND,1764.0,0.166011
1130,2021-01-31,PIDILITIND,1679.0,-0.048186
1131,2021-02-28,PIDILITIND,1695.35,0.009738
1132,2021-03-31,PIDILITIND,1810.0,0.067626
1133,2021-04-30,PIDILITIND,1813.85,0.002127
1134,2021-05-31,PIDILITIND,2096.9,0.156049
1135,2021-06-30,PIDILITIND,2154.4,0.027421
1136,2021-07-31,PIDILITIND,2285.95,0.061061
1137,2021-08-31,PIDILITIND,2279.1,-0.002997
1138,2021-09-30,PIDILITIND,2389.0,0.048221
1139,2021-10-31,PIDILITIND,2322.95,-0.027648
1140,2021-11-30,PIDILITIND,2212.0,-0.047763
1141,2021-12-31,PIDILITIND,2463.0,0.113472
1142,2022-01-31,PIDILITIND,2454.35,-0.003512
1143,2022-02-28,PIDILITIND,2401.95,-0.02135
1144,2022-03-31,PIDILITIND,2463.0,0.025417
1145,2022-04-30,PIDILITIND,2425.0,-0.015428
1146,2022-05-31,PIDILITIND,2256.0,-0.069691
1147,2022-06-30,PIDILITIND,2088.0,-0.074468
1148,2022-07-31,PIDILITIND,2451.2,0.173946
1149,2022-08-31,PIDILITIND,2734.5,0.115576
1150,2022-09-30,PIDILITIND,2680.0,-0.019931
1151,2022-10-31,PIDILITIND,2591.0,-0.033209
1152,2022-11-30,PIDILITIND,2775.0,0.071015
1153,2022-12-31,PIDILITIND,2559.3,-0.07773
1154,2023-01-31,PIDILITIND,2283.0,-0.107959
1155,2023-02-28,PIDILITIND,2295.9,0.00565
1156,2023-03-31,PIDILITIND,2350.4,0.023738
1157,2023-04-30,PIDILITIND,2415.0,0.027485
1158,2023-05-31,PIDILITIND,2612.0,0.081573
1159,2023-06-30,PIDILITIND,2606.0,-0.002297
1160,2023-07-31,PIDILITIND,2620.0,0.005372
1161,2023-08-31,PIDILITIND,2505.05,-0.043874
1162,2023-09-30,PIDILITIND,2445.0,-0.023972
1163,2023-10-31,PIDILITIND,2459.9,0.006094
1164,2023-11-30,PIDILITIND,2560.0,0.040693
1165,2023-12-31,PIDILITIND,2710.05,0.058613
1166,2024-01-31,PIDILITIND,2534.0,-0.064962
1167,2024-02-29,PIDILITIND,2732.85,0.078473
1168,2024-03-31,PIDILITIND,3015.6,0.103463
1169,2024-04-30,PIDILITIND,3049.0,0.011076
1170,2024-05-31,PIDILITIND,2947.7,-0.033224
1171,2024-06-30,PIDILITIND,3160.0,0.072022
1172,2024-07-31,PIDILITIND,3187.9,0.008829
1173,2024-08-31,PIDILITIND,3131.0,-0.017849
1174,2024-09-30,PIDILITIND,3360.0,0.07314
1175,2024-10-31,PIDILITIND,3148.05,-0.06308
1176,2024-11-30,PIDILITIND,3069.95,-0.024809
1177,2024-12-31,PIDILITIND,2900.0,-0.055359
1178,2025-01-31,PIDILITIND,2882.0,-0.006207
1179,2025-02-28,PIDILITIND,2663.85,-0.075694
1180,2025-03-31,PIDILITIND,2841.2,0.066577
1181,2025-04-30,PIDILITIND,3030.0,0.066451
1182,2025-05-31,PIDILITIND,3125.0,0.031353
1183,2025-06-30,PIDILITIND,3047.1,-0.024928
1184,2025-07-31,PIDILITIND,2865.0,-0.059762
1185,2025-08-31,PIDILITIND,3042.0,0.06178
-1,2006-01-31,PNB,67.5113,
-1,2006-02-28,PNB,64.1383,-0.049962
-1,2006-03-31,PNB,68.244,0.064013
-1,2006-04-30,PNB,62.8036,-0.07972
-1,2006-05-31,PNB,58.7487,-0.064565
-1,2006-06-30,PNB,47.2296,-0.196074
-1,2006-07-31,PNB,56.2304,0.190575
-1,2006-08-31,PNB,69.7169,0.239844
-1,2006-09-30,PNB,77.828,0.116343
-1,2006-10-31,PNB,76.7633,-0.01368
-1,2006-11-30,PNB,80.5933,0.049894
-1,2006-12-31,PNB,74.9739,-0.069725
-1,2007-01-31,PNB,74.9961,0.000296
-1,2007-02-28,PNB,62.7001,-0.163955
-1,2007-03-31,PNB,70.7077,0.127713
-1,2007-04-30,PNB,74.4801,0.053352
-1,2007-05-31,PNB,79.9002,0.072772
-1,2007-06-30,PNB,80.7054,0.010078
-1,2007-07-31,PNB,77.7209,-0.03698
-1,2007-08-31,PNB,73.0737,-0.059793
-1,2007-09-30,PNB,81.8628,0.120277
-1,2007-10-31,PNB,79.2072,-0.03244
-1,2007-11-30,PNB,91.2026,0.151443
-1,2007-12-31,PNB,100.2632,0.099346
-1,2008-01-31,PNB,97.5246,-0.027314
-1,2008-02-29,PNB,91.0366,-0.066527
-1,2008-03-31,PNB,76.9892,-0.154305
-1,2008-04-30,PNB,83.0472,0.078686
-1,2008-05-31,PNB,73.4886,-0.115098
-1,2008-06-30,PNB,57.7932,-0.213576
-1,2008-07-31,PNB,69.948,0.210315
-1,2008-08-31,PNB,74.4305,0.064083
-1,2008-09-30,PNB,73.5402,-0.011961
-1,2008-10-31,PNB,65.1403,-0.114222
-1,2008-11-30,PNB,68.9648,0.058712
-1,2008-12-31,PNB,81.5531,0.182532
-1,2009-01-31,PNB,62.028,-0.239416
-1,2009-02-28,PNB,52.2733,-0.157263
-1,2009-03-31,PNB,63.708,0.218748
-1,2009-04-30,PNB,73.8577,0.159316
-1,2009-05-31,PNB,103.8652,0.406288
-1,2009-06-30,PNB,104.9413,0.010361
-1,2009-07-31,PNB,110.2314,0.05041
-1,2009-08-31,PNB,108.9857,-0.011301
-1,2009-09-30,PNB,127.3829,0.168804
-1,2009-10-31,PNB,136.2462,0.06958
-1,2009-11-30,PNB,144.255,0.058782
-1,2009-12-31,PNB,144.7181,0.00321
-1,2010-01-31,PNB,143.5124,-0.008331
-1,2010-02-28,PNB,143.8877,0.002615
-1,2010-03-31,PNB,163.5789,0.136851
-1,2010-04-30,PNB,167.8996,0.026414
-1,2010-05-31,PNB,161.9234,-0.035594
-1,2010-06-30,PNB,169.4259,0.046334
-1,2010-07-31,PNB,172.8986,0.020497
-1,2010-08-31,PNB,192.8129,0.115179
-1,2010-09-30,PNB,211.2651,0.0957
-1,2010-10-31,PNB,210.873,-0.001856
-1,2010-11-30,PNB,199.0779,-0.055935
-1,2010-12-31,PNB,199.6334,0.00279
-1,2011-01-31,PNB,180.4297,-0.096195
-1,2011-02-28,PNB,173.4948,-0.038435
-1,2011-03-31,PNB,198.1141,0.141902
-1,2011-04-30,PNB,193.6052,-0.022759
-1,2011-05-31,PNB,179.6374,-0.072146
-1,2011-06-30,PNB,177.9465,-0.009413
-1,2011-07-31,PNB,187.4149,0.053209
-1,2011-08-31,PNB,155.0062,-0.172925
-1,2011-09-30,PNB,158.9166,0.025227
-1,2011-10-31,PNB,162.7936,0.024396
-1,2011-11-30,PNB,147.0854,-0.096492
-1,2011-12-31,PNB,130.2016,-0.114789
-1,2012-01-31,PNB,156.9406,0.205366
-1,2012-02-29,PNB,158.9666,0.012909
-1,2012-03-31,PNB,154.2475,-0.029686
-1,2012-04-30,PNB,141.766,-0.080919
-1,2012-05-31,PNB,125.9827,-0.111333
-1,2012-06-30,PNB,134.7873,0.069887
-1,2012-07-31,PNB,124.6142,-0.075475
-1,2012-08-31,PNB,115.9507,-0.069523
-1,2012-09-30,PNB,144.015,0.242036
-1,2012-10-31,PNB,126.5508,-0.121267
-1,2012-11-30,PNB,134.5202,0.062974
-1,2012-12-31,PNB,149.3279,0.110078
-1,2013-01-31,PNB,156.3204,0.046826
-1,2013-02-28,PNB,135.4715,-0.133373
-1,2013-03-31,PNB,123.0375,-0.091783
-1,2013-04-30,PNB,131.6067,0.069647
-1,2013-05-31,PNB,130.2613,-0.010223
-1,2013-06-30,PNB,111.5461,-0.143674
-1,2013-07-31,PNB,101.3342,-0.091549
-1,2013-08-31,PNB,76.405,-0.24601
-1,2013-09-30,PNB,82.0218,0.073514
-1,2013-10-31,PNB,96.766,0.17976
-1,2013-11-30,PNB,97.7437,0.010104
-1,2013-12-31,PNB,111.3503,0.139207
-1,2014-01-31,PNB,97.326,-0.125948
-1,2014-02-28,PNB,98.1525,0.008492
-1,2014-03-31,PNB,134.6412,0.371755
-1,2014-04-30,PNB,141.7905,0.053099
-1,2014-05-31,PNB,170.8219,0.204749
-1,2014-06-30,PNB,179.582,0.051282
-1,2014-07-31,PNB,173.1658,-0.035729
-1,2014-08-31,PNB,171.6092,-0.008989
-1,2014-09-30,PNB,160.5957,-0.064178
-1,2014-10-31,PNB,168.478,0.049082
-1,2014-11-30,PNB,194.0796,0.151958
-1,2014-12-31,PNB,198.2786,0.021635
-1,2015-01-31,PNB,171.6273,-0.134413
-1,2015-02-28,PNB,150.3605,-0.123913
9354,2015-03-31,PNB,140.04,-0.068638
9355,2015-04-30,PNB,154.62,0.104113
9356,2015-05-31,PNB,148.98,-0.036477
9357,2015-06-30,PNB,135.13,-0.092965
9358,2015-07-31,PNB,145.53,0.076963
9359,2015-08-31,PNB,140.72,-0.033052
9360,2015-09-30,PNB,129.59,-0.079093
9361,2015-10-31,PNB,124.69,-0.037812
9362,2015-11-30,PNB,140.33,0.125431
9363,2015-12-31,PNB,112.73,-0.196679
9364,2016-01-31,PNB,88.05,-0.21893
9365,2016-02-29,PNB,68.9,-0.21749
9366,2016-03-31,PNB,82.31,0.19463
9367,2016-04-30,PNB,84.99,0.03256
9368,2016-05-31,PNB,76.58,-0.098953
9369,2016-06-30,PNB,103.21,0.347741
9370,2016-07-31,PNB,120.07,0.163356
9371,2016-08-31,PNB,123.57,0.02915
9372,2016-09-30,PNB,137.13,0.109735
9373,2016-10-31,PNB,140.92,0.027638
9374,2016-11-30,PNB,134.36,-0.046551
9375,2016-12-31,PNB,112.05,-0.166046
9376,2017-01-31,PNB,131.88,0.176975
9377,2017-02-28,PNB,137.61,0.043449
9378,2017-03-31,PNB,145.63,0.058281
9379,2017-04-30,PNB,164.14,0.127103
9380,2017-05-31,PNB,146.6,-0.10686
9381,2017-06-30,PNB,132.75,-0.094475
9382,2017-07-31,PNB,158.6,0.194727
9383,2017-08-31,PNB,139.75,-0.118852
9384,2017-09-30,PNB,125.85,-0.099463
9385,2017-10-31,PNB,191.94,0.525149
9386,2017-11-30,PNB,171.87,-0.104564
9387,2017-12-31,PNB,166.72,-0.029965
9388,2018-01-31,PNB,165.94,-0.004679
9389,2018-02-28,PNB,98.54,-0.406171
9390,2018-03-31,PNB,92.32,-0.063122
9391,2018-04-30,PNB,92.81,0.005308
9392,2018-05-31,PNB,81.49,-0.12197
9393,2018-06-30,PNB,74.05,-0.0913
9394,2018-07-31,PNB,82.61,0.115598
9395,2018-08-31,PNB,85.52,0.035226
9396,2018-09-30,PNB,58.12,-0.320393
9397,2018-10-31,PNB,71.53,0.23073
9398,2018-11-30,PNB,67.93,-0.050329
9399,2018-12-31,PNB,75.9,0.117327
9400,2019-01-31,PNB,75.27,-0.0083
9401,2019-02-28,PNB,70.56,-0.062575
9402,2019-03-31,PNB,92.62,0.312642
9403,2019-04-30,PNB,82.75,-0.106564
9404,2019-05-31,PNB,78.23,-0.054622
9405,2019-06-30,PNB,77.55,-0.008692
9406,2019-07-31,PNB,67.35,-0.131528
9407,2019-08-31,PNB,63.22,-0.061321
9408,2019-09-30,PNB,59.96,-0.051566
9409,2019-10-31,PNB,63.41,0.057538
9410,2019-11-30,PNB,63.8,0.00615
9411,2019-12-31,PNB,62.59,-0.018966
9412,2020-01-31,PNB,58.8,-0.060553
9413,2020-02-29,PNB,43.59,-0.258673
9414,2020-03-31,PNB,31.34,-0.281028
9415,2020-04-30,PNB,31.49,0.004786
9416,2020-05-31,PNB,25.9,-0.177517
9417,2020-06-30,PNB,33.87,0.307722
9418,2020-07-31,PNB,31.15,-0.080307
9419,2020-08-31,PNB,33.82,0.085714
9420,2020-09-30,PNB,27.7,-0.180958
9421,2020-10-31,PNB,26.05,-0.059567
9422,2020-11-30,PNB,32.46,0.246065
9423,2020-12-31,PNB,32.12,-0.010474
9424,2021-01-31,PNB,32.61,0.015255
9425,2021-02-28,PNB,39.6,0.214351
9426,2021-03-31,PNB,35.57,-0.101768
9427,2021-04-30,PNB,33.82,-0.049199
9428,2021-05-31,PNB,41.06,0.214075
9429,2021-06-30,PNB,41.16,0.002435
9430,2021-07-31,PNB,38.29,-0.069728
9431,2021-08-31,PNB,35.57,-0.071037
9432,2021-09-30,PNB,38.92,0.09418
9433,2021-10-31,PNB,41.01,0.0537
9434,2021-11-30,PNB,36.06,-0.120702
9435,2021-12-31,PNB,36.3,0.006656
9436,2022-01-31,PNB,40.23,0.108264
9437,2022-02-28,PNB,34.01,-0.154611
9438,2022-03-31,PNB,34.11,0.00294
9439,2022-04-30,PNB,34.06,-0.001466
9440,2022-05-31,PNB,30.47,-0.105402
9441,2022-06-30,PNB,28.18,-0.075156
9442,2022-07-31,PNB,30.52,0.083038
9443,2022-08-31,PNB,34.79,0.139908
9444,2022-09-30,PNB,35.57,0.02242
9445,2022-10-31,PNB,41.74,0.173461
9446,2022-11-30,PNB,49.9,0.195496
9447,2022-12-31,PNB,54.91,0.100401
9448,2023-01-31,PNB,52.24,-0.048625
9449,2023-02-28,PNB,46.94,-0.101455
9450,2023-03-31,PNB,45.29,-0.035151
9451,2023-04-30,PNB,50.83,0.122323
9452,2023-05-31,PNB,50.39,-0.008656
9453,2023-06-30,PNB,50.2,-0.003771
9454,2023-07-31,PNB,60.11,0.19741
9455,2023-08-31,PNB,61.13,0.016969
9456,2023-09-30,PNB,77.94,0.274988
9457,2023-10-31,PNB,70.85,-0.090967
9458,2023-11-30,PNB,75.71,0.068596
9459,2023-12-31,PNB,93.0,0.228371
9460,2024-01-31,PNB,111.28,0.196559
9461,2024-02-29,PNB,118.86,0.068116
9462,2024-03-31,PNB,120.9,0.017163
9463,2024-04-30,PNB,136.64,0.13019
9464,2024-05-31,PNB,125.66,-0.080357
9465,2024-06-30,PNB,119.68,-0.047589
9466,2024-07-31,PNB,120.46,0.006517
9467,2024-08-31,PNB,113.02,-0.061763
9468,2024-09-30,PNB,103.98,-0.079986
9469,2024-10-31,PNB,95.31,-0.083381
9470,2024-11-30,PNB,101.9,0.069143
9471,2024-12-31,PNB,99.76,-0.021001
9472,2025-01-31,PNB,98.54,-0.012229
9473,2025-02-28,PNB,84.92,-0.138218
9474,2025-03-31,PNB,92.81,0.092911
9475,2025-04-30,PNB,97.17,0.046978
9476,2025-05-31,PNB,102.81,0.058043
9477,2025-06-30,PNB,110.41,0.073923
9478,2025-07-31,PNB,105.17,-0.047459
9479,2025-08-31,PNB,103.83,-0.012741
-1,2007-10-31,POWERGRID,46.0065,
-1,2007-11-30,POWERGRID,45.423,-0.012683
-1,2007-12-31,POWERGRID,44.2099,-0.026707
-1,2008-01-31,POWERGRID,31.3876,-0.290032
-1,2008-02-29,POWERGRID,33.7524,0.075342
-1,2008-03-31,POWERGRID,30.1899,-0.105548
-1,2008-04-30,POWERGRID,32.5808,0.079195
-1,2008-05-31,POWERGRID,30.4355,-0.065846
-1,2008-06-30,POWERGRID,24.2311,-0.203854
-1,2008-07-31,POWERGRID,29.2471,0.207007
-1,2008-08-31,POWERGRID,28.7378,-0.017414
-1,2008-09-30,POWERGRID,26.4844,-0.078412
-1,2008-10-31,POWERGRID,21.7244,-0.179728
-1,2008-11-30,POWERGRID,23.0306,0.060126
-1,2008-12-31,POWERGRID,25.8609,0.122893
-1,2009-01-31,POWERGRID,27.447,0.061332
-1,2009-02-28,POWERGRID,30.1373,0.098018
-1,2009-03-31,POWERGRID,29.909,-0.007575
-1,2009-04-30,POWERGRID,28.9705,-0.031379
-1,2009-05-31,POWERGRID,35.9628,0.241359
-1,2009-06-30,POWERGRID,34.2265,-0.04828
-1,2009-07-31,POWERGRID,36.7293,0.073125
-1,2009-08-31,POWERGRID,33.6633,-0.083476
-1,2009-09-30,POWERGRID,34.6247,0.028559
-1,2009-10-31,POWERGRID,32.8612,-0.050932
-1,2009-11-30,POWERGRID,31.4284,-0.043602
-1,2009-12-31,POWERGRID,34.6877,0.103706
-1,2010-01-31,POWERGRID,35.4907,0.023149
-1,2010-02-28,POWERGRID,34.017,-0.041524
-1,2010-03-31,POWERGRID,33.8905,-0.003719
-1,2010-04-30,POWERGRID,34.8078,0.027067
-1,2010-05-31,POWERGRID,32.6728,-0.061337
-1,2010-06-30,POWERGRID,32.9258,0.007743
-1,2010-07-31,POWERGRID,31.7556,-0.035541
-1,2010-08-31,POWERGRID,34.4124,0.083664
-1,2010-09-30,POWERGRID,33.6849,-0.021141
-1,2010-10-31,POWERGRID,32.0522,-0.04847
-1,2010-11-30,POWERGRID,30.3123,-0.054283
-1,2010-12-31,POWERGRID,31.3818,0.035283
-1,2011-01-31,POWERGRID,30.8231,-0.017803
-1,2011-02-28,POWERGRID,31.5893,0.024858
-1,2011-03-31,POWERGRID,32.7025,0.03524
-1,2011-04-30,POWERGRID,33.5529,0.026004
-1,2011-05-31,POWERGRID,32.4297,-0.033475
-1,2011-06-30,POWERGRID,35.1415,0.083621
-1,2011-07-31,POWERGRID,33.7294,-0.040183
-1,2011-08-31,POWERGRID,32.1569,-0.046621
-1,2011-09-30,POWERGRID,31.5953,-0.017464
-1,2011-10-31,POWERGRID,34.0878,0.078888
-1,2011-11-30,POWERGRID,32.2184,-0.054841
-1,2011-12-31,POWERGRID,32.5435,0.010091
-1,2012-01-31,POWERGRID,33.844,0.039962
-1,2012-02-29,POWERGRID,36.7374,0.085492
-1,2012-03-31,POWERGRID,35.4246,-0.035735
-1,2012-04-30,POWERGRID,36.4401,0.028667
-1,2012-05-31,POWERGRID,34.7696,-0.045842
-1,2012-06-30,POWERGRID,37.1934,0.06971
-1,2012-07-31,POWERGRID,38.9622,0.047557
-1,2012-08-31,POWERGRID,39.126,0.004204
-1,2012-09-30,POWERGRID,39.4699,0.00879
-1,2012-10-31,POWERGRID,37.7397,-0.043836
-1,2012-11-30,POWERGRID,39.0308,0.034211
-1,2012-12-31,POWERGRID,37.988,-0.026717
-1,2013-01-31,POWERGRID,36.4817,-0.039652
-1,2013-02-28,POWERGRID,34.5285,-0.053539
-1,2013-03-31,POWERGRID,35.5668,0.030071
-1,2013-04-30,POWERGRID,37.7183,0.060492
-1,2013-05-31,POWERGRID,38.0881,0.009804
-1,2013-06-30,POWERGRID,37.4158,-0.017651
-1,2013-07-31,POWERGRID,33.9868,-0.091646
-1,2013-08-31,POWERGRID,32.827,-0.034125
-1,2013-09-30,POWERGRID,32.9615,0.004097
-1,2013-10-31,POWERGRID,34.4618,0.045517
-1,2013-11-30,POWERGRID,32.3526,-0.061204
-1,2013-12-31,POWERGRID,33.9855,0.050472
-1,2014-01-31,POWERGRID,32.4887,-0.044042
-1,2014-02-28,POWERGRID,32.1485,-0.010471
-1,2014-03-31,POWERGRID,35.7205,0.111109
-1,2014-04-30,POWERGRID,36.4819,0.021315
-1,2014-05-31,POWERGRID,42.068,0.15312
-1,2014-06-30,POWERGRID,47.9989,0.140984
-1,2014-07-31,POWERGRID,45.8955,-0.043822
-1,2014-08-31,POWERGRID,44.5507,-0.029301
-1,2014-09-30,POWERGRID,46.6369,0.046828
-1,2014-10-31,POWERGRID,50.7758,0.088747
-1,2014-11-30,POWERGRID,49.6962,-0.021262
-1,2014-12-31,POWERGRID,48.0594,-0.032936
-1,2015-01-31,POWERGRID,51.542,0.072464
-1,2015-02-28,POWERGRID,54.7111,0.061486
6941,2015-03-31,POWERGRID,78.4,0.432982
6942,2015-04-30,POWERGRID,76.4,-0.02551
6943,2015-05-31,POWERGRID,77.5,0.014398
6944,2015-06-30,POWERGRID,75.15,-0.030323
6945,2015-07-31,POWERGRID,76.2,0.013972
6946,2015-08-31,POWERGRID,69.8,-0.08399
6947,2015-09-30,POWERGRID,71.05,0.017908
6948,2015-10-31,POWERGRID,68.75,-0.032372
6949,2015-11-30,POWERGRID,73.05,0.062545
6950,2015-12-31,POWERGRID,76.15,0.042437
6951,2016-01-31,POWERGRID,79.6,0.045305
6952,2016-02-29,POWERGRID,69.65,-0.125
6953,2016-03-31,POWERGRID,74.65,0.071788
6954,2016-04-30,POWERGRID,77.2,0.034159
6955,2016-05-31,POWERGRID,80.65,0.044689
6956,2016-06-30,POWERGRID,88.15,0.092994
6957,2016-07-31,POWERGRID,95.45,0.082813
6958,2016-08-31,POWERGRID,99.7,0.044526
6959,2016-09-30,POWERGRID,95.65,-0.040622
6960,2016-10-31,POWERGRID,94.65,-0.010455
6961,2016-11-30,POWERGRID,103.95,0.098257
6962,2016-12-31,POWERGRID,99.7,-0.040885
6963,2017-01-31,POWERGRID,112.95,0.132899
6964,2017-02-28,POWERGRID,104.7,-0.073041
6965,2017-03-31,POWERGRID,107.5,0.026743
6966,2017-04-30,POWERGRID,113.65,0.057209
6967,2017-05-31,POWERGRID,113.6,-0.00044
6968,2017-06-30,POWERGRID,114.8,0.010563
6969,2017-07-31,POWERGRID,121.9,0.061847
6970,2017-08-31,POWERGRID,119.25,-0.021739
6971,2017-09-30,POWERGRID,115.7,-0.029769
6972,2017-10-31,POWERGRID,115.6,-0.000864
6973,2017-11-30,POWERGRID,112.55,-0.026384
6974,2017-12-31,POWERGRID,109.15,-0.030209
6975,2018-01-31,POWERGRID,105.6,-0.032524
6976,2018-02-28,POWERGRID,107.9,0.02178
6977,2018-03-31,POWERGRID,104.9,-0.027804
6978,2018-04-30,POWERGRID,113.35,0.080553
6979,2018-05-31,POWERGRID,114.2,0.007499
6980,2018-06-30,POWERGRID,101.95,-0.107268
6981,2018-07-31,POWERGRID,99.1,-0.027955
6982,2018-08-31,POWERGRID,109.5,0.104945
6983,2018-09-30,POWERGRID,102.4,-0.06484
6984,2018-10-31,POWERGRID,101.05,-0.013184
6985,2018-11-30,POWERGRID,97.8,-0.032162
6986,2018-12-31,POWERGRID,107.35,0.097648
6987,2019-01-31,POWERGRID,102.55,-0.044714
6988,2019-02-28,POWERGRID,98.95,-0.035105
6989,2019-03-31,POWERGRID,107.65,0.087923
6990,2019-04-30,POWERGRID,101.35,-0.058523
6991,2019-05-31,POWERGRID,103.0,0.01628
6992,2019-06-30,POWERGRID,112.3,0.090291
6993,2019-07-31,POWERGRID,115.7,0.030276
6994,2019-08-31,POWERGRID,109.75,-0.051426
6995,2019-09-30,POWERGRID,108.7,-0.009567
6996,2019-10-31,POWERGRID,108.1,-0.00552
6997,2019-11-30,POWERGRID,105.35,-0.025439
6998,2019-12-31,POWERGRID,103.65,-0.016137
6999,2020-01-31,POWERGRID,101.65,-0.019296
7000,2020-02-29,POWERGRID,98.75,-0.028529
7001,2020-03-31,POWERGRID,85.75,-0.131646
7002,2020-04-30,POWERGRID,88.1,0.027405
7003,2020-05-31,POWERGRID,84.95,-0.035755
7004,2020-06-30,POWERGRID,94.75,0.115362
7005,2020-07-31,POWERGRID,96.85,0.022164
7006,2020-08-31,POWERGRID,97.7,0.008776
7007,2020-09-30,POWERGRID,87.9,-0.100307
7008,2020-10-31,POWERGRID,93.15,0.059727
7009,2020-11-30,POWERGRID,103.95,0.115942
7010,2020-12-31,POWERGRID,102.5,-0.013949
7011,2021-01-31,POWERGRID,99.9,-0.025366
7012,2021-02-28,POWERGRID,116.5,0.166166
7013,2021-03-31,POWERGRID,117.7,0.0103
7014,2021-04-30,POWERGRID,120.4,0.02294
7015,2021-05-31,POWERGRID,123.55,0.026163
7016,2021-06-30,POWERGRID,127.0,0.027924
7017,2021-07-31,POWERGRID,124.9,-0.016535
7018,2021-08-31,POWERGRID,127.95,0.02442
7019,2021-09-30,POWERGRID,138.6,0.083236
7020,2021-10-31,POWERGRID,135.7,-0.020924
7021,2021-11-30,POWERGRID,151.3,0.114959
7022,2021-12-31,POWERGRID,149.8,-0.009914
7023,2022-01-31,POWERGRID,158.1,0.055407
7024,2022-02-28,POWERGRID,152.65,-0.034472
7025,2022-03-31,POWERGRID,159.05,0.041926
7026,2022-04-30,POWERGRID,168.7,0.060673
7027,2022-05-31,POWERGRID,171.3,0.015412
7028,2022-06-30,POWERGRID,154.95,-0.095447
7029,2022-07-31,POWERGRID,157.05,0.013553
7030,2022-08-31,POWERGRID,168.55,0.073225
7031,2022-09-30,POWERGRID,155.8,-0.075645
7032,2022-10-31,POWERGRID,167.1,0.072529
7033,2022-11-30,POWERGRID,164.05,-0.018253
7034,2022-12-31,POWERGRID,156.9,-0.043584
7035,2023-01-31,POWERGRID,159.95,0.019439
7036,2023-02-28,POWERGRID,162.95,0.018756
7037,2023-03-31,POWERGRID,165.55,0.015956
7038,2023-04-30,POWERGRID,173.7,0.04923
7039,2023-05-31,POWERGRID,169.9,-0.021877
7040,2023-06-30,POWERGRID,186.95,0.100353
7041,2023-07-31,POWERGRID,196.45,0.050816
7042,2023-08-31,POWERGRID,183.85,-0.064138
7043,2023-09-30,POWERGRID,200.05,0.088115
7044,2023-10-31,POWERGRID,201.65,0.007998
7045,2023-11-30,POWERGRID,209.5,0.038929
7046,2023-12-31,POWERGRID,237.0,0.131265
7047,2024-01-31,POWERGRID,259.9,0.096624
7048,2024-02-29,POWERGRID,283.3,0.090035
7049,2024-03-31,POWERGRID,277.35,-0.021002
7050,2024-04-30,POWERGRID,301.85,0.088336
7051,2024-05-31,POWERGRID,309.0,0.023687
7052,2024-06-30,POWERGRID,331.3,0.072168
7053,2024-07-31,POWERGRID,349.2,0.05403
7054,2024-08-31,POWERGRID,338.0,-0.032073
7055,2024-09-30,POWERGRID,351.3,0.039349
7056,2024-10-31,POWERGRID,320.8,-0.08682
7057,2024-11-30,POWERGRID,329.1,0.025873
7058,2024-12-31,POWERGRID,309.3,-0.060164
7059,2025-01-31,POWERGRID,302.0,-0.023602
7060,2025-02-28,POWERGRID,251.8,-0.166225
7061,2025-03-31,POWERGRID,290.0,0.151708
7062,2025-04-30,POWERGRID,305.95,0.055
7063,2025-05-31,POWERGRID,289.7,-0.053113
7064,2025-06-30,POWERGRID,299.15,0.03262
7065,2025-07-31,POWERGRID,291.25,-0.026408
7066,2025-08-31,POWERGRID,284.8,-0.022146
-1,2006-01-31,RCOM,697.2263,
-1,2006-02-28,RCOM,692.2941,-0.007074
-1,2006-03-31,RCOM,301.49,-0.564506
-1,2006-04-30,RCOM,313.1121,0.038549
-1,2006-05-31,RCOM,262.0336,-0.163132
-1,2006-06-30,RCOM,243.2332,-0.071748
-1,2006-07-31,RCOM,257.1015,0.057016
-1,2006-08-31,RCOM,291.1864,0.132574
-1,2006-09-30,RCOM,338.5048,0.162502
-1,2006-10-31,RCOM,370.0016,0.093047
-1,2006-11-30,RCOM,417.9548,0.129603
-1,2006-12-31,RCOM,460.6342,0.102115
-1,2007-01-31,RCOM,450.4771,-0.02205
-1,2007-02-28,RCOM,398.0312,-0.116423
-1,2007-03-31,RCOM,411.0695,0.032757
-1,2007-04-30,RCOM,465.9569,0.133523
-1,2007-05-31,RCOM,493.6447,0.059421
-1,2007-06-30,RCOM,505.3645,0.023741
-1,2007-07-31,RCOM,545.9439,0.080297
-1,2007-08-31,RCOM,531.5893,-0.026293
-1,2007-09-30,RCOM,573.5748,0.078981
-1,2007-10-31,RCOM,754.9094,0.316148
-1,2007-11-30,RCOM,659.8432,-0.125931
-1,2007-12-31,RCOM,729.64,0.105778
-1,2008-01-31,RCOM,585.5009,-0.197548
-1,2008-02-29,RCOM,561.7953,-0.040488
-1,2008-03-31,RCOM,498.3038,-0.113015
-1,2008-04-30,RCOM,564.8746,0.133595
-1,2008-05-31,RCOM,563.9948,-0.001558
-1,2008-06-30,RCOM,432.8571,-0.232516
-1,2008-07-31,RCOM,489.4081,0.130646
-1,2008-08-31,RCOM,386.326,-0.210626
-1,2008-09-30,RCOM,326.0603,-0.155997
-1,2008-10-31,RCOM,215.4649,-0.339187
-1,2008-11-30,RCOM,191.5135,-0.111161
-1,2008-12-31,RCOM,222.5671,0.162148
-1,2009-01-31,RCOM,166.5825,-0.25154
-1,2009-02-28,RCOM,152.2802,-0.085857
-1,2009-03-31,RCOM,171.2846,0.124799
-1,2009-04-30,RCOM,210.4199,0.228481
-1,2009-05-31,RCOM,299.4174,0.422952
-1,2009-06-30,RCOM,283.5477,-0.053002
-1,2009-07-31,RCOM,270.1271,-0.047331
-1,2009-08-31,RCOM,255.0901,-0.055666
-1,2009-09-30,RCOM,303.8802,0.191266
-1,2009-10-31,RCOM,172.7407,-0.43155
-1,2009-11-30,RCOM,168.8114,-0.022747
-1,2009-12-31,RCOM,169.3026,0.00291
-1,2010-01-31,RCOM,166.7977,-0.014795
-1,2010-02-28,RCOM,154.7643,-0.072144
-1,2010-03-31,RCOM,166.945,0.078705
-1,2010-04-30,RCOM,160.8546,-0.036481
-1,2010-05-31,RCOM,142.3871,-0.114809
-1,2010-06-30,RCOM,194.7937,0.368057
-1,2010-07-31,RCOM,175.5403,-0.09884
-1,2010-08-31,RCOM,153.2908,-0.126749
-1,2010-09-30,RCOM,165.5207,0.079782
-1,2010-10-31,RCOM,177.8395,0.074425
-1,2010-11-30,RCOM,130.1458,-0.268184
-1,2010-12-31,RCOM,143.5257,0.102807
-1,2011-01-31,RCOM,121.1106,-0.156175
-1,2011-02-28,RCOM,84.6737,-0.300856
-1,2011-03-31,RCOM,106.2989,0.255395
-1,2011-04-30,RCOM,98.7449,-0.071064
-1,2011-05-31,RCOM,88.3767,-0.105
-1,2011-06-30,RCOM,94.4988,0.069273
-1,2011-07-31,RCOM,100.2754,0.061129
-1,2011-08-31,RCOM,78.5516,-0.216641
-1,2011-09-30,RCOM,70.8495,-0.098051
-1,2011-10-31,RCOM,79.3321,0.119727
-1,2011-11-30,RCOM,73.7188,-0.070757
-1,2011-12-31,RCOM,69.5957,-0.05593
-1,2012-01-31,RCOM,98.6063,0.416845
-1,2012-02-29,RCOM,93.8871,-0.047859
-1,2012-03-31,RCOM,83.5049,-0.110582
-1,2012-04-30,RCOM,74.5632,-0.10708
-1,2012-05-31,RCOM,64.1313,-0.139907
-1,2012-06-30,RCOM,63.0882,-0.016265
-1,2012-07-31,RCOM,55.7361,-0.116537
-1,2012-08-31,RCOM,47.8874,-0.140819
-1,2012-09-30,RCOM,64.6772,0.35061
-1,2012-10-31,RCOM,53.8977,-0.166666
-1,2012-11-30,RCOM,71.3645,0.324073
-1,2012-12-31,RCOM,73.76,0.033567
-1,2013-01-31,RCOM,82.5433,0.119079
-1,2013-02-28,RCOM,60.9343,-0.26179
-1,2013-03-31,RCOM,55.1952,-0.094185
-1,2013-04-30,RCOM,96.7663,0.753165
-1,2013-05-31,RCOM,106.1984,0.097473
-1,2013-06-30,RCOM,118.3254,0.114192
-1,2013-07-31,RCOM,139.3355,0.177562
-1,2013-08-31,RCOM,122.9666,-0.117478
-1,2013-09-30,RCOM,146.85,0.194227
-1,2013-10-31,RCOM,146.9,0.00034
-1,2013-11-30,RCOM,138.55,-0.056841
-1,2013-12-31,RCOM,130.0,-0.061711
-1,2014-01-31,RCOM,123.55,-0.049615
-1,2014-02-28,RCOM,112.3,-0.091056
-1,2014-03-31,RCOM,128.9,0.147818
-1,2014-04-30,RCOM,122.45,-0.050039
-1,2014-05-31,RCOM,136.55,0.115149
-1,2014-06-30,RCOM,146.3,0.071402
-1,2014-07-31,RCOM,135.05,-0.076897
-1,2014-08-31,RCOM,116.0,-0.141059
-1,2014-09-30,RCOM,99.0,-0.146552
-1,2014-10-31,RCOM,106.15,0.072222
-1,2014-11-30,RCOM,102.95,-0.030146
-1,2014-12-31,RCOM,80.05,-0.222438
-1,2015-01-31,RCOM,79.6,-0.005621
-1,2015-02-28,RCOM,69.8,-0.123116
-1,2015-03-31,RCOM,59.25,-0.151146
13174,2015-04-30,RCOM,60.5,0.021097
13175,2015-05-31,RCOM,68.05,0.124793
13176,2015-06-30,RCOM,62.1,-0.087436
13177,2015-07-31,RCOM,70.5,0.135266
13178,2015-08-31,RCOM,60.4,-0.143262
13179,2015-09-30,RCOM,67.85,0.123344
13180,2015-10-31,RCOM,75.3,0.109801
13181,2015-11-30,RCOM,75.8,0.00664
13182,2015-12-31,RCOM,88.25,0.164248
13183,2016-01-31,RCOM,62.15,-0.295751
13184,2016-02-29,RCOM,51.75,-0.167337
13185,2016-03-31,RCOM,50.0,-0.033816
13186,2016-04-30,RCOM,56.2,0.124
13187,2016-05-31,RCOM,46.95,-0.164591
13188,2016-06-30,RCOM,50.95,0.085197
13189,2016-07-31,RCOM,52.6,0.032385
13190,2016-08-31,RCOM,53.95,0.025665
13191,2016-09-30,RCOM,46.35,-0.140871
13192,2016-10-31,RCOM,46.75,0.00863
13193,2016-11-30,RCOM,37.75,-0.192513
13194,2016-12-31,RCOM,34.05,-0.098013
13195,2017-01-31,RCOM,34.2,0.004405
13196,2017-02-28,RCOM,38.9,0.137427
13197,2017-03-31,RCOM,38.3,-0.015424
13198,2017-04-30,RCOM,34.4,-0.101828
13199,2017-05-31,RCOM,19.9,-0.421512
13200,2017-06-30,RCOM,21.5,0.080402
13201,2017-07-31,RCOM,26.25,0.22093
13202,2017-08-31,RCOM,23.3,-0.112381
13203,2017-09-30,RCOM,19.2,-0.175966
13204,2017-10-31,RCOM,17.1,-0.109375
13205,2017-11-30,RCOM,12.6,-0.263158
13206,2017-12-31,RCOM,36.15,1.869048
13207,2018-01-31,RCOM,29.45,-0.185339
13208,2018-02-28,RCOM,28.35,-0.037351
13209,2018-03-31,RCOM,21.75,-0.232804
13210,2018-04-30,RCOM,15.3,-0.296552
13211,2018-05-31,RCOM,18.65,0.218954
13212,2018-06-30,RCOM,13.75,-0.262735
13213,2018-07-31,RCOM,14.4,0.047273
13214,2018-08-31,RCOM,18.25,0.267361
13215,2018-09-30,RCOM,11.9,-0.347945
13216,2018-10-31,RCOM,12.35,0.037815
13217,2018-11-30,RCOM,14.25,0.153846
13218,2018-12-31,RCOM,14.4,0.010526
13219,2019-01-31,RCOM,11.75,-0.184028
13220,2019-02-28,RCOM,6.5,-0.446809
13221,2019-03-31,RCOM,4.15,-0.361538
13222,2019-04-30,RCOM,1.85,-0.554217
13223,2019-05-31,RCOM,2.0,0.081081
13224,2019-06-30,RCOM,1.4,-0.3
13225,2019-07-31,RCOM,1.45,0.035714
13226,2019-08-31,RCOM,0.85,-0.413793
13227,2019-09-30,RCOM,0.75,-0.117647
13228,2019-10-31,RCOM,0.65,-0.133333
13229,2019-11-30,RCOM,1.0,0.538462
13230,2019-12-31,RCOM,0.9,-0.1
13231,2020-01-31,RCOM,0.75,-0.166667
13232,2020-02-29,RCOM,0.65,-0.133333
13233,2020-03-31,RCOM,0.65,0.0
13234,2020-04-30,RCOM,1.0,0.538462
13235,2020-05-31,RCOM,0.75,-0.25
13236,2020-06-30,RCOM,1.55,1.066667
13237,2020-07-31,RCOM,3.0,0.935484
13238,2020-08-31,RCOM,2.4,-0.2
13239,2020-09-30,RCOM,1.8,-0.25
13240,2020-10-31,RCOM,1.65,-0.083333
13241,2020-11-30,RCOM,1.6,-0.030303
13242,2020-12-31,RCOM,2.0,0.25
13243,2021-01-31,RCOM,1.8,-0.1
13244,2021-02-28,RCOM,1.7,-0.055556
13245,2021-03-31,RCOM,1.7,0.0
13246,2021-04-30,RCOM,1.6,-0.058824
13247,2021-05-31,RCOM,2.4,0.5
13248,2021-06-30,RCOM,3.95,0.645833
13249,2021-07-31,RCOM,3.15,-0.202532
13250,2021-08-31,RCOM,2.85,-0.095238
13251,2021-09-30,RCOM,3.1,0.087719
13252,2021-10-31,RCOM,2.85,-0.080645
13253,2021-11-30,RCOM,2.8,-0.017544
13254,2021-12-31,RCOM,3.9,0.392857
13255,2022-01-31,RCOM,3.95,0.012821
7067,2015-03-31,RECLTD,124.7,
7068,2015-04-30,RECLTD,116.65,-0.064555
7069,2015-05-31,RECLTD,110.85,-0.049721
7070,2015-06-30,RECLTD,103.0,-0.070816
7071,2015-07-31,RECLTD,101.7,-0.012621
7072,2015-08-31,RECLTD,94.9,-0.066863
7073,2015-09-30,RECLTD,102.85,0.083772
7074,2015-10-31,RECLTD,93.95,-0.086534
7075,2015-11-30,RECLTD,87.6,-0.067589
7076,2015-12-31,RECLTD,84.9,-0.030822
7077,2016-01-31,RECLTD,72.05,-0.151355
7078,2016-02-29,RECLTD,58.4,-0.189452
7079,2016-03-31,RECLTD,62.35,0.067637
7080,2016-04-30,RECLTD,66.8,0.071371
7081,2016-05-31,RECLTD,60.55,-0.093563
7082,2016-06-30,RECLTD,65.05,0.074319
7083,2016-07-31,RECLTD,79.65,0.224443
7084,2016-08-31,RECLTD,89.55,0.124294
7085,2016-09-30,RECLTD,90.2,0.007259
7086,2016-10-31,RECLTD,101.2,0.121951
7087,2016-11-30,RECLTD,103.15,0.019269
7088,2016-12-31,RECLTD,93.35,-0.095007
7089,2017-01-31,RECLTD,106.9,0.145153
7090,2017-02-28,RECLTD,114.75,0.073433
7091,2017-03-31,RECLTD,135.9,0.184314
7092,2017-04-30,RECLTD,151.6,0.115526
7093,2017-05-31,RECLTD,144.95,-0.043865
7094,2017-06-30,RECLTD,129.0,-0.110038
7095,2017-07-31,RECLTD,131.1,0.016279
7096,2017-08-31,RECLTD,126.45,-0.035469
7097,2017-09-30,RECLTD,114.85,-0.091736
7098,2017-10-31,RECLTD,130.15,0.133217
7099,2017-11-30,RECLTD,115.7,-0.111026
7100,2017-12-31,RECLTD,116.95,0.010804
7101,2018-01-31,RECLTD,116.65,-0.002565
7102,2018-02-28,RECLTD,108.05,-0.073725
7103,2018-03-31,RECLTD,93.2,-0.137436
7104,2018-04-30,RECLTD,95.65,0.026288
7105,2018-05-31,RECLTD,88.4,-0.075797
7106,2018-06-30,RECLTD,78.8,-0.108597
7107,2018-07-31,RECLTD,88.1,0.11802
7108,2018-08-31,RECLTD,89.85,0.019864
7109,2018-09-30,RECLTD,73.9,-0.177518
7110,2018-10-31,RECLTD,87.55,0.184709
7111,2018-11-30,RECLTD,75.2,-0.141062
7112,2018-12-31,RECLTD,91.15,0.212101
7113,2019-01-31,RECLTD,93.15,0.021942
7114,2019-02-28,RECLTD,102.55,0.100913
7115,2019-03-31,RECLTD,114.4,0.115553
7116,2019-04-30,RECLTD,110.65,-0.03278
7117,2019-05-31,RECLTD,108.1,-0.023046
7118,2019-06-30,RECLTD,123.85,0.145698
7119,2019-07-31,RECLTD,105.2,-0.150585
7120,2019-08-31,RECLTD,108.7,0.03327
7121,2019-09-30,RECLTD,92.25,-0.151334
7122,2019-10-31,RECLTD,104.85,0.136585
7123,2019-11-30,RECLTD,103.5,-0.012876
7124,2019-12-31,RECLTD,107.25,0.036232
7125,2020-01-31,RECLTD,107.65,0.00373
7126,2020-02-29,RECLTD,88.5,-0.177891
7127,2020-03-31,RECLTD,66.9,-0.244068
7128,2020-04-30,RECLTD,71.65,0.071001
7129,2020-05-31,RECLTD,66.6,-0.070482
7130,2020-06-30,RECLTD,81.05,0.216967
7131,2020-07-31,RECLTD,75.35,-0.070327
7132,2020-08-31,RECLTD,79.9,0.060385
7133,2020-09-30,RECLTD,74.15,-0.071965
7134,2020-10-31,RECLTD,77.2,0.041133
7135,2020-11-30,RECLTD,89.2,0.15544
7136,2020-12-31,RECLTD,100.75,0.129484
7137,2021-01-31,RECLTD,99.45,-0.012903
7138,2021-02-28,RECLTD,101.45,0.020111
7139,2021-03-31,RECLTD,98.4,-0.030064
7140,2021-04-30,RECLTD,95.95,-0.024898
7141,2021-05-31,RECLTD,109.6,0.142262
7142,2021-06-30,RECLTD,111.65,0.018704
7143,2021-07-31,RECLTD,114.25,0.023287
7144,2021-08-31,RECLTD,113.8,-0.003939
7145,2021-09-30,RECLTD,118.3,0.039543
7146,2021-10-31,RECLTD,112.15,-0.051986
7147,2021-11-30,RECLTD,101.85,-0.091841
7148,2021-12-31,RECLTD,100.3,-0.015218
7149,2022-01-31,RECLTD,104.2,0.038883
7150,2022-02-28,RECLTD,92.25,-0.114683
7151,2022-03-31,RECLTD,92.35,0.001084
7152,2022-04-30,RECLTD,95.25,0.031402
7153,2022-05-31,RECLTD,89.5,-0.060367
7154,2022-06-30,RECLTD,92.85,0.03743
7155,2022-07-31,RECLTD,98.35,0.059235
7156,2022-08-31,RECLTD,108.4,0.102186
7157,2022-09-30,RECLTD,94.0,-0.132841
7158,2022-10-31,RECLTD,102.8,0.093617
7159,2022-11-30,RECLTD,110.45,0.074416
7160,2022-12-31,RECLTD,116.65,0.056134
7161,2023-01-31,RECLTD,121.75,0.043721
7162,2023-02-28,RECLTD,114.5,-0.059548
7163,2023-03-31,RECLTD,115.9,0.012227
7164,2023-04-30,RECLTD,132.25,0.14107
7165,2023-05-31,RECLTD,141.4,0.069187
7166,2023-06-30,RECLTD,164.85,0.165842
7167,2023-07-31,RECLTD,202.65,0.229299
7168,2023-08-31,RECLTD,237.95,0.174192
7169,2023-09-30,RECLTD,288.05,0.210548
7170,2023-10-31,RECLTD,288.0,-0.000174
7171,2023-11-30,RECLTD,350.0,0.215278
7172,2023-12-31,RECLTD,411.5,0.175714
7173,2024-01-31,RECLTD,498.85,0.212272
7174,2024-02-29,RECLTD,443.8,-0.110354
7175,2024-03-31,RECLTD,452.4,0.019378
7176,2024-04-30,RECLTD,509.0,0.125111
7177,2024-05-31,RECLTD,538.0,0.056974
7178,2024-06-30,RECLTD,526.0,-0.022305
7179,2024-07-31,RECLTD,643.2,0.222814
7180,2024-08-31,RECLTD,620.5,-0.035292
7181,2024-09-30,RECLTD,553.15,-0.108541
7182,2024-10-31,RECLTD,522.65,-0.055139
7183,2024-11-30,RECLTD,533.0,0.019803
7184,2024-12-31,RECLTD,502.0,-0.058161
7185,2025-01-31,RECLTD,452.0,-0.099602
7186,2025-02-28,RECLTD,362.0,-0.199115
7187,2025-03-31,RECLTD,428.0,0.18232
7188,2025-04-30,RECLTD,418.0,-0.023364
7189,2025-05-31,RECLTD,402.3,-0.03756
7190,2025-06-30,RECLTD,402.6,0.000746
7191,2025-07-31,RECLTD,395.0,-0.018877
7192,2025-08-31,RECLTD,389.4,-0.014177
-1,2006-01-31,RELCAPITAL,340.218,
-1,2006-02-28,RELCAPITAL,354.6728,0.042487
-1,2006-03-31,RELCAPITAL,367.8167,0.037059
-1,2006-04-30,RELCAPITAL,403.8473,0.097958
-1,2006-05-31,RELCAPITAL,351.2009,-0.130362
-1,2006-06-30,RELCAPITAL,349.8897,-0.003733
-1,2006-07-31,RELCAPITAL,298.722,-0.14624
-1,2006-08-31,RELCAPITAL,331.3222,0.109132
-1,2006-09-30,RELCAPITAL,407.5203,0.229982
-1,2006-10-31,RELCAPITAL,417.8038,0.025234
-1,2006-11-30,RELCAPITAL,424.0525,0.014956
-1,2006-12-31,RELCAPITAL,433.5147,0.022314
-1,2007-01-31,RELCAPITAL,443.5483,0.023145
-1,2007-02-28,RELCAPITAL,445.2266,0.003784
-1,2007-03-31,RELCAPITAL,477.2554,0.071938
-1,2007-04-30,RELCAPITAL,508.9272,0.066362
-1,2007-05-31,RELCAPITAL,680.9263,0.337964
-1,2007-06-30,RELCAPITAL,780.7664,0.146624
-1,2007-07-31,RELCAPITAL,862.4032,0.10456
-1,2007-08-31,RELCAPITAL,856.1648,-0.007234
-1,2007-09-30,RELCAPITAL,1135.0997,0.325796
-1,2007-10-31,RELCAPITAL,1520.0869,0.339166
-1,2007-11-30,RELCAPITAL,1690.0292,0.111798
-1,2007-12-31,RELCAPITAL,1853.6611,0.096822
-1,2008-01-31,RELCAPITAL,1358.1399,-0.26732
-1,2008-02-29,RELCAPITAL,1292.1349,-0.0486
-1,2008-03-31,RELCAPITAL,876.2783,-0.321837
-1,2008-04-30,RELCAPITAL,1078.4521,0.230719
-1,2008-05-31,RELCAPITAL,863.2637,-0.199534
-1,2008-06-30,RELCAPITAL,644.7767,-0.253094
-1,2008-07-31,RELCAPITAL,929.8715,0.442161
-1,2008-08-31,RELCAPITAL,988.3739,0.062914
-1,2008-09-30,RELCAPITAL,818.3101,-0.172064
-1,2008-10-31,RELCAPITAL,473.6408,-0.421196
-1,2008-11-30,RELCAPITAL,322.7534,-0.318569
-1,2008-12-31,RELCAPITAL,387.888,0.201809
-1,2009-01-31,RELCAPITAL,305.3073,-0.212898
-1,2009-02-28,RELCAPITAL,251.9596,-0.174734
-1,2009-03-31,RELCAPITAL,257.6548,0.022604
-1,2009-04-30,RELCAPITAL,378.4801,0.468943
-1,2009-05-31,RELCAPITAL,675.4969,0.784762
-1,2009-06-30,RELCAPITAL,652.2474,-0.034418
-1,2009-07-31,RELCAPITAL,646.4778,-0.008846
-1,2009-08-31,RELCAPITAL,629.7711,-0.025843
-1,2009-09-30,RELCAPITAL,667.7607,0.060323
-1,2009-10-31,RELCAPITAL,539.2278,-0.192483
-1,2009-11-30,RELCAPITAL,603.7304,0.11962
-1,2009-12-31,RELCAPITAL,623.7421,0.033147
-1,2010-01-31,RELCAPITAL,655.9208,0.05159
-1,2010-02-28,RELCAPITAL,571.2612,-0.12907
-1,2010-03-31,RELCAPITAL,549.1793,-0.038655
-1,2010-04-30,RELCAPITAL,536.9761,-0.022221
-1,2010-05-31,RELCAPITAL,475.0886,-0.115252
-1,2010-06-30,RELCAPITAL,554.046,0.166195
-1,2010-07-31,RELCAPITAL,569.1547,0.02727
-1,2010-08-31,RELCAPITAL,550.8863,-0.032097
-1,2010-09-30,RELCAPITAL,566.8666,0.029008
-1,2010-10-31,RELCAPITAL,596.8708,0.05293
-1,2010-11-30,RELCAPITAL,477.0053,-0.200823
-1,2010-12-31,RELCAPITAL,490.0956,0.027443
-1,2011-01-31,RELCAPITAL,384.0536,-0.21637
-1,2011-02-28,RELCAPITAL,348.6696,-0.092133
-1,2011-03-31,RELCAPITAL,427.6511,0.226522
-1,2011-04-30,RELCAPITAL,412.7275,-0.034897
-1,2011-05-31,RELCAPITAL,367.6634,-0.109186
-1,2011-06-30,RELCAPITAL,424.2044,0.153785
-1,2011-07-31,RELCAPITAL,422.0777,-0.005013
-1,2011-08-31,RELCAPITAL,283.6219,-0.328034
-1,2011-09-30,RELCAPITAL,231.1142,-0.185133
-1,2011-10-31,RELCAPITAL,276.4099,0.195988
-1,2011-11-30,RELCAPITAL,210.3597,-0.238957
-1,2011-12-31,RELCAPITAL,175.4865,-0.165779
-1,2012-01-31,RELCAPITAL,268.7557,0.531489
-1,2012-02-29,RELCAPITAL,301.7247,0.122673
-1,2012-03-31,RELCAPITAL,293.0251,-0.028833
-1,2012-04-30,RELCAPITAL,245.9424,-0.160678
-1,2012-05-31,RELCAPITAL,230.2607,-0.063762
-1,2012-06-30,RELCAPITAL,267.6729,0.162478
-1,2012-07-31,RELCAPITAL,249.4148,-0.06821
-1,2012-08-31,RELCAPITAL,238.811,-0.042515
-1,2012-09-30,RELCAPITAL,329.9396,0.381593
-1,2012-10-31,RELCAPITAL,292.0859,-0.114729
-1,2012-11-30,RELCAPITAL,324.2042,0.109962
-1,2012-12-31,RELCAPITAL,366.9139,0.131737
-1,2013-01-31,RELCAPITAL,363.3197,-0.009796
-1,2013-02-28,RELCAPITAL,275.8354,-0.240792
-1,2013-03-31,RELCAPITAL,239.1288,-0.133074
-1,2013-04-30,RELCAPITAL,269.8324,0.128398
-1,2013-05-31,RELCAPITAL,249.7202,-0.074536
-1,2013-06-30,RELCAPITAL,257.5969,0.031542
-1,2013-07-31,RELCAPITAL,262.3763,0.018554
-1,2013-08-31,RELCAPITAL,238.7847,-0.089915
-1,2013-09-30,RELCAPITAL,247.6033,0.036931
-1,2013-10-31,RELCAPITAL,290.6835,0.173989
-1,2013-11-30,RELCAPITAL,295.8672,0.017833
-1,2013-12-31,RELCAPITAL,283.8896,-0.040483
-1,2014-01-31,RELCAPITAL,254.5936,-0.103195
-1,2014-02-28,RELCAPITAL,242.0268,-0.04936
-1,2014-03-31,RELCAPITAL,271.6763,0.122505
-1,2014-04-30,RELCAPITAL,278.9415,0.026742
-1,2014-05-31,RELCAPITAL,415.7614,0.490497
-1,2014-06-30,RELCAPITAL,515.6274,0.2402
-1,2014-07-31,RELCAPITAL,458.5275,-0.110739
-1,2014-08-31,RELCAPITAL,415.3295,-0.09421
-1,2014-09-30,RELCAPITAL,357.6405,-0.138899
-1,2014-10-31,RELCAPITAL,380.125,0.062869
-1,2014-11-30,RELCAPITAL,420.494,0.106199
-1,2014-12-31,RELCAPITAL,395.9285,-0.058421
-1,2015-01-31,RELCAPITAL,388.967,-0.017583
-1,2015-02-28,RELCAPITAL,369.1225,-0.051018
-1,2015-03-31,RELCAPITAL,339.7159,-0.079666
12108,2015-04-30,RELCAPITAL,339.34,-0.001107
12109,2015-05-31,RELCAPITAL,332.03,-0.021542
12110,2015-06-30,RELCAPITAL,304.72,-0.082252
12111,2015-07-31,RELCAPITAL,327.91,0.076103
12112,2015-08-31,RELCAPITAL,264.26,-0.194108
12113,2015-09-30,RELCAPITAL,316.02,0.195868
12114,2015-10-31,RELCAPITAL,354.92,0.123093
12115,2015-11-30,RELCAPITAL,367.86,0.036459
12116,2015-12-31,RELCAPITAL,368.28,0.001142
12117,2016-01-31,RELCAPITAL,323.04,-0.122841
12118,2016-02-29,RELCAPITAL,270.56,-0.162457
12119,2016-03-31,RELCAPITAL,309.51,0.143961
12120,2016-04-30,RELCAPITAL,339.92,0.098252
12121,2016-05-31,RELCAPITAL,345.26,0.01571
12122,2016-06-30,RELCAPITAL,335.89,-0.027139
12123,2016-07-31,RELCAPITAL,376.52,0.120962
12124,2016-08-31,RELCAPITAL,446.85,0.18679
12125,2016-09-30,RELCAPITAL,459.53,0.028376
12126,2016-10-31,RELCAPITAL,435.42,-0.052467
12127,2016-11-30,RELCAPITAL,369.17,-0.152152
12128,2016-12-31,RELCAPITAL,362.28,-0.018663
12129,2017-01-31,RELCAPITAL,378.16,0.043833
12130,2017-02-28,RELCAPITAL,448.02,0.184737
12131,2017-03-31,RELCAPITAL,516.84,0.153609
12132,2017-04-30,RELCAPITAL,558.6,0.080799
12133,2017-05-31,RELCAPITAL,471.8,-0.155388
12134,2017-06-30,RELCAPITAL,540.79,0.146227
12135,2017-07-31,RELCAPITAL,608.68,0.125539
12136,2017-08-31,RELCAPITAL,676.66,0.111684
12137,2017-09-30,RELCAPITAL,586.0,-0.133982
12138,2017-10-31,RELCAPITAL,577.15,-0.015102
12139,2017-11-30,RELCAPITAL,433.15,-0.249502
12140,2017-12-31,RELCAPITAL,579.15,0.337066
12141,2018-01-31,RELCAPITAL,491.1,-0.152033
12142,2018-02-28,RELCAPITAL,472.25,-0.038383
12143,2018-03-31,RELCAPITAL,423.3,-0.103653
12144,2018-04-30,RELCAPITAL,435.35,0.028467
12145,2018-05-31,RELCAPITAL,417.6,-0.040772
12146,2018-06-30,RELCAPITAL,387.75,-0.07148
12147,2018-07-31,RELCAPITAL,421.95,0.088201
12148,2018-08-31,RELCAPITAL,472.2,0.11909
12149,2018-09-30,RELCAPITAL,282.2,-0.402372
12150,2018-10-31,RELCAPITAL,241.9,-0.142807
12151,2018-11-30,RELCAPITAL,226.1,-0.065316
12152,2018-12-31,RELCAPITAL,229.55,0.015259
12153,2019-01-31,RELCAPITAL,193.95,-0.155086
12154,2019-02-28,RELCAPITAL,172.75,-0.109307
12155,2019-03-31,RELCAPITAL,204.5,0.183792
12156,2019-04-30,RELCAPITAL,132.95,-0.349878
12157,2019-05-31,RELCAPITAL,121.65,-0.084994
12158,2019-06-30,RELCAPITAL,66.1,-0.456638
12159,2019-07-31,RELCAPITAL,52.15,-0.211044
12160,2019-08-31,RELCAPITAL,34.9,-0.330777
12161,2019-09-30,RELCAPITAL,24.6,-0.295129
12162,2019-10-31,RELCAPITAL,19.3,-0.215447
12163,2019-11-30,RELCAPITAL,15.15,-0.215026
12164,2019-12-31,RELCAPITAL,14.75,-0.026403
12165,2020-01-31,RELCAPITAL,9.1,-0.383051
12166,2020-02-29,RELCAPITAL,6.65,-0.269231
12167,2020-03-31,RELCAPITAL,4.5,-0.323308
12168,2020-04-30,RELCAPITAL,8.25,0.833333
12169,2020-05-31,RELCAPITAL,6.7,-0.187879
12170,2020-06-30,RELCAPITAL,12.45,0.858209
12171,2020-07-31,RELCAPITAL,9.45,-0.240964
12172,2020-08-31,RELCAPITAL,9.85,0.042328
12173,2020-09-30,RELCAPITAL,7.85,-0.203046
12174,2020-10-31,RELCAPITAL,9.05,0.152866
12175,2020-11-30,RELCAPITAL,9.75,0.077348
12176,2020-12-31,RELCAPITAL,12.0,0.230769
12177,2021-01-31,RELCAPITAL,9.95,-0.170833
12178,2021-02-28,RELCAPITAL,10.1,0.015075
12179,2021-03-31,RELCAPITAL,10.75,0.064356
12180,2021-04-30,RELCAPITAL,10.25,-0.046512
12181,2021-05-31,RELCAPITAL,14.0,0.365854
12182,2021-06-30,RELCAPITAL,24.0,0.714286
12183,2021-07-31,RELCAPITAL,18.15,-0.24375
12184,2021-08-31,RELCAPITAL,14.75,-0.187328
12185,2021-09-30,RELCAPITAL,21.65,0.467797
12186,2021-10-31,RELCAPITAL,18.25,-0.157044
12187,2021-11-30,RELCAPITAL,18.1,-0.008219
12188,2021-12-31,RELCAPITAL,14.35,-0.207182
12189,2022-01-31,RELCAPITAL,16.1,0.121951
-1,2006-01-31,RELIANCE,70.2485,
-1,2006-02-28,RELIANCE,69.7516,-0.007073
-1,2006-03-31,RELIANCE,78.2632,0.122027
-1,2006-04-30,RELIANCE,100.6593,0.286164
-1,2006-05-31,RELIANCE,93.8893,-0.067257
-1,2006-06-30,RELIANCE,104.2903,0.110779
-1,2006-07-31,RELIANCE,97.4211,-0.065866
-1,2006-08-31,RELIANCE,111.2112,0.141551
-1,2006-09-30,RELIANCE,116.6257,0.048687
-1,2006-10-31,RELIANCE,122.0252,0.046298
-1,2006-11-30,RELIANCE,123.8616,0.015049
-1,2006-12-31,RELIANCE,126.4195,0.020651
-1,2007-01-31,RELIANCE,136.0044,0.075818
-1,2007-02-28,RELIANCE,134.6159,-0.010209
-1,2007-03-31,RELIANCE,136.3876,0.013161
-1,2007-04-30,RELIANCE,156.7856,0.149559
-1,2007-05-31,RELIANCE,176.6468,0.126677
-1,2007-06-30,RELIANCE,170.7964,-0.033119
-1,2007-07-31,RELIANCE,190.1755,0.113463
-1,2007-08-31,RELIANCE,196.9449,0.035596
-1,2007-09-30,RELIANCE,230.8069,0.171936
-1,2007-10-31,RELIANCE,279.5935,0.211374
-1,2007-11-30,RELIANCE,286.4082,0.024374
-1,2007-12-31,RELIANCE,289.5267,0.010888
-1,2008-01-31,RELIANCE,248.9707,-0.140077
-1,2008-02-29,RELIANCE,247.4189,-0.006233
-1,2008-03-31,RELIANCE,227.5678,-0.080233
-1,2008-04-30,RELIANCE,262.5898,0.153897
-1,2008-05-31,RELIANCE,241.3978,-0.080704
-1,2008-06-30,RELIANCE,211.5364,-0.123702
-1,2008-07-31,RELIANCE,222.8798,0.053624
-1,2008-08-31,RELIANCE,215.681,-0.032299
-1,2008-09-30,RELIANCE,196.8158,-0.087468
-1,2008-10-31,RELIANCE,138.872,-0.294406
-1,2008-11-30,RELIANCE,114.5395,-0.175215
-1,2008-12-31,RELIANCE,124.4644,0.08665
-1,2009-01-31,RELIANCE,133.637,0.073697
-1,2009-02-28,RELIANCE,127.8265,-0.04348
-1,2009-03-31,RELIANCE,153.9461,0.204336
-1,2009-04-30,RELIANCE,182.7665,0.187211
-1,2009-05-31,RELIANCE,229.3819,0.255054
-1,2009-06-30,RELIANCE,204.2922,-0.10938
-1,2009-07-31,RELIANCE,197.4266,-0.033607
-1,2009-08-31,RELIANCE,202.4445,0.025417
-1,2009-09-30,RELIANCE,222.2892,0.098025
-1,2009-10-31,RELIANCE,194.9782,-0.122862
-1,2009-11-30,RELIANCE,216.1541,0.108607
-1,2009-12-31,RELIANCE,221.652,0.025435
-1,2010-01-31,RELIANCE,212.638,-0.040667
-1,2010-02-28,RELIANCE,198.9695,-0.064281
-1,2010-03-31,RELIANCE,218.339,0.097349
-1,2010-04-30,RELIANCE,210.077,-0.03784
-1,2010-05-31,RELIANCE,212.516,0.01161
-1,2010-06-30,RELIANCE,223.1483,0.050031
-1,2010-07-31,RELIANCE,206.7272,-0.073588
-1,2010-08-31,RELIANCE,188.2075,-0.089585
-1,2010-09-30,RELIANCE,202.1408,0.074032
-1,2010-10-31,RELIANCE,224.4587,0.110408
-1,2010-11-30,RELIANCE,201.803,-0.100935
-1,2010-12-31,RELIANCE,216.7703,0.074168
-1,2011-01-31,RELIANCE,188.2279,-0.131671
-1,2011-02-28,RELIANCE,197.4315,0.048896
-1,2011-03-31,RELIANCE,214.8047,0.087996
-1,2011-04-30,RELIANCE,201.4242,-0.062291
-1,2011-05-31,RELIANCE,194.8926,-0.032427
-1,2011-06-30,RELIANCE,185.6673,-0.047335
-1,2011-07-31,RELIANCE,171.0887,-0.07852
-1,2011-08-31,RELIANCE,161.7176,-0.054773
-1,2011-09-30,RELIANCE,167.0385,0.032902
-1,2011-10-31,RELIANCE,181.3382,0.085607
-1,2011-11-30,RELIANCE,160.8186,-0.113157
-1,2011-12-31,RELIANCE,143.1922,-0.109604
-1,2012-01-31,RELIANCE,168.8467,0.179161
-1,2012-02-29,RELIANCE,169.6009,0.004467
-1,2012-03-31,RELIANCE,155.105,-0.085471
-1,2012-04-30,RELIANCE,153.9685,-0.007327
-1,2012-05-31,RELIANCE,145.8062,-0.053013
-1,2012-06-30,RELIANCE,154.4847,0.059521
-1,2012-07-31,RELIANCE,155.6886,0.007793
-1,2012-08-31,RELIANCE,160.4623,0.030662
-1,2012-09-30,RELIANCE,175.2858,0.09238
-1,2012-10-31,RELIANCE,168.6487,-0.037864
-1,2012-11-30,RELIANCE,166.1781,-0.014649
-1,2012-12-31,RELIANCE,175.7778,0.057768
-1,2013-01-31,RELIANCE,185.6392,0.056102
-1,2013-02-28,RELIANCE,170.397,-0.082107
-1,2013-03-31,RELIANCE,161.8232,-0.050317
-1,2013-04-30,RELIANCE,165.0266,0.019796
-1,2013-05-31,RELIANCE,168.8162,0.022964
-1,2013-06-30,RELIANCE,182.7824,0.08273
-1,2013-07-31,RELIANCE,184.7848,0.010955
-1,2013-08-31,RELIANCE,180.9283,-0.02087
-1,2013-09-30,RELIANCE,174.2641,-0.036833
-1,2013-10-31,RELIANCE,193.8222,0.112233
-1,2013-11-30,RELIANCE,180.7905,-0.067235
-1,2013-12-31,RELIANCE,189.6902,0.049227
-1,2014-01-31,RELIANCE,176.1182,-0.071548
-1,2014-02-28,RELIANCE,169.507,-0.037538
-1,2014-03-31,RELIANCE,197.2232,0.163511
-1,2014-04-30,RELIANCE,198.2932,0.005425
-1,2014-05-31,RELIANCE,225.6068,0.137744
-1,2014-06-30,RELIANCE,217.2833,-0.036894
-1,2014-07-31,RELIANCE,215.3681,-0.008814
-1,2014-08-31,RELIANCE,213.7097,-0.0077
-1,2014-09-30,RELIANCE,202.3683,-0.053069
-1,2014-10-31,RELIANCE,214.1055,0.057999
-1,2014-11-30,RELIANCE,212.1904,-0.008945
-1,2014-12-31,RELIANCE,190.6953,-0.101301
-1,2015-01-31,RELIANCE,195.8524,0.027044
-1,2015-02-28,RELIANCE,183.0773,-0.065228
10764,2015-03-31,RELIANCE,194.25,0.061027
10765,2015-04-30,RELIANCE,204.2,0.051223
10766,2015-05-31,RELIANCE,207.95,0.018364
10767,2015-06-30,RELIANCE,235.9,0.134407
10768,2015-07-31,RELIANCE,236.3,0.001696
10769,2015-08-31,RELIANCE,202.35,-0.143673
10770,2015-09-30,RELIANCE,203.5,0.005683
10771,2015-10-31,RELIANCE,223.95,0.100491
10772,2015-11-30,RELIANCE,228.3,0.019424
10773,2015-12-31,RELIANCE,238.5,0.044678
10774,2016-01-31,RELIANCE,244.45,0.024948
10775,2016-02-29,RELIANCE,228.0,-0.067294
10776,2016-03-31,RELIANCE,246.7,0.082018
10777,2016-04-30,RELIANCE,231.4,-0.062019
10778,2016-05-31,RELIANCE,226.3,-0.02204
10779,2016-06-30,RELIANCE,228.75,0.010826
10780,2016-07-31,RELIANCE,239.85,0.048525
10781,2016-08-31,RELIANCE,247.4,0.031478
10782,2016-09-30,RELIANCE,256.0,0.034762
10783,2016-10-31,RELIANCE,247.75,-0.032227
10784,2016-11-30,RELIANCE,233.3,-0.058325
10785,2016-12-31,RELIANCE,255.1,0.093442
10786,2017-01-31,RELIANCE,246.65,-0.033124
10787,2017-02-28,RELIANCE,292.15,0.184472
10788,2017-03-31,RELIANCE,311.7,0.066918
10789,2017-04-30,RELIANCE,329.2,0.056144
10790,2017-05-31,RELIANCE,316.4,-0.038882
10791,2017-06-30,RELIANCE,326.5,0.031922
10792,2017-07-31,RELIANCE,381.35,0.167994
10793,2017-08-31,RELIANCE,376.75,-0.012062
10794,2017-09-30,RELIANCE,368.8,-0.021102
10795,2017-10-31,RELIANCE,445.7,0.208514
10796,2017-11-30,RELIANCE,435.55,-0.022773
10797,2017-12-31,RELIANCE,434.4,-0.00264
10798,2018-01-31,RELIANCE,454.2,0.04558
10799,2018-02-28,RELIANCE,449.0,-0.011449
10800,2018-03-31,RELIANCE,416.2,-0.073051
10801,2018-04-30,RELIANCE,454.9,0.092984
10802,2018-05-31,RELIANCE,434.5,-0.044845
10803,2018-06-30,RELIANCE,460.3,0.059379
10804,2018-07-31,RELIANCE,559.1,0.214643
10805,2018-08-31,RELIANCE,584.7,0.045788
10806,2018-09-30,RELIANCE,592.5,0.01334
10807,2018-10-31,RELIANCE,500.1,-0.155949
10808,2018-11-30,RELIANCE,551.0,0.10178
10809,2018-12-31,RELIANCE,531.35,-0.035662
10810,2019-01-31,RELIANCE,578.8,0.089301
10811,2019-02-28,RELIANCE,581.7,0.00501
10812,2019-03-31,RELIANCE,643.5,0.10624
10813,2019-04-30,RELIANCE,657.65,0.021989
10814,2019-05-31,RELIANCE,628.0,-0.045085
10815,2019-06-30,RELIANCE,591.9,-0.057484
10816,2019-07-31,RELIANCE,550.3,-0.070282
10817,2019-08-31,RELIANCE,591.6,0.07505
10818,2019-09-30,RELIANCE,629.55,0.064148
10819,2019-10-31,RELIANCE,691.7,0.098721
10820,2019-11-30,RELIANCE,733.2,0.059997
10821,2019-12-31,RELIANCE,715.7,-0.023868
10822,2020-01-31,RELIANCE,665.7,-0.069862
10823,2020-02-29,RELIANCE,626.1,-0.059486
10824,2020-03-31,RELIANCE,519.3,-0.17058
10825,2020-04-30,RELIANCE,691.3,0.331215
10826,2020-05-31,RELIANCE,699.6,0.012006
10827,2020-06-30,RELIANCE,813.8,0.163236
10828,2020-07-31,RELIANCE,986.55,0.212276
10829,2020-08-31,RELIANCE,986.55,0.0
10830,2020-09-30,RELIANCE,1062.8,0.07729
10831,2020-10-31,RELIANCE,983.9,-0.074238
10832,2020-11-30,RELIANCE,924.85,-0.060016
10833,2020-12-31,RELIANCE,944.5,0.021247
10834,2021-01-31,RELIANCE,879.2,-0.069137
10835,2021-02-28,RELIANCE,991.2,0.127389
10836,2021-03-31,RELIANCE,956.1,-0.035412
10837,2021-04-30,RELIANCE,950.5,-0.005857
10838,2021-05-31,RELIANCE,1026.35,0.0798
10839,2021-06-30,RELIANCE,1006.6,-0.019243
10840,2021-07-31,RELIANCE,970.8,-0.035565
10841,2021-08-31,RELIANCE,1075.7,0.108055
10842,2021-09-30,RELIANCE,1196.75,0.112531
10843,2021-10-31,RELIANCE,1211.5,0.012325
10844,2021-11-30,RELIANCE,1145.05,-0.054849
10845,2021-12-31,RELIANCE,1128.6,-0.014366
10846,2022-01-31,RELIANCE,1136.25,0.006778
10847,2022-02-28,RELIANCE,1122.6,-0.012013
10848,2022-03-31,RELIANCE,1256.3,0.119099
10849,2022-04-30,RELIANCE,1333.3,0.061291
10850,2022-05-31,RELIANCE,1250.4,-0.062177
10851,2022-06-30,RELIANCE,1233.9,-0.013196
10852,2022-07-31,RELIANCE,1194.8,-0.031688
10853,2022-08-31,RELIANCE,1259.2,0.0539
10854,2022-09-30,RELIANCE,1132.9,-0.100302
10855,2022-10-31,RELIANCE,1213.3,0.070968
10856,2022-11-30,RELIANCE,1302.6,0.073601
10857,2022-12-31,RELIANCE,1213.9,-0.068095
10858,2023-01-31,RELIANCE,1123.2,-0.074718
10859,2023-02-28,RELIANCE,1105.7,-0.01558
10860,2023-03-31,RELIANCE,1110.3,0.00416
10861,2023-04-30,RELIANCE,1153.3,0.038728
10862,2023-05-31,RELIANCE,1175.8,0.019509
10863,2023-06-30,RELIANCE,1216.9,0.034955
10864,2023-07-31,RELIANCE,1273.0,0.046101
10865,2023-08-31,RELIANCE,1204.2,-0.054046
10866,2023-09-30,RELIANCE,1171.5,-0.027155
10867,2023-10-31,RELIANCE,1144.5,-0.023047
10868,2023-11-30,RELIANCE,1188.7,0.038619
10869,2023-12-31,RELIANCE,1292.5,0.087322
10870,2024-01-31,RELIANCE,1425.0,0.102515
10871,2024-02-29,RELIANCE,1465.4,0.028351
10872,2024-03-31,RELIANCE,1485.0,0.013375
10873,2024-04-30,RELIANCE,1466.0,-0.012795
10874,2024-05-31,RELIANCE,1429.5,-0.024898
10875,2024-06-30,RELIANCE,1564.1,0.094159
10876,2024-07-31,RELIANCE,1504.75,-0.037945
10877,2024-08-31,RELIANCE,1512.4,0.005084
10878,2024-09-30,RELIANCE,1479.0,-0.022084
10879,2024-10-31,RELIANCE,1332.0,-0.099391
10880,2024-11-30,RELIANCE,1291.5,-0.030405
10881,2024-12-31,RELIANCE,1216.4,-0.058149
10882,2025-01-31,RELIANCE,1265.45,0.040324
10883,2025-02-28,RELIANCE,1198.0,-0.053301
10884,2025-03-31,RELIANCE,1274.0,0.063439
10885,2025-04-30,RELIANCE,1394.0,0.094192
10886,2025-05-31,RELIANCE,1417.5,0.016858
10887,2025-06-30,RELIANCE,1499.9,0.058131
10888,2025-07-31,RELIANCE,1391.0,-0.072605
10889,2025-08-31,RELIANCE,1392.8,0.001294
-1,2006-01-31,RELINFRA,532.8958,
-1,2006-02-28,RELINFRA,519.6993,-0.024764
-1,2006-03-31,RELINFRA,512.5352,-0.013785
-1,2006-04-30,RELINFRA,515.6773,0.006131
-1,2006-05-31,RELINFRA,412.701,-0.199691
-1,2006-06-30,RELINFRA,382.7437,-0.072588
-1,2006-07-31,RELINFRA,382.1108,-0.001654
-1,2006-08-31,RELINFRA,370.0419,-0.031585
-1,2006-09-30,RELINFRA,409.0337,0.105371
-1,2006-10-31,RELINFRA,407.2191,-0.004436
-1,2006-11-30,RELINFRA,446.0842,0.09544
-1,2006-12-31,RELINFRA,438.9105,-0.016081
-1,2007-01-31,RELINFRA,433.3824,-0.012595
-1,2007-02-28,RELINFRA,404.8138,-0.06592
-1,2007-03-31,RELINFRA,417.0936,0.030334
-1,2007-04-30,RELINFRA,430.2175,0.031465
-1,2007-05-31,RELINFRA,454.1864,0.055713
-1,2007-06-30,RELINFRA,517.8223,0.14011
-1,2007-07-31,RELINFRA,676.1337,0.305725
-1,2007-08-31,RELINFRA,663.8682,-0.018141
-1,2007-09-30,RELINFRA,1026.8065,0.546702
-1,2007-10-31,RELINFRA,1589.2295,0.54774
-1,2007-11-30,RELINFRA,1477.0089,-0.070613
-1,2007-12-31,RELINFRA,1818.9084,0.231481
-1,2008-01-31,RELINFRA,1684.8826,-0.073685
-1,2008-02-29,RELINFRA,1336.765,-0.206612
-1,2008-03-31,RELINFRA,1065.4342,-0.202976
-1,2008-04-30,RELINFRA,1218.4972,0.143663
-1,2008-05-31,RELINFRA,1047.8878,-0.140016
-1,2008-06-30,RELINFRA,667.403,-0.363097
-1,2008-07-31,RELINFRA,822.0415,0.231702
-1,2008-08-31,RELINFRA,852.1609,0.03664
-1,2008-09-30,RELINFRA,679.0222,-0.203176
-1,2008-10-31,RELINFRA,393.1068,-0.421069
-1,2008-11-30,RELINFRA,433.0189,0.10153
-1,2008-12-31,RELINFRA,497.9352,0.149916
-1,2009-01-31,RELINFRA,500.8568,0.005867
-1,2009-02-28,RELINFRA,421.9346,-0.157574
-1,2009-03-31,RELINFRA,442.9862,0.049893
-1,2009-04-30,RELINFRA,597.3505,0.348463
-1,2009-05-31,RELINFRA,1092.9657,0.829689
-1,2009-06-30,RELINFRA,1028.2644,-0.059198
-1,2009-07-31,RELINFRA,1035.8685,0.007395
-1,2009-08-31,RELINFRA,990.2779,-0.044012
-1,2009-09-30,RELINFRA,1055.5331,0.065896
-1,2009-10-31,RELINFRA,913.009,-0.135026
-1,2009-11-30,RELINFRA,905.3166,-0.008425
-1,2009-12-31,RELINFRA,991.1423,0.094802
-1,2010-01-31,RELINFRA,893.8647,-0.098147
-1,2010-02-28,RELINFRA,867.2874,-0.029733
-1,2010-03-31,RELINFRA,863.4844,-0.004385
-1,2010-04-30,RELINFRA,983.0611,0.138482
-1,2010-05-31,RELINFRA,922.5165,-0.061588
-1,2010-06-30,RELINFRA,1045.4576,0.133267
-1,2010-07-31,RELINFRA,965.0244,-0.076936
-1,2010-08-31,RELINFRA,872.1434,-0.096247
-1,2010-09-30,RELINFRA,930.6401,0.067072
-1,2010-10-31,RELINFRA,901.827,-0.030961
-1,2010-11-30,RELINFRA,734.8235,-0.185184
-1,2010-12-31,RELINFRA,733.9966,-0.001125
-1,2011-01-31,RELINFRA,615.8276,-0.160994
-1,2011-02-28,RELINFRA,530.8244,-0.138031
-1,2011-03-31,RELINFRA,600.5941,0.131436
-1,2011-04-30,RELINFRA,574.5229,-0.043409
-1,2011-05-31,RELINFRA,495.3519,-0.137803
-1,2011-06-30,RELINFRA,465.7553,-0.059749
-1,2011-07-31,RELINFRA,470.7606,0.010747
-1,2011-08-31,RELINFRA,379.838,-0.19314
-1,2011-09-30,RELINFRA,325.0843,-0.14415
-1,2011-10-31,RELINFRA,410.6558,0.263229
-1,2011-11-30,RELINFRA,357.6324,-0.129119
-1,2011-12-31,RELINFRA,301.4247,-0.157166
-1,2012-01-31,RELINFRA,473.9391,0.57233
-1,2012-02-29,RELINFRA,525.2822,0.108333
-1,2012-03-31,RELINFRA,519.4003,-0.011198
-1,2012-04-30,RELINFRA,466.7307,-0.101405
-1,2012-05-31,RELINFRA,397.0351,-0.149327
-1,2012-06-30,RELINFRA,493.751,0.243595
-1,2012-07-31,RELINFRA,437.4992,-0.113927
-1,2012-08-31,RELINFRA,392.7897,-0.102193
-1,2012-09-30,RELINFRA,482.3883,0.228108
-1,2012-10-31,RELINFRA,421.2822,-0.126674
-1,2012-11-30,RELINFRA,435.4594,0.033653
-1,2012-12-31,RELINFRA,467.0893,0.072636
-1,2013-01-31,RELINFRA,462.558,-0.009701
-1,2013-02-28,RELINFRA,375.9685,-0.187197
-1,2013-03-31,RELINFRA,291.1289,-0.225656
-1,2013-04-30,RELINFRA,336.622,0.156264
-1,2013-05-31,RELINFRA,324.2393,-0.036785
-1,2013-06-30,RELINFRA,313.337,-0.033624
-1,2013-07-31,RELINFRA,306.4278,-0.02205
-1,2013-08-31,RELINFRA,307.1457,0.002343
-1,2013-09-30,RELINFRA,339.3716,0.104921
-1,2013-10-31,RELINFRA,395.5214,0.165452
-1,2013-11-30,RELINFRA,394.1932,-0.003358
-1,2013-12-31,RELINFRA,389.9797,-0.010689
-1,2014-01-31,RELINFRA,341.112,-0.125308
-1,2014-02-28,RELINFRA,332.4101,-0.02551
-1,2014-03-31,RELINFRA,397.216,0.194958
-1,2014-04-30,RELINFRA,465.8689,0.172835
-1,2014-05-31,RELINFRA,632.761,0.358238
-1,2014-06-30,RELINFRA,708.5128,0.119716
-1,2014-07-31,RELINFRA,679.1097,-0.0415
-1,2014-08-31,RELINFRA,640.5468,-0.056784
-1,2014-09-30,RELINFRA,536.2622,-0.162806
-1,2014-10-31,RELINFRA,590.4041,0.100962
-1,2014-11-30,RELINFRA,564.831,-0.043315
-1,2014-12-31,RELINFRA,474.445,-0.160023
-1,2015-01-31,RELINFRA,470.9241,-0.007421
-1,2015-02-28,RELINFRA,438.4482,-0.068962
-1,2015-03-31,RELINFRA,401.9417,-0.083263
13904,2015-04-30,RELINFRA,414.5,0.031244
13905,2015-05-31,RELINFRA,409.35,-0.012425
13906,2015-06-30,RELINFRA,388.45,-0.051057
13907,2015-07-31,RELINFRA,414.6,0.067319
13908,2015-08-31,RELINFRA,341.55,-0.176194
13909,2015-09-30,RELINFRA,347.9,0.018592
13910,2015-10-31,RELINFRA,396.45,0.139552
13911,2015-11-30,RELINFRA,452.05,0.140245
13912,2015-12-31,RELINFRA,543.95,0.203296
13913,2016-01-31,RELINFRA,471.2,-0.133744
13914,2016-02-29,RELINFRA,409.85,-0.130199
13915,2016-03-31,RELINFRA,533.6,0.30194
13916,2016-04-30,RELINFRA,538.55,0.009277
13917,2016-05-31,RELINFRA,538.1,-0.000836
13918,2016-06-30,RELINFRA,545.75,0.014217
13919,2016-07-31,RELINFRA,607.1,0.112414
13920,2016-08-31,RELINFRA,596.65,-0.017213
13921,2016-09-30,RELINFRA,551.25,-0.076092
13922,2016-10-31,RELINFRA,540.1,-0.020227
13923,2016-11-30,RELINFRA,480.15,-0.110998
13924,2016-12-31,RELINFRA,467.2,-0.026971
13925,2017-01-31,RELINFRA,514.7,0.10167
13926,2017-02-28,RELINFRA,567.65,0.102875
13927,2017-03-31,RELINFRA,568.65,0.001762
13928,2017-04-30,RELINFRA,596.25,0.048536
13929,2017-05-31,RELINFRA,478.9,-0.196813
13930,2017-06-30,RELINFRA,497.45,0.038735
13931,2017-07-31,RELINFRA,528.65,0.06272
13932,2017-08-31,RELINFRA,509.25,-0.036697
13933,2017-09-30,RELINFRA,465.05,-0.086794
13934,2017-10-31,RELINFRA,502.75,0.081067
13935,2017-11-30,RELINFRA,439.95,-0.124913
13936,2017-12-31,RELINFRA,553.85,0.258893
13937,2018-01-31,RELINFRA,496.35,-0.103819
13938,2018-02-28,RELINFRA,455.6,-0.082099
13939,2018-03-31,RELINFRA,427.5,-0.061677
13940,2018-04-30,RELINFRA,451.2,0.055439
13941,2018-05-31,RELINFRA,434.75,-0.036458
13942,2018-06-30,RELINFRA,391.75,-0.098907
13943,2018-07-31,RELINFRA,398.95,0.018379
13944,2018-08-31,RELINFRA,477.95,0.19802
13945,2018-09-30,RELINFRA,300.2,-0.371901
13946,2018-10-31,RELINFRA,358.65,0.194704
13947,2018-11-30,RELINFRA,331.3,-0.076258
13948,2018-12-31,RELINFRA,316.2,-0.045578
13949,2019-01-31,RELINFRA,268.95,-0.149431
13950,2019-02-28,RELINFRA,122.8,-0.54341
13951,2019-03-31,RELINFRA,137.0,0.115635
13952,2019-04-30,RELINFRA,107.9,-0.212409
13953,2019-05-31,RELINFRA,104.0,-0.036145
13954,2019-06-30,RELINFRA,55.6,-0.465385
13955,2019-07-31,RELINFRA,47.15,-0.151978
13956,2019-08-31,RELINFRA,38.85,-0.176034
13957,2019-09-30,RELINFRA,29.3,-0.245817
13958,2019-10-31,RELINFRA,35.0,0.194539
13959,2019-11-30,RELINFRA,26.4,-0.245714
13960,2019-12-31,RELINFRA,29.4,0.113636
13961,2020-01-31,RELINFRA,21.85,-0.256803
13962,2020-02-29,RELINFRA,18.75,-0.141876
13963,2020-03-31,RELINFRA,10.2,-0.456
13964,2020-04-30,RELINFRA,22.25,1.181373
13965,2020-05-31,RELINFRA,16.75,-0.247191
13966,2020-06-30,RELINFRA,38.7,1.310448
13967,2020-07-31,RELINFRA,27.85,-0.280362
13968,2020-08-31,RELINFRA,28.45,0.021544
13969,2020-09-30,RELINFRA,22.5,-0.209139
13970,2020-10-31,RELINFRA,20.25,-0.1
13971,2020-11-30,RELINFRA,21.35,0.054321
13972,2020-12-31,RELINFRA,26.85,0.257611
13973,2021-01-31,RELINFRA,27.7,0.031657
13974,2021-02-28,RELINFRA,30.85,0.113718
13975,2021-03-31,RELINFRA,35.1,0.137763
13976,2021-04-30,RELINFRA,42.4,0.207977
13977,2021-05-31,RELINFRA,63.35,0.494104
13978,2021-06-30,RELINFRA,88.0,0.389108
13979,2021-07-31,RELINFRA,76.55,-0.130114
13980,2021-08-31,RELINFRA,67.45,-0.118877
13981,2021-09-30,RELINFRA,102.45,0.518903
13982,2021-10-31,RELINFRA,84.75,-0.172767
13983,2021-11-30,RELINFRA,84.2,-0.00649
13984,2021-12-31,RELINFRA,96.0,0.140143
13985,2022-01-31,RELINFRA,107.05,0.115104
-1,2008-02-29,RPOWER,263.8943,
-1,2008-03-31,RPOWER,194.7063,-0.262181
-1,2008-04-30,RPOWER,241.6378,0.241037
-1,2008-05-31,RPOWER,228.1614,-0.055771
-1,2008-06-30,RPOWER,133.8697,-0.413268
-1,2008-07-31,RPOWER,162.2307,0.211855
-1,2008-08-31,RPOWER,154.1486,-0.049819
-1,2008-09-30,RPOWER,150.181,-0.025739
-1,2008-10-31,RPOWER,100.3166,-0.332029
-1,2008-11-30,RPOWER,108.2518,0.079102
-1,2008-12-31,RPOWER,117.5095,0.08552
-1,2009-01-31,RPOWER,104.2352,-0.112964
-1,2009-02-28,RPOWER,97.9164,-0.060621
-1,2009-03-31,RPOWER,100.2676,0.024012
-1,2009-04-30,RPOWER,121.6241,0.212995
-1,2009-05-31,RPOWER,177.2194,0.457108
-1,2009-06-30,RPOWER,164.0921,-0.074074
-1,2009-07-31,RPOWER,164.7778,0.004179
-1,2009-08-31,RPOWER,158.1162,-0.040428
-1,2009-09-30,RPOWER,164.435,0.039963
-1,2009-10-31,RPOWER,135.6331,-0.175157
-1,2009-11-30,RPOWER,139.8946,0.031419
-1,2009-12-31,RPOWER,151.9444,0.086135
-1,2010-01-31,RPOWER,142.9805,-0.058995
-1,2010-02-28,RPOWER,135.2902,-0.053786
-1,2010-03-31,RPOWER,146.4093,0.082187
-1,2010-04-30,RPOWER,159.5367,0.089662
-1,2010-05-31,RPOWER,153.1199,-0.040221
-1,2010-06-30,RPOWER,167.9127,0.096609
-1,2010-07-31,RPOWER,160.4673,-0.044341
-1,2010-08-31,RPOWER,149.2013,-0.070207
-1,2010-09-30,RPOWER,157.5284,0.055811
-1,2010-10-31,RPOWER,153.8547,-0.023321
-1,2010-11-30,RPOWER,156.9406,0.020057
-1,2010-12-31,RPOWER,154.9323,-0.012797
-1,2011-01-31,RPOWER,132.3513,-0.145748
-1,2011-02-28,RPOWER,108.1048,-0.183198
-1,2011-03-31,RPOWER,127.7469,0.181695
-1,2011-04-30,RPOWER,128.0408,0.002301
-1,2011-05-31,RPOWER,115.5992,-0.097169
-1,2011-06-30,RPOWER,113.5419,-0.017797
-1,2011-07-31,RPOWER,109.6723,-0.034081
-1,2011-08-31,RPOWER,83.1236,-0.242073
-1,2011-09-30,RPOWER,75.1885,-0.095461
-1,2011-10-31,RPOWER,93.557,0.244299
-1,2011-11-30,RPOWER,83.7114,-0.105236
-1,2011-12-31,RPOWER,69.5065,-0.169689
-1,2012-01-31,RPOWER,99.092,0.425651
-1,2012-02-29,RPOWER,117.0197,0.18092
-1,2012-03-31,RPOWER,114.7665,-0.019255
-1,2012-04-30,RPOWER,104.872,-0.086214
-1,2012-05-31,RPOWER,91.6956,-0.125643
-1,2012-06-30,RPOWER,104.676,0.14156
-1,2012-07-31,RPOWER,89.3934,-0.145999
-1,2012-08-31,RPOWER,74.6496,-0.164932
-1,2012-09-30,RPOWER,96.202,0.288714
-1,2012-10-31,RPOWER,90.569,-0.058554
-1,2012-11-30,RPOWER,95.2224,0.05138
-1,2012-12-31,RPOWER,91.4507,-0.039609
-1,2013-01-31,RPOWER,90.3731,-0.011783
-1,2013-02-28,RPOWER,70.4371,-0.220597
-1,2013-03-31,RPOWER,60.2487,-0.144645
-1,2013-04-30,RPOWER,69.8983,0.160163
-1,2013-05-31,RPOWER,67.4492,-0.035038
-1,2013-06-30,RPOWER,63.2857,-0.061728
-1,2013-07-31,RPOWER,71.5148,0.130031
-1,2013-08-31,RPOWER,66.3226,-0.072603
-1,2013-09-30,RPOWER,66.0777,-0.003693
-1,2013-10-31,RPOWER,71.6617,0.084507
-1,2013-11-30,RPOWER,70.4371,-0.017089
-1,2013-12-31,RPOWER,71.7107,0.018081
-1,2014-01-31,RPOWER,60.8365,-0.15164
-1,2014-02-28,RPOWER,60.6406,-0.00322
-1,2014-03-31,RPOWER,69.2126,0.141357
-1,2014-04-30,RPOWER,67.0573,-0.03114
-1,2014-05-31,RPOWER,92.7243,0.382762
-1,2014-06-30,RPOWER,106.1455,0.144743
-1,2014-07-31,RPOWER,90.618,-0.146285
-1,2014-08-31,RPOWER,73.0332,-0.194054
-1,2014-09-30,RPOWER,68.8697,-0.057008
-1,2014-10-31,RPOWER,74.7966,0.08606
-1,2014-11-30,RPOWER,66.3226,-0.113294
-1,2014-12-31,RPOWER,60.4936,-0.087889
-1,2015-01-31,RPOWER,63.7755,0.054252
-1,2015-02-28,RPOWER,62.7468,-0.01613
-1,2015-03-31,RPOWER,55.3505,-0.117875
13576,2015-04-30,RPOWER,56.65,0.023478
13577,2015-05-31,RPOWER,52.85,-0.067079
13578,2015-06-30,RPOWER,44.85,-0.151372
13579,2015-07-31,RPOWER,42.65,-0.049052
13580,2015-08-31,RPOWER,37.5,-0.12075
13581,2015-09-30,RPOWER,43.0,0.146667
13582,2015-10-31,RPOWER,50.45,0.173256
13583,2015-11-30,RPOWER,52.55,0.041625
13584,2015-12-31,RPOWER,56.8,0.080875
13585,2016-01-31,RPOWER,50.7,-0.107394
13586,2016-02-29,RPOWER,44.5,-0.122288
13587,2016-03-31,RPOWER,49.4,0.110112
13588,2016-04-30,RPOWER,50.95,0.031377
13589,2016-05-31,RPOWER,52.0,0.020608
13590,2016-06-30,RPOWER,51.35,-0.0125
13591,2016-07-31,RPOWER,54.35,0.058423
13592,2016-08-31,RPOWER,53.25,-0.020239
13593,2016-09-30,RPOWER,47.65,-0.105164
13594,2016-10-31,RPOWER,46.95,-0.01469
13595,2016-11-30,RPOWER,41.7,-0.111821
13596,2016-12-31,RPOWER,41.2,-0.01199
13597,2017-01-31,RPOWER,44.8,0.087379
13598,2017-02-28,RPOWER,47.5,0.060268
13599,2017-03-31,RPOWER,48.1,0.012632
13600,2017-04-30,RPOWER,48.9,0.016632
13601,2017-05-31,RPOWER,41.3,-0.155419
13602,2017-06-30,RPOWER,42.55,0.030266
13603,2017-07-31,RPOWER,45.35,0.065805
13604,2017-08-31,RPOWER,40.45,-0.108049
13605,2017-09-30,RPOWER,41.1,0.016069
13606,2017-10-31,RPOWER,40.8,-0.007299
13607,2017-11-30,RPOWER,38.0,-0.068627
13608,2017-12-31,RPOWER,50.25,0.322368
13609,2018-01-31,RPOWER,45.75,-0.089552
13610,2018-02-28,RPOWER,44.7,-0.022951
13611,2018-03-31,RPOWER,36.1,-0.192394
13612,2018-04-30,RPOWER,37.0,0.024931
13613,2018-05-31,RPOWER,36.4,-0.016216
13614,2018-06-30,RPOWER,32.0,-0.120879
13615,2018-07-31,RPOWER,33.5,0.046875
13616,2018-08-31,RPOWER,37.75,0.126866
13617,2018-09-30,RPOWER,26.1,-0.308609
13618,2018-10-31,RPOWER,30.2,0.157088
13619,2018-11-30,RPOWER,29.15,-0.034768
13620,2018-12-31,RPOWER,28.65,-0.017153
13621,2019-01-31,RPOWER,26.5,-0.075044
13622,2019-02-28,RPOWER,10.75,-0.59434
13623,2019-03-31,RPOWER,11.35,0.055814
13624,2019-04-30,RPOWER,6.05,-0.46696
13625,2019-05-31,RPOWER,7.45,0.231405
13626,2019-06-30,RPOWER,4.15,-0.442953
13627,2019-07-31,RPOWER,3.55,-0.144578
13628,2019-08-31,RPOWER,3.25,-0.084507
13629,2019-09-30,RPOWER,2.2,-0.323077
13630,2019-10-31,RPOWER,3.35,0.522727
13631,2019-11-30,RPOWER,3.65,0.089552
13632,2019-12-31,RPOWER,3.5,-0.041096
13633,2020-01-31,RPOWER,1.75,-0.5
13634,2020-02-29,RPOWER,1.75,0.0
13635,2020-03-31,RPOWER,1.25,-0.285714
13636,2020-04-30,RPOWER,2.3,0.84
13637,2020-05-31,RPOWER,1.9,-0.173913
13638,2020-06-30,RPOWER,4.25,1.236842
13639,2020-07-31,RPOWER,3.3,-0.223529
13640,2020-08-31,RPOWER,3.4,0.030303
13641,2020-09-30,RPOWER,2.75,-0.191176
13642,2020-10-31,RPOWER,3.5,0.272727
13643,2020-11-30,RPOWER,3.1,-0.114286
13644,2020-12-31,RPOWER,3.4,0.096774
13645,2021-01-31,RPOWER,3.3,-0.029412
13646,2021-02-28,RPOWER,4.25,0.287879
13647,2021-03-31,RPOWER,4.35,0.023529
13648,2021-04-30,RPOWER,4.85,0.114943
13649,2021-05-31,RPOWER,8.65,0.783505
13650,2021-06-30,RPOWER,15.0,0.734104
13651,2021-07-31,RPOWER,12.05,-0.196667
13652,2021-08-31,RPOWER,11.4,-0.053942
13653,2021-09-30,RPOWER,13.65,0.197368
13654,2021-10-31,RPOWER,14.1,0.032967
13655,2021-11-30,RPOWER,12.9,-0.085106
13656,2021-12-31,RPOWER,13.6,0.054264
13657,2022-01-31,RPOWER,15.35,0.128676
-1,2006-01-31,SAIL,36.558,
-1,2006-02-28,SAIL,41.4324,0.133333
-1,2006-03-31,SAIL,55.269,0.333956
-1,2006-04-30,SAIL,55.834,0.010223
-1,2006-05-31,SAIL,52.8429,-0.053571
-1,2006-06-30,SAIL,54.0061,0.022012
-1,2006-07-31,SAIL,46.6945,-0.135385
-1,2006-08-31,SAIL,48.0904,0.029894
-1,2006-09-30,SAIL,52.3284,0.088126
-1,2006-10-31,SAIL,57.9673,0.10776
-1,2006-11-30,SAIL,59.0414,0.018529
-1,2006-12-31,SAIL,59.7799,0.012508
-1,2007-01-31,SAIL,72.6018,0.214485
-1,2007-02-28,SAIL,73.0046,0.005548
-1,2007-03-31,SAIL,77.8826,0.066818
-1,2007-04-30,SAIL,88.887,0.141295
-1,2007-05-31,SAIL,95.5987,0.075508
-1,2007-06-30,SAIL,89.1936,-0.067
-1,2007-07-31,SAIL,102.4466,0.148587
-1,2007-08-31,SAIL,114.7456,0.120053
-1,2007-09-30,SAIL,142.631,0.243019
-1,2007-10-31,SAIL,179.7089,0.259957
-1,2007-11-30,SAIL,178.0564,-0.009195
-1,2007-12-31,SAIL,195.924,0.100348
-1,2008-01-31,SAIL,147.8984,-0.245124
-1,2008-02-29,SAIL,175.199,0.18459
-1,2008-03-31,SAIL,128.7251,-0.265264
-1,2008-04-30,SAIL,128.4819,-0.001889
-1,2008-05-31,SAIL,112.5389,-0.124088
-1,2008-06-30,SAIL,96.9085,-0.138889
-1,2008-07-31,SAIL,97.7074,0.008244
-1,2008-08-31,SAIL,109.8964,0.12475
-1,2008-09-30,SAIL,89.9024,-0.181935
-1,2008-10-31,SAIL,59.5595,-0.337509
-1,2008-11-30,SAIL,46.9225,-0.212174
-1,2008-12-31,SAIL,54.561,0.16279
-1,2009-01-31,SAIL,58.4683,0.071613
-1,2009-02-28,SAIL,54.4246,-0.069161
-1,2009-03-31,SAIL,69.0237,0.268245
-1,2009-04-30,SAIL,78.1481,0.132192
-1,2009-05-31,SAIL,123.5914,0.581502
-1,2009-06-30,SAIL,108.1693,-0.124783
-1,2009-07-31,SAIL,125.4521,0.159775
-1,2009-08-31,SAIL,117.2956,-0.065017
-1,2009-09-30,SAIL,123.2451,0.050722
-1,2009-10-31,SAIL,118.6658,-0.037156
-1,2009-11-30,SAIL,142.1754,0.198116
-1,2009-12-31,SAIL,174.3028,0.22597
-1,2010-01-31,SAIL,154.6874,-0.112536
-1,2010-02-28,SAIL,157.572,0.018648
-1,2010-03-31,SAIL,183.496,0.164522
-1,2010-04-30,SAIL,158.6109,-0.135617
-1,2010-05-31,SAIL,150.0373,-0.054054
-1,2010-06-30,SAIL,140.0107,-0.066827
-1,2010-07-31,SAIL,148.2209,0.05864
-1,2010-08-31,SAIL,136.766,-0.077283
-1,2010-09-30,SAIL,150.2449,0.098554
-1,2010-10-31,SAIL,142.2235,-0.053389
-1,2010-11-30,SAIL,129.404,-0.090136
-1,2010-12-31,SAIL,133.6894,0.033116
-1,2011-01-31,SAIL,117.8664,-0.118356
-1,2011-02-28,SAIL,112.6096,-0.0446
-1,2011-03-31,SAIL,125.1955,0.111766
-1,2011-04-30,SAIL,117.5923,-0.060731
-1,2011-05-31,SAIL,103.7883,-0.117389
-1,2011-06-30,SAIL,101.4999,-0.022049
-1,2011-07-31,SAIL,93.2692,-0.081091
-1,2011-08-31,SAIL,79.6498,-0.146022
-1,2011-09-30,SAIL,78.8709,-0.009779
-1,2011-10-31,SAIL,83.7607,0.061998
-1,2011-11-30,SAIL,59.8717,-0.285205
-1,2011-12-31,SAIL,60.8422,0.01621
-1,2012-01-31,SAIL,75.8848,0.24724
-1,2012-02-29,SAIL,77.0046,0.014757
-1,2012-03-31,SAIL,71.1322,-0.07626
-1,2012-04-30,SAIL,71.4719,0.004776
-1,2012-05-31,SAIL,71.9624,0.006863
-1,2012-06-30,SAIL,68.3775,-0.049816
-1,2012-07-31,SAIL,64.7549,-0.052979
-1,2012-08-31,SAIL,59.019,-0.088579
-1,2012-09-30,SAIL,65.092,0.102899
-1,2012-10-31,SAIL,61.1309,-0.060854
-1,2012-11-30,SAIL,61.5499,0.006854
-1,2012-12-31,SAIL,69.0532,0.121906
-1,2013-01-31,SAIL,65.9681,-0.044677
-1,2013-02-28,SAIL,54.0085,-0.181294
-1,2013-03-31,SAIL,48.6509,-0.099199
-1,2013-04-30,SAIL,47.9509,-0.014388
-1,2013-05-31,SAIL,43.7119,-0.088403
-1,2013-06-30,SAIL,39.473,-0.096974
-1,2013-07-31,SAIL,32.434,-0.178324
-1,2013-08-31,SAIL,35.9729,0.109111
-1,2013-09-30,SAIL,39.2302,0.090549
-1,2013-10-31,SAIL,48.4586,0.235237
-1,2013-11-30,SAIL,53.4458,0.102917
-1,2013-12-31,SAIL,56.9015,0.064658
-1,2014-01-31,SAIL,50.3828,-0.114561
-1,2014-02-28,SAIL,43.7462,-0.131724
-1,2014-03-31,SAIL,58.0238,0.326373
-1,2014-04-30,SAIL,54.8138,-0.055322
-1,2014-05-31,SAIL,71.1077,0.297259
-1,2014-06-30,SAIL,77.162,0.085143
-1,2014-07-31,SAIL,71.3921,-0.074776
-1,2014-08-31,SAIL,65.866,-0.077405
-1,2014-09-30,SAIL,56.5611,-0.14127
-1,2014-10-31,SAIL,67.5319,0.193964
-1,2014-11-30,SAIL,72.3673,0.071602
-1,2014-12-31,SAIL,67.085,-0.072993
-1,2015-01-31,SAIL,62.6966,-0.065416
-1,2015-02-28,SAIL,57.1299,-0.088788
-1,2015-03-31,SAIL,56.0827,-0.01833
12846,2015-04-30,SAIL,69.45,0.23835
12847,2015-05-31,SAIL,65.9,-0.051116
12848,2015-06-30,SAIL,61.45,-0.067527
12849,2015-07-31,SAIL,56.2,-0.085435
12850,2015-08-31,SAIL,49.75,-0.114769
12851,2015-09-30,SAIL,51.35,0.032161
12852,2015-10-31,SAIL,53.35,0.038948
12853,2015-11-30,SAIL,45.7,-0.143393
12854,2015-12-31,SAIL,48.35,0.057987
12855,2016-01-31,SAIL,42.8,-0.114788
12856,2016-02-29,SAIL,34.9,-0.184579
12857,2016-03-31,SAIL,43.1,0.234957
12858,2016-04-30,SAIL,47.4,0.099768
12859,2016-05-31,SAIL,42.8,-0.097046
12860,2016-06-30,SAIL,45.35,0.059579
12861,2016-07-31,SAIL,46.95,0.035281
12862,2016-08-31,SAIL,48.2,0.026624
12863,2016-09-30,SAIL,46.3,-0.039419
12864,2016-10-31,SAIL,51.95,0.12203
12865,2016-11-30,SAIL,51.2,-0.014437
12866,2016-12-31,SAIL,49.3,-0.037109
12867,2017-01-31,SAIL,63.55,0.289047
12868,2017-02-28,SAIL,61.2,-0.036979
12869,2017-03-31,SAIL,61.3,0.001634
12870,2017-04-30,SAIL,60.35,-0.015498
12871,2017-05-31,SAIL,57.15,-0.053024
12872,2017-06-30,SAIL,58.35,0.020997
12873,2017-07-31,SAIL,63.25,0.083976
12874,2017-08-31,SAIL,60.8,-0.038735
12875,2017-09-30,SAIL,53.65,-0.117599
12876,2017-10-31,SAIL,78.0,0.453868
12877,2017-11-30,SAIL,76.8,-0.015385
12878,2017-12-31,SAIL,92.15,0.19987
12879,2018-01-31,SAIL,88.9,-0.035269
12880,2018-02-28,SAIL,83.2,-0.064117
12881,2018-03-31,SAIL,70.2,-0.15625
12882,2018-04-30,SAIL,77.65,0.106125
12883,2018-05-31,SAIL,75.95,-0.021893
12884,2018-06-30,SAIL,83.0,0.092824
12885,2018-07-31,SAIL,77.5,-0.066265
12886,2018-08-31,SAIL,79.85,0.030323
12887,2018-09-30,SAIL,68.25,-0.145272
12888,2018-10-31,SAIL,64.45,-0.055678
12889,2018-11-30,SAIL,55.3,-0.141971
12890,2018-12-31,SAIL,56.35,0.018987
12891,2019-01-31,SAIL,47.0,-0.165927
12892,2019-02-28,SAIL,48.25,0.026596
12893,2019-03-31,SAIL,53.75,0.11399
12894,2019-04-30,SAIL,55.8,0.03814
12895,2019-05-31,SAIL,50.15,-0.101254
12896,2019-06-30,SAIL,50.75,0.011964
12897,2019-07-31,SAIL,42.75,-0.157635
12898,2019-08-31,SAIL,31.2,-0.270175
12899,2019-09-30,SAIL,33.45,0.072115
12900,2019-10-31,SAIL,36.6,0.09417
12901,2019-11-30,SAIL,39.35,0.075137
12902,2019-12-31,SAIL,42.9,0.090216
12903,2020-01-31,SAIL,46.5,0.083916
12904,2020-02-29,SAIL,35.55,-0.235484
12905,2020-03-31,SAIL,23.05,-0.351617
12906,2020-04-30,SAIL,31.85,0.381779
12907,2020-05-31,SAIL,30.15,-0.053375
12908,2020-06-30,SAIL,30.4,0.008292
12909,2020-07-31,SAIL,34.0,0.118421
12910,2020-08-31,SAIL,38.5,0.132353
12911,2020-09-30,SAIL,33.75,-0.123377
12912,2020-10-31,SAIL,34.35,0.017778
12913,2020-11-30,SAIL,48.45,0.41048
12914,2020-12-31,SAIL,74.1,0.529412
12915,2021-01-31,SAIL,57.65,-0.221997
12916,2021-02-28,SAIL,76.55,0.32784
12917,2021-03-31,SAIL,78.8,0.029393
12918,2021-04-30,SAIL,119.5,0.516497
12919,2021-05-31,SAIL,126.6,0.059414
12920,2021-06-30,SAIL,130.6,0.031596
12921,2021-07-31,SAIL,142.05,0.087672
12922,2021-08-31,SAIL,121.6,-0.143963
12923,2021-09-30,SAIL,113.65,-0.065378
12924,2021-10-31,SAIL,115.1,0.012758
12925,2021-11-30,SAIL,100.05,-0.130756
12926,2021-12-31,SAIL,107.2,0.071464
12927,2022-01-31,SAIL,105.8,-0.01306
10291,2017-10-31,SBILIFE,656.85,
10292,2017-11-30,SBILIFE,655.5,-0.002055
10293,2017-12-31,SBILIFE,695.25,0.060641
10294,2018-01-31,SBILIFE,660.0,-0.050701
10295,2018-02-28,SBILIFE,692.0,0.048485
10296,2018-03-31,SBILIFE,681.0,-0.015896
10297,2018-04-30,SBILIFE,741.0,0.088106
10298,2018-05-31,SBILIFE,689.4,-0.069636
10299,2018-06-30,SBILIFE,675.3,-0.020453
10300,2018-07-31,SBILIFE,689.75,0.021398
10301,2018-08-31,SBILIFE,675.0,-0.021385
10302,2018-09-30,SBILIFE,512.9,-0.240148
10303,2018-10-31,SBILIFE,565.0,0.101579
10304,2018-11-30,SBILIFE,570.0,0.00885
10305,2018-12-31,SBILIFE,595.2,0.044211
10306,2019-01-31,SBILIFE,595.0,-0.000336
10307,2019-02-28,SBILIFE,581.0,-0.023529
10308,2019-03-31,SBILIFE,582.9,0.00327
10309,2019-04-30,SBILIFE,639.95,0.097873
10310,2019-05-31,SBILIFE,695.8,0.087272
10311,2019-06-30,SBILIFE,721.15,0.036433
10312,2019-07-31,SBILIFE,796.8,0.104902
10313,2019-08-31,SBILIFE,840.0,0.054217
10314,2019-09-30,SBILIFE,843.0,0.003571
10315,2019-10-31,SBILIFE,993.05,0.177995
10316,2019-11-30,SBILIFE,959.25,-0.034037
10317,2019-12-31,SBILIFE,961.1,0.001929
10318,2020-01-31,SBILIFE,993.55,0.033763
10319,2020-02-29,SBILIFE,886.5,-0.107745
10320,2020-03-31,SBILIFE,652.0,-0.264523
10321,2020-04-30,SBILIFE,726.0,0.113497
10322,2020-05-31,SBILIFE,766.0,0.055096
10323,2020-06-30,SBILIFE,808.0,0.05483
10324,2020-07-31,SBILIFE,912.0,0.128713
10325,2020-08-31,SBILIFE,828.85,-0.091173
10326,2020-09-30,SBILIFE,808.1,-0.025035
10327,2020-10-31,SBILIFE,771.0,-0.04591
10328,2020-11-30,SBILIFE,849.1,0.101297
10329,2020-12-31,SBILIFE,903.0,0.063479
10330,2021-01-31,SBILIFE,865.0,-0.042082
10331,2021-02-28,SBILIFE,860.5,-0.005202
10332,2021-03-31,SBILIFE,878.65,0.021092
10333,2021-04-30,SBILIFE,929.0,0.057304
10334,2021-05-31,SBILIFE,975.1,0.049623
10335,2021-06-30,SBILIFE,1007.15,0.032868
10336,2021-07-31,SBILIFE,1110.95,0.103063
10337,2021-08-31,SBILIFE,1191.0,0.072055
10338,2021-09-30,SBILIFE,1209.6,0.015617
10339,2021-10-31,SBILIFE,1145.0,-0.053406
10340,2021-11-30,SBILIFE,1151.0,0.00524
10341,2021-12-31,SBILIFE,1195.0,0.038228
10342,2022-01-31,SBILIFE,1237.05,0.035188
10343,2022-02-28,SBILIFE,1060.95,-0.142355
10344,2022-03-31,SBILIFE,1119.0,0.054715
10345,2022-04-30,SBILIFE,1104.55,-0.012913
10346,2022-05-31,SBILIFE,1170.1,0.059345
10347,2022-06-30,SBILIFE,1074.75,-0.081489
10348,2022-07-31,SBILIFE,1294.0,0.204001
10349,2022-08-31,SBILIFE,1330.0,0.027821
10350,2022-09-30,SBILIFE,1250.0,-0.06015
10351,2022-10-31,SBILIFE,1265.95,0.01276
10352,2022-11-30,SBILIFE,1289.05,0.018247
10353,2022-12-31,SBILIFE,1233.5,-0.043094
10354,2023-01-31,SBILIFE,1220.0,-0.010944
10355,2023-02-28,SBILIFE,1116.35,-0.084959
10356,2023-03-31,SBILIFE,1100.0,-0.014646
10357,2023-04-30,SBILIFE,1140.0,0.036364
10358,2023-05-31,SBILIFE,1238.0,0.085965
10359,2023-06-30,SBILIFE,1309.95,0.058118
10360,2023-07-31,SBILIFE,1280.35,-0.022596
10361,2023-08-31,SBILIFE,1298.0,0.013785
10362,2023-09-30,SBILIFE,1310.0,0.009245
10363,2023-10-31,SBILIFE,1370.0,0.045802
10364,2023-11-30,SBILIFE,1434.1,0.046788
10365,2023-12-31,SBILIFE,1432.1,-0.001395
10366,2024-01-31,SBILIFE,1406.0,-0.018225
10367,2024-02-29,SBILIFE,1564.95,0.113051
10368,2024-03-31,SBILIFE,1509.15,-0.035656
10369,2024-04-30,SBILIFE,1437.0,-0.047808
10370,2024-05-31,SBILIFE,1388.9,-0.033473
10371,2024-06-30,SBILIFE,1491.0,0.073511
10372,2024-07-31,SBILIFE,1755.0,0.177062
10373,2024-08-31,SBILIFE,1854.7,0.056809
10374,2024-09-30,SBILIFE,1845.0,-0.00523
10375,2024-10-31,SBILIFE,1618.05,-0.123008
10376,2024-11-30,SBILIFE,1436.0,-0.112512
10377,2024-12-31,SBILIFE,1391.0,-0.031337
10378,2025-01-31,SBILIFE,1485.0,0.067577
10379,2025-02-28,SBILIFE,1429.65,-0.037273
10380,2025-03-31,SBILIFE,1550.0,0.084181
10381,2025-04-30,SBILIFE,1761.3,0.136323
10382,2025-05-31,SBILIFE,1809.0,0.027082
10383,2025-06-30,SBILIFE,1833.9,0.013765
10384,2025-07-31,SBILIFE,1840.0,0.003326
10385,2025-08-31,SBILIFE,1855.8,0.008587
-1,2006-01-31,SBIN,64.8748,
-1,2006-02-28,SBIN,64.2271,-0.009984
-1,2006-03-31,SBIN,70.8876,0.103702
-1,2006-04-30,SBIN,66.8327,-0.057202
-1,2006-05-31,SBIN,60.9444,-0.088105
-1,2006-06-30,SBIN,53.2664,-0.125984
-1,2006-07-31,SBIN,60.4076,0.134066
-1,2006-08-31,SBIN,69.4287,0.149337
-1,2006-09-30,SBIN,76.6903,0.104591
-1,2006-10-31,SBIN,81.6855,0.065135
-1,2006-11-30,SBIN,98.1918,0.202071
-1,2006-12-31,SBIN,92.8649,-0.05425
-1,2007-01-31,SBIN,85.0255,-0.084417
-1,2007-02-28,SBIN,77.6744,-0.086458
-1,2007-03-31,SBIN,74.1405,-0.045496
-1,2007-04-30,SBIN,82.1514,0.10805
-1,2007-05-31,SBIN,100.9205,0.22847
-1,2007-06-30,SBIN,113.755,0.127174
-1,2007-07-31,SBIN,122.3507,0.075563
-1,2007-08-31,SBIN,120.5801,-0.014472
-1,2007-09-30,SBIN,146.6122,0.215891
-1,2007-10-31,SBIN,155.8307,0.062877
-1,2007-11-30,SBIN,173.4768,0.113239
-1,2007-12-31,SBIN,178.6568,0.02986
-1,2008-01-31,SBIN,173.0765,-0.031235
-1,2008-02-29,SBIN,168.6285,-0.0257
-1,2008-03-31,SBIN,127.79,-0.24218
-1,2008-04-30,SBIN,141.7169,0.108983
-1,2008-05-31,SBIN,115.3923,-0.185755
-1,2008-06-30,SBIN,90.0443,-0.219668
-1,2008-07-31,SBIN,114.8033,0.274965
-1,2008-08-31,SBIN,113.7178,-0.009455
-1,2008-09-30,SBIN,118.5376,0.042384
-1,2008-10-31,SBIN,89.8904,-0.241672
-1,2008-11-30,SBIN,88.1772,-0.019059
-1,2008-12-31,SBIN,104.3982,0.183959
-1,2009-01-31,SBIN,93.2359,-0.10692
-1,2009-02-28,SBIN,83.0536,-0.10921
-1,2009-03-31,SBIN,86.4396,0.040769
-1,2009-04-30,SBIN,103.572,0.198201
-1,2009-05-31,SBIN,151.3848,0.461638
-1,2009-06-30,SBIN,141.3767,-0.06611
-1,2009-07-31,SBIN,149.2047,0.05537
-1,2009-08-31,SBIN,143.5426,-0.037949
-1,2009-09-30,SBIN,180.7728,0.259367
-1,2009-10-31,SBIN,180.4516,-0.001777
-1,2009-11-30,SBIN,184.446,0.022136
-1,2009-12-31,SBIN,186.8714,0.01315
-1,2010-01-31,SBIN,169.3785,-0.093609
-1,2010-02-28,SBIN,162.6004,-0.040017
-1,2010-03-31,SBIN,172.0406,0.058058
-1,2010-04-30,SBIN,190.46,0.107064
-1,2010-05-31,SBIN,187.8192,-0.013865
-1,2010-06-30,SBIN,190.5676,0.014633
-1,2010-07-31,SBIN,209.0293,0.096877
-1,2010-08-31,SBIN,231.0355,0.105278
-1,2010-09-30,SBIN,270.6257,0.17136
-1,2010-10-31,SBIN,263.1219,-0.027728
-1,2010-11-30,SBIN,249.8931,-0.050276
-1,2010-12-31,SBIN,234.8354,-0.060257
-1,2011-01-31,SBIN,220.6797,-0.060279
-1,2011-02-28,SBIN,219.6817,-0.004522
-1,2011-03-31,SBIN,230.9436,0.051265
-1,2011-04-30,SBIN,234.2258,0.014212
-1,2011-05-31,SBIN,191.913,-0.18065
-1,2011-06-30,SBIN,203.4522,0.060127
-1,2011-07-31,SBIN,198.3885,-0.024889
-1,2011-08-31,SBIN,166.9989,-0.158223
-1,2011-09-30,SBIN,161.6898,-0.031791
-1,2011-10-31,SBIN,161.2879,-0.002486
-1,2011-11-30,SBIN,149.1171,-0.07546
-1,2011-12-31,SBIN,136.9843,-0.081364
-1,2012-01-31,SBIN,174.4275,0.273339
-1,2012-02-29,SBIN,190.1604,0.090197
-1,2012-03-31,SBIN,177.3676,-0.067274
-1,2012-04-30,SBIN,180.9,0.019916
-1,2012-05-31,SBIN,173.9579,-0.038375
-1,2012-06-30,SBIN,185.9982,0.069214
-1,2012-07-31,SBIN,172.7397,-0.071283
-1,2012-08-31,SBIN,158.288,-0.083662
-1,2012-09-30,SBIN,193.0281,0.219474
-1,2012-10-31,SBIN,181.7984,-0.058177
-1,2012-11-30,SBIN,186.9717,0.028456
-1,2012-12-31,SBIN,205.5112,0.099157
-1,2013-01-31,SBIN,210.0341,0.022008
-1,2013-02-28,SBIN,179.2699,-0.146472
-1,2013-03-31,SBIN,178.5678,-0.003916
-1,2013-04-30,SBIN,195.0698,0.092413
-1,2013-05-31,SBIN,176.3279,-0.096078
-1,2013-06-30,SBIN,171.6142,-0.026733
-1,2013-07-31,SBIN,150.0592,-0.125601
-1,2013-08-31,SBIN,133.4187,-0.110893
-1,2013-09-30,SBIN,141.8466,0.063169
-1,2013-10-31,SBIN,157.8196,0.112608
-1,2013-11-30,SBIN,159.8135,0.012634
-1,2013-12-31,SBIN,155.1625,-0.029103
-1,2014-01-31,SBIN,133.8491,-0.137362
-1,2014-02-28,SBIN,134.6747,0.006168
-1,2014-03-31,SBIN,168.4433,0.250742
-1,2014-04-30,SBIN,184.2091,0.093597
-1,2014-05-31,SBIN,225.2985,0.223058
-1,2014-06-30,SBIN,239.436,0.06275
-1,2014-07-31,SBIN,217.4199,-0.09195
-1,2014-08-31,SBIN,219.3319,0.008794
-1,2014-09-30,SBIN,217.9949,-0.006096
-1,2014-10-31,SBIN,240.9112,0.105123
-1,2014-11-30,SBIN,286.4764,0.189137
-1,2014-12-31,SBIN,277.9641,-0.029714
-1,2015-01-31,SBIN,275.3793,-0.009299
-1,2015-02-28,SBIN,267.3126,-0.029293
10386,2015-03-31,SBIN,266.05,-0.004723
10387,2015-04-30,SBIN,269.4,0.012592
10388,2015-05-31,SBIN,278.85,0.035078
10389,2015-06-30,SBIN,263.0,-0.056841
10390,2015-07-31,SBIN,269.25,0.023764
10391,2015-08-31,SBIN,247.0,-0.082637
10392,2015-09-30,SBIN,238.0,-0.036437
10393,2015-10-31,SBIN,237.3,-0.002941
10394,2015-11-30,SBIN,248.65,0.04783
10395,2015-12-31,SBIN,224.75,-0.096119
10396,2016-01-31,SBIN,179.55,-0.201112
10397,2016-02-29,SBIN,159.5,-0.111668
10398,2016-03-31,SBIN,194.05,0.216614
10399,2016-04-30,SBIN,188.9,-0.02654
10400,2016-05-31,SBIN,205.25,0.086554
10401,2016-06-30,SBIN,219.3,0.068453
10402,2016-07-31,SBIN,230.15,0.049476
10403,2016-08-31,SBIN,251.6,0.0932
10404,2016-09-30,SBIN,252.0,0.00159
10405,2016-10-31,SBIN,257.0,0.019841
10406,2016-11-30,SBIN,257.7,0.002724
10407,2016-12-31,SBIN,250.3,-0.028716
10408,2017-01-31,SBIN,260.0,0.038753
10409,2017-02-28,SBIN,269.0,0.034615
10410,2017-03-31,SBIN,293.3,0.090335
10411,2017-04-30,SBIN,289.4,-0.013297
10412,2017-05-31,SBIN,288.15,-0.004319
10413,2017-06-30,SBIN,273.55,-0.050668
10414,2017-07-31,SBIN,312.8,0.143484
10415,2017-08-31,SBIN,278.5,-0.109655
10416,2017-09-30,SBIN,254.35,-0.086715
10417,2017-10-31,SBIN,306.6,0.205426
10418,2017-11-30,SBIN,321.3,0.047945
10419,2017-12-31,SBIN,310.0,-0.03517
10420,2018-01-31,SBIN,314.6,0.014839
10421,2018-02-28,SBIN,267.95,-0.148284
10422,2018-03-31,SBIN,249.2,-0.069976
10423,2018-04-30,SBIN,246.05,-0.01264
10424,2018-05-31,SBIN,270.0,0.097338
10425,2018-06-30,SBIN,259.2,-0.04
10426,2018-07-31,SBIN,293.7,0.133102
10427,2018-08-31,SBIN,310.3,0.05652
10428,2018-09-30,SBIN,265.35,-0.14486
10429,2018-10-31,SBIN,280.75,0.058037
10430,2018-11-30,SBIN,284.05,0.011754
10431,2018-12-31,SBIN,295.8,0.041366
10432,2019-01-31,SBIN,294.7,-0.003719
10433,2019-02-28,SBIN,269.15,-0.086698
10434,2019-03-31,SBIN,320.55,0.190972
10435,2019-04-30,SBIN,311.35,-0.028701
10436,2019-05-31,SBIN,352.5,0.132166
10437,2019-06-30,SBIN,362.8,0.02922
10438,2019-07-31,SBIN,332.5,-0.083517
10439,2019-08-31,SBIN,273.5,-0.177444
10440,2019-09-30,SBIN,271.0,-0.009141
10441,2019-10-31,SBIN,313.1,0.155351
10442,2019-11-30,SBIN,341.9,0.091983
10443,2019-12-31,SBIN,333.6,-0.024276
10444,2020-01-31,SBIN,318.1,-0.046463
10445,2020-02-29,SBIN,304.75,-0.041968
10446,2020-03-31,SBIN,196.0,-0.35685
10447,2020-04-30,SBIN,190.05,-0.030357
10448,2020-05-31,SBIN,161.2,-0.151802
10449,2020-06-30,SBIN,179.1,0.111042
10450,2020-07-31,SBIN,191.1,0.067002
10451,2020-08-31,SBIN,211.9,0.108844
10452,2020-09-30,SBIN,185.1,-0.126475
10453,2020-10-31,SBIN,189.9,0.025932
10454,2020-11-30,SBIN,244.2,0.28594
10455,2020-12-31,SBIN,274.4,0.123669
10456,2021-01-31,SBIN,281.7,0.026603
10457,2021-02-28,SBIN,391.3,0.389066
10458,2021-03-31,SBIN,364.4,-0.068745
10459,2021-04-30,SBIN,352.2,-0.03348
10460,2021-05-31,SBIN,424.35,0.204855
10461,2021-06-30,SBIN,419.0,-0.012608
10462,2021-07-31,SBIN,432.2,0.031504
10463,2021-08-31,SBIN,425.7,-0.015039
10464,2021-09-30,SBIN,453.2,0.064599
10465,2021-10-31,SBIN,504.0,0.112092
10466,2021-11-30,SBIN,459.75,-0.087798
10467,2021-12-31,SBIN,460.1,0.000761
10468,2022-01-31,SBIN,538.0,0.169311
10469,2022-02-28,SBIN,483.7,-0.100929
10470,2022-03-31,SBIN,493.3,0.019847
10471,2022-04-30,SBIN,495.85,0.005169
10472,2022-05-31,SBIN,467.6,-0.056973
10473,2022-06-30,SBIN,465.5,-0.004491
10474,2022-07-31,SBIN,527.65,0.133512
10475,2022-08-31,SBIN,531.0,0.006349
10476,2022-09-30,SBIN,531.55,0.001036
10477,2022-10-31,SBIN,573.65,0.079202
10478,2022-11-30,SBIN,603.0,0.051164
10479,2022-12-31,SBIN,614.3,0.01874
10480,2023-01-31,SBIN,556.95,-0.093358
10481,2023-02-28,SBIN,522.45,-0.061945
10482,2023-03-31,SBIN,523.0,0.001053
10483,2023-04-30,SBIN,576.1,0.10153
10484,2023-05-31,SBIN,580.25,0.007204
10485,2023-06-30,SBIN,572.35,-0.013615
10486,2023-07-31,SBIN,619.0,0.081506
10487,2023-08-31,SBIN,562.15,-0.091842
10488,2023-09-30,SBIN,598.3,0.064307
10489,2023-10-31,SBIN,565.25,-0.05524
10490,2023-11-30,SBIN,565.15,-0.000177
10491,2023-12-31,SBIN,641.7,0.135451
10492,2024-01-31,SBIN,641.55,-0.000234
10493,2024-02-29,SBIN,753.0,0.17372
10494,2024-03-31,SBIN,752.95,-6.6e-05
10495,2024-04-30,SBIN,821.0,0.090378
10496,2024-05-31,SBIN,832.3,0.013764
10497,2024-06-30,SBIN,848.25,0.019164
10498,2024-07-31,SBIN,874.5,0.030946
10499,2024-08-31,SBIN,816.25,-0.066609
10500,2024-09-30,SBIN,787.95,-0.034671
10501,2024-10-31,SBIN,821.1,0.042071
10502,2024-11-30,SBIN,838.7,0.021435
10503,2024-12-31,SBIN,796.0,-0.050912
10504,2025-01-31,SBIN,773.1,-0.028769
10505,2025-02-28,SBIN,689.8,-0.107748
10506,2025-03-31,SBIN,770.5,0.11699
10507,2025-04-30,SBIN,787.6,0.022193
10508,2025-05-31,SBIN,813.5,0.032885
10509,2025-06-30,SBIN,819.85,0.007806
10510,2025-07-31,SBIN,796.0,-0.029091
10511,2025-08-31,SBIN,805.15,0.011495
7349,2015-03-31,SHREECEM,10800.0,
7350,2015-04-30,SHREECEM,10200.0,-0.055556
7351,2015-05-31,SHREECEM,10950.0,0.073529
7352,2015-06-30,SHREECEM,11380.0,0.039269
7353,2015-07-31,SHREECEM,11500.0,0.010545
7354,2015-08-31,SHREECEM,10705.0,-0.06913
7355,2015-09-30,SHREECEM,11600.0,0.083606
7356,2015-10-31,SHREECEM,12200.0,0.051724
7357,2015-11-30,SHREECEM,11200.0,-0.081967
7358,2015-12-31,SHREECEM,11650.0,0.040179
7359,2016-01-31,SHREECEM,10700.0,-0.081545
7360,2016-02-29,SHREECEM,10025.4,-0.063047
7361,2016-03-31,SHREECEM,12300.0,0.226884
7362,2016-04-30,SHREECEM,12750.0,0.036585
7363,2016-05-31,SHREECEM,13400.1,0.050988
7364,2016-06-30,SHREECEM,14490.0,0.081335
7365,2016-07-31,SHREECEM,16025.0,0.105935
7366,2016-08-31,SHREECEM,17109.9,0.0677
7367,2016-09-30,SHREECEM,17050.0,-0.003501
7368,2016-10-31,SHREECEM,16880.0,-0.009971
7369,2016-11-30,SHREECEM,15501.0,-0.081694
7370,2016-12-31,SHREECEM,14700.0,-0.051674
7371,2017-01-31,SHREECEM,15416.0,0.048707
7372,2017-02-28,SHREECEM,16470.0,0.068371
7373,2017-03-31,SHREECEM,16980.15,0.030974
7374,2017-04-30,SHREECEM,19065.0,0.122782
7375,2017-05-31,SHREECEM,17950.25,-0.058471
7376,2017-06-30,SHREECEM,17000.0,-0.052938
7377,2017-07-31,SHREECEM,18755.0,0.103235
7378,2017-08-31,SHREECEM,17600.0,-0.061584
7379,2017-09-30,SHREECEM,18525.0,0.052557
7380,2017-10-31,SHREECEM,18832.0,0.016572
7381,2017-11-30,SHREECEM,17154.3,-0.089088
7382,2017-12-31,SHREECEM,18080.0,0.053963
7383,2018-01-31,SHREECEM,17181.1,-0.049718
7384,2018-02-28,SHREECEM,16623.0,-0.032483
7385,2018-03-31,SHREECEM,16100.0,-0.031462
7386,2018-04-30,SHREECEM,16950.0,0.052795
7387,2018-05-31,SHREECEM,16757.3,-0.011369
7388,2018-06-30,SHREECEM,15440.55,-0.078578
7389,2018-07-31,SHREECEM,17000.0,0.100997
7390,2018-08-31,SHREECEM,19035.0,0.119706
7391,2018-09-30,SHREECEM,16989.95,-0.107436
7392,2018-10-31,SHREECEM,13510.0,-0.204824
7393,2018-11-30,SHREECEM,16499.0,0.221244
7394,2018-12-31,SHREECEM,17266.05,0.046491
7395,2019-01-31,SHREECEM,15782.95,-0.085897
7396,2019-02-28,SHREECEM,16525.0,0.047016
7397,2019-03-31,SHREECEM,18750.0,0.134644
7398,2019-04-30,SHREECEM,19780.0,0.054933
7399,2019-05-31,SHREECEM,21670.0,0.095551
7400,2019-06-30,SHREECEM,21700.0,0.001384
7401,2019-07-31,SHREECEM,20150.0,-0.071429
7402,2019-08-31,SHREECEM,18600.0,-0.076923
7403,2019-09-30,SHREECEM,18915.05,0.016938
7404,2019-10-31,SHREECEM,19999.95,0.057356
7405,2019-11-30,SHREECEM,21049.0,0.052453
7406,2019-12-31,SHREECEM,20387.95,-0.031405
7407,2020-01-31,SHREECEM,23000.0,0.128117
7408,2020-02-29,SHREECEM,22633.0,-0.015957
7409,2020-03-31,SHREECEM,17690.0,-0.218398
7410,2020-04-30,SHREECEM,19610.0,0.108536
7411,2020-05-31,SHREECEM,20800.0,0.060683
7412,2020-06-30,SHREECEM,23040.0,0.107692
7413,2020-07-31,SHREECEM,21670.0,-0.059462
7414,2020-08-31,SHREECEM,20180.0,-0.068759
7415,2020-09-30,SHREECEM,20184.95,0.000245
7416,2020-10-31,SHREECEM,21604.55,0.07033
7417,2020-11-30,SHREECEM,23811.95,0.102173
7418,2020-12-31,SHREECEM,24000.0,0.007897
7419,2021-01-31,SHREECEM,22550.0,-0.060417
7420,2021-02-28,SHREECEM,26236.1,0.163463
7421,2021-03-31,SHREECEM,29410.0,0.120975
7422,2021-04-30,SHREECEM,27900.0,-0.051343
7423,2021-05-31,SHREECEM,27651.0,-0.008925
7424,2021-06-30,SHREECEM,27600.0,-0.001844
7425,2021-07-31,SHREECEM,28250.0,0.023551
7426,2021-08-31,SHREECEM,28250.0,0.0
7427,2021-09-30,SHREECEM,28752.0,0.01777
7428,2021-10-31,SHREECEM,28600.0,-0.005287
7429,2021-11-30,SHREECEM,26349.95,-0.078673
7430,2021-12-31,SHREECEM,26980.0,0.023911
7431,2022-01-31,SHREECEM,24239.8,-0.101564
7432,2022-02-28,SHREECEM,24496.0,0.010569
7433,2022-03-31,SHREECEM,23931.0,-0.023065
7434,2022-04-30,SHREECEM,25830.55,0.079376
7435,2022-05-31,SHREECEM,22129.0,-0.143301
7436,2022-06-30,SHREECEM,18926.0,-0.144742
7437,2022-07-31,SHREECEM,20425.25,0.079216
7438,2022-08-31,SHREECEM,22090.0,0.081505
7439,2022-09-30,SHREECEM,21119.5,-0.043934
7440,2022-10-31,SHREECEM,22736.0,0.076541
7441,2022-11-30,SHREECEM,23751.0,0.044643
7442,2022-12-31,SHREECEM,23250.0,-0.021094
7443,2023-01-31,SHREECEM,23690.05,0.018927
7444,2023-02-28,SHREECEM,25780.0,0.088221
7445,2023-03-31,SHREECEM,26000.0,0.008534
7446,2023-04-30,SHREECEM,24106.6,-0.072823
7447,2023-05-31,SHREECEM,25300.0,0.049505
7448,2023-06-30,SHREECEM,23881.0,-0.056087
7449,2023-07-31,SHREECEM,24131.6,0.010494
7450,2023-08-31,SHREECEM,23800.15,-0.013735
7451,2023-09-30,SHREECEM,25450.0,0.069321
7452,2023-10-31,SHREECEM,25734.0,0.011159
7453,2023-11-30,SHREECEM,26945.0,0.047058
7454,2023-12-31,SHREECEM,28809.15,0.069184
7455,2024-01-31,SHREECEM,28410.0,-0.013855
7456,2024-02-29,SHREECEM,25452.0,-0.104118
7457,2024-03-31,SHREECEM,25850.0,0.015637
7458,2024-04-30,SHREECEM,24425.0,-0.055126
7459,2024-05-31,SHREECEM,24638.4,0.008737
7460,2024-06-30,SHREECEM,27870.0,0.131161
7461,2024-07-31,SHREECEM,27700.0,-0.0061
7462,2024-08-31,SHREECEM,25531.0,-0.078303
7463,2024-09-30,SHREECEM,26359.4,0.032447
7464,2024-10-31,SHREECEM,25055.0,-0.049485
7465,2024-11-30,SHREECEM,25975.0,0.036719
7466,2024-12-31,SHREECEM,25700.0,-0.010587
7467,2025-01-31,SHREECEM,28000.0,0.089494
7468,2025-02-28,SHREECEM,27300.0,-0.025
7469,2025-03-31,SHREECEM,30560.0,0.119414
7470,2025-04-30,SHREECEM,29740.0,-0.026832
7471,2025-05-31,SHREECEM,29655.0,-0.002858
7472,2025-06-30,SHREECEM,30955.0,0.043837
7473,2025-07-31,SHREECEM,30660.0,-0.00953
7474,2025-08-31,SHREECEM,30490.0,-0.005545
8745,2015-03-31,SHRIRAMFIN,216.3,
8746,2015-04-30,SHRIRAMFIN,190.8,-0.117892
8747,2015-05-31,SHRIRAMFIN,160.55,-0.158543
8748,2015-06-30,SHRIRAMFIN,165.85,0.033012
8749,2015-07-31,SHRIRAMFIN,174.9,0.054567
8750,2015-08-31,SHRIRAMFIN,158.75,-0.092338
8751,2015-09-30,SHRIRAMFIN,178.1,0.12189
8752,2015-10-31,SHRIRAMFIN,184.5,0.035935
8753,2015-11-30,SHRIRAMFIN,172.65,-0.064228
8754,2015-12-31,SHRIRAMFIN,167.45,-0.030119
8755,2016-01-31,SHRIRAMFIN,162.8,-0.027769
8756,2016-02-29,SHRIRAMFIN,155.8,-0.042998
8757,2016-03-31,SHRIRAMFIN,186.9,0.199615
8758,2016-04-30,SHRIRAMFIN,186.05,-0.004548
8759,2016-05-31,SHRIRAMFIN,229.4,0.233002
8760,2016-06-30,SHRIRAMFIN,234.35,0.021578
8761,2016-07-31,SHRIRAMFIN,249.35,0.064007
8762,2016-08-31,SHRIRAMFIN,240.1,-0.037096
8763,2016-09-30,SHRIRAMFIN,227.6,-0.052062
8764,2016-10-31,SHRIRAMFIN,212.2,-0.067663
8765,2016-11-30,SHRIRAMFIN,175.8,-0.171536
8766,2016-12-31,SHRIRAMFIN,166.05,-0.055461
8767,2017-01-31,SHRIRAMFIN,183.1,0.10268
8768,2017-02-28,SHRIRAMFIN,180.55,-0.013927
8769,2017-03-31,SHRIRAMFIN,210.05,0.16339
8770,2017-04-30,SHRIRAMFIN,202.65,-0.03523
8771,2017-05-31,SHRIRAMFIN,198.4,-0.020972
8772,2017-06-30,SHRIRAMFIN,194.9,-0.017641
8773,2017-07-31,SHRIRAMFIN,199.35,0.022832
8774,2017-08-31,SHRIRAMFIN,192.3,-0.035365
8775,2017-09-30,SHRIRAMFIN,205.6,0.069163
8776,2017-10-31,SHRIRAMFIN,228.15,0.109679
8777,2017-11-30,SHRIRAMFIN,258.8,0.134341
8778,2017-12-31,SHRIRAMFIN,287.05,0.109158
8779,2018-01-31,SHRIRAMFIN,267.95,-0.066539
8780,2018-02-28,SHRIRAMFIN,260.7,-0.027057
8781,2018-03-31,SHRIRAMFIN,281.0,0.077867
8782,2018-04-30,SHRIRAMFIN,313.75,0.116548
8783,2018-05-31,SHRIRAMFIN,283.25,-0.097211
8784,2018-06-30,SHRIRAMFIN,252.3,-0.109267
8785,2018-07-31,SHRIRAMFIN,269.9,0.069758
8786,2018-08-31,SHRIRAMFIN,261.35,-0.031678
8787,2018-09-30,SHRIRAMFIN,224.5,-0.140999
8788,2018-10-31,SHRIRAMFIN,224.5,0.0
8789,2018-11-30,SHRIRAMFIN,224.5,0.0
8790,2018-12-31,SHRIRAMFIN,241.25,0.07461
8791,2019-01-31,SHRIRAMFIN,198.25,-0.178238
8792,2019-02-28,SHRIRAMFIN,222.55,0.122573
8793,2019-03-31,SHRIRAMFIN,248.45,0.116378
8794,2019-04-30,SHRIRAMFIN,216.3,-0.129402
8795,2019-05-31,SHRIRAMFIN,227.0,0.049468
8796,2019-06-30,SHRIRAMFIN,210.45,-0.072907
8797,2019-07-31,SHRIRAMFIN,188.35,-0.105013
8798,2019-08-31,SHRIRAMFIN,188.25,-0.000531
8799,2019-09-30,SHRIRAMFIN,208.9,0.109695
8800,2019-10-31,SHRIRAMFIN,222.15,0.063427
8801,2019-11-30,SHRIRAMFIN,219.65,-0.011254
8802,2019-12-31,SHRIRAMFIN,227.85,0.037332
8803,2020-01-31,SHRIRAMFIN,198.6,-0.128374
8804,2020-02-29,SHRIRAMFIN,236.15,0.189074
8805,2020-03-31,SHRIRAMFIN,126.85,-0.462841
8806,2020-04-30,SHRIRAMFIN,154.15,0.215215
8807,2020-05-31,SHRIRAMFIN,111.65,-0.275705
8808,2020-06-30,SHRIRAMFIN,134.65,0.206001
8809,2020-07-31,SHRIRAMFIN,138.5,0.028593
8810,2020-08-31,SHRIRAMFIN,140.2,0.012274
8811,2020-09-30,SHRIRAMFIN,123.7,-0.117689
8812,2020-10-31,SHRIRAMFIN,138.0,0.115602
8813,2020-11-30,SHRIRAMFIN,214.85,0.556884
8814,2020-12-31,SHRIRAMFIN,209.4,-0.025367
8815,2021-01-31,SHRIRAMFIN,258.6,0.234957
8816,2021-02-28,SHRIRAMFIN,257.0,-0.006187
8817,2021-03-31,SHRIRAMFIN,284.1,0.105447
8818,2021-04-30,SHRIRAMFIN,268.5,-0.05491
8819,2021-05-31,SHRIRAMFIN,285.1,0.061825
8820,2021-06-30,SHRIRAMFIN,268.4,-0.058576
8821,2021-07-31,SHRIRAMFIN,279.45,0.04117
8822,2021-08-31,SHRIRAMFIN,269.5,-0.035606
8823,2021-09-30,SHRIRAMFIN,259.85,-0.035807
8824,2021-10-31,SHRIRAMFIN,289.8,0.115259
8825,2021-11-30,SHRIRAMFIN,283.6,-0.021394
8826,2021-12-31,SHRIRAMFIN,243.2,-0.142454
8827,2022-01-31,SHRIRAMFIN,246.45,0.013363
8828,2022-02-28,SHRIRAMFIN,225.0,-0.087036
8829,2022-03-31,SHRIRAMFIN,226.8,0.008
8830,2022-04-30,SHRIRAMFIN,240.05,0.058422
8831,2022-05-31,SHRIRAMFIN,236.0,-0.016871
8832,2022-06-30,SHRIRAMFIN,253.8,0.075424
8833,2022-07-31,SHRIRAMFIN,276.4,0.089046
8834,2022-08-31,SHRIRAMFIN,270.9,-0.019899
8835,2022-09-30,SHRIRAMFIN,238.4,-0.11997
8836,2022-10-31,SHRIRAMFIN,245.4,0.029362
8837,2022-11-30,SHRIRAMFIN,271.8,0.107579
8838,2022-12-31,SHRIRAMFIN,276.05,0.015636
8839,2023-01-31,SHRIRAMFIN,258.0,-0.065387
8840,2023-02-28,SHRIRAMFIN,241.95,-0.062209
8841,2023-03-31,SHRIRAMFIN,252.05,0.041744
8842,2023-04-30,SHRIRAMFIN,266.55,0.057528
8843,2023-05-31,SHRIRAMFIN,280.0,0.05046
8844,2023-06-30,SHRIRAMFIN,347.6,0.241429
8845,2023-07-31,SHRIRAMFIN,378.2,0.088032
8846,2023-08-31,SHRIRAMFIN,385.0,0.01798
8847,2023-09-30,SHRIRAMFIN,384.0,-0.002597
8848,2023-10-31,SHRIRAMFIN,377.1,-0.017969
8849,2023-11-30,SHRIRAMFIN,400.3,0.061522
8850,2023-12-31,SHRIRAMFIN,411.15,0.027105
8851,2024-01-31,SHRIRAMFIN,494.2,0.201994
8852,2024-02-29,SHRIRAMFIN,487.6,-0.013355
8853,2024-03-31,SHRIRAMFIN,473.4,-0.029122
8854,2024-04-30,SHRIRAMFIN,509.0,0.075201
8855,2024-05-31,SHRIRAMFIN,477.0,-0.062868
8856,2024-06-30,SHRIRAMFIN,586.0,0.228512
8857,2024-07-31,SHRIRAMFIN,586.4,0.000683
8858,2024-08-31,SHRIRAMFIN,642.0,0.094816
8859,2024-09-30,SHRIRAMFIN,717.2,0.117134
8860,2024-10-31,SHRIRAMFIN,628.0,-0.124373
8861,2024-11-30,SHRIRAMFIN,603.1,-0.03965
8862,2024-12-31,SHRIRAMFIN,578.9,-0.040126
8863,2025-01-31,SHRIRAMFIN,545.55,-0.057609
8864,2025-02-28,SHRIRAMFIN,619.0,0.134635
8865,2025-03-31,SHRIRAMFIN,656.25,0.060178
8866,2025-04-30,SHRIRAMFIN,609.0,-0.072
8867,2025-05-31,SHRIRAMFIN,639.85,0.050657
8868,2025-06-30,SHRIRAMFIN,706.6,0.104321
8869,2025-07-31,SHRIRAMFIN,631.8,-0.105859
8870,2025-08-31,SHRIRAMFIN,630.0,-0.002849
-1,2006-01-31,SIEMENS,207.9987,
-1,2006-02-28,SIEMENS,210.4979,0.012015
-1,2006-03-31,SIEMENS,264.3036,0.255612
-1,2006-04-30,SIEMENS,268.9588,0.017613
-1,2006-05-31,SIEMENS,229.0115,-0.148526
-1,2006-06-30,SIEMENS,206.5949,-0.097884
-1,2006-07-31,SIEMENS,206.3504,-0.001183
-1,2006-08-31,SIEMENS,244.0179,0.182541
-1,2006-09-30,SIEMENS,250.0028,0.024526
-1,2006-10-31,SIEMENS,282.9429,0.131759
-1,2006-11-30,SIEMENS,262.5781,-0.071975
-1,2006-12-31,SIEMENS,264.6156,0.00776
-1,2007-01-31,SIEMENS,267.3986,0.010517
-1,2007-02-28,SIEMENS,257.7354,-0.036138
-1,2007-03-31,SIEMENS,255.4519,-0.00886
-1,2007-04-30,SIEMENS,275.6525,0.079078
-1,2007-05-31,SIEMENS,299.3427,0.085942
-1,2007-06-30,SIEMENS,326.5227,0.090799
-1,2007-07-31,SIEMENS,300.4318,-0.079905
-1,2007-08-31,SIEMENS,300.1273,-0.001014
-1,2007-09-30,SIEMENS,316.4517,0.054392
-1,2007-10-31,SIEMENS,461.0291,0.45687
-1,2007-11-30,SIEMENS,425.3355,-0.077422
-1,2007-12-31,SIEMENS,442.7256,0.040886
-1,2008-01-31,SIEMENS,391.6446,-0.115378
-1,2008-02-29,SIEMENS,384.2805,-0.018803
-1,2008-03-31,SIEMENS,289.9095,-0.245578
-1,2008-04-30,SIEMENS,268.9564,-0.072275
-1,2008-05-31,SIEMENS,263.1949,-0.021422
-1,2008-06-30,SIEMENS,181.6167,-0.309954
-1,2008-07-31,SIEMENS,257.5745,0.418231
-1,2008-08-31,SIEMENS,257.7627,0.000731
-1,2008-09-30,SIEMENS,187.7074,-0.271782
-1,2008-10-31,SIEMENS,124.519,-0.336632
-1,2008-11-30,SIEMENS,105.4708,-0.152974
-1,2008-12-31,SIEMENS,134.9603,0.279599
-1,2009-01-31,SIEMENS,97.0519,-0.280886
-1,2009-02-28,SIEMENS,105.0202,0.082103
-1,2009-03-31,SIEMENS,129.2445,0.230663
-1,2009-04-30,SIEMENS,149.9738,0.160388
-1,2009-05-31,SIEMENS,236.1208,0.574414
-1,2009-06-30,SIEMENS,227.4434,-0.03675
-1,2009-07-31,SIEMENS,232.2159,0.020983
-1,2009-08-31,SIEMENS,249.3297,0.073698
-1,2009-09-30,SIEMENS,268.5886,0.077243
-1,2009-10-31,SIEMENS,248.3655,-0.075294
-1,2009-11-30,SIEMENS,254.054,0.022904
-1,2009-12-31,SIEMENS,280.7369,0.105028
-1,2010-01-31,SIEMENS,309.9506,0.104061
-1,2010-02-28,SIEMENS,334.2272,0.078324
-1,2010-03-31,SIEMENS,361.532,0.081695
-1,2010-04-30,SIEMENS,347.7331,-0.038168
-1,2010-05-31,SIEMENS,340.9923,-0.019385
-1,2010-06-30,SIEMENS,359.8468,0.055293
-1,2010-07-31,SIEMENS,341.6517,-0.050563
-1,2010-08-31,SIEMENS,338.3058,-0.009793
-1,2010-09-30,SIEMENS,402.2204,0.188926
-1,2010-10-31,SIEMENS,399.3386,-0.007165
-1,2010-11-30,SIEMENS,376.1368,-0.058101
-1,2010-12-31,SIEMENS,400.7551,0.06545
-1,2011-01-31,SIEMENS,417.1185,0.040831
-1,2011-02-28,SIEMENS,418.716,0.00383
-1,2011-03-31,SIEMENS,435.3687,0.039771
-1,2011-04-30,SIEMENS,428.253,-0.016344
-1,2011-05-31,SIEMENS,431.7862,0.00825
-1,2011-06-30,SIEMENS,439.7914,0.01854
-1,2011-07-31,SIEMENS,456.7654,0.038596
-1,2011-08-31,SIEMENS,437.5429,-0.042084
-1,2011-09-30,SIEMENS,413.9722,-0.053871
-1,2011-10-31,SIEMENS,422.4467,0.020471
-1,2011-11-30,SIEMENS,340.443,-0.194116
-1,2011-12-31,SIEMENS,317.2428,-0.068147
-1,2012-01-31,SIEMENS,361.3454,0.139018
-1,2012-02-29,SIEMENS,399.109,0.104508
-1,2012-03-31,SIEMENS,380.6886,-0.046154
-1,2012-04-30,SIEMENS,388.2823,0.019947
-1,2012-05-31,SIEMENS,339.6123,-0.125347
-1,2012-06-30,SIEMENS,367.857,0.083167
-1,2012-07-31,SIEMENS,341.517,-0.071604
-1,2012-08-31,SIEMENS,339.8629,-0.004843
-1,2012-09-30,SIEMENS,355.4012,0.045719
-1,2012-10-31,SIEMENS,344.3991,-0.030957
-1,2012-11-30,SIEMENS,336.1287,-0.024014
-1,2012-12-31,SIEMENS,334.7001,-0.00425
-1,2013-01-31,SIEMENS,329.0362,-0.016922
-1,2013-02-28,SIEMENS,256.7425,-0.219714
-1,2013-03-31,SIEMENS,279.3214,0.087944
-1,2013-04-30,SIEMENS,278.0232,-0.004648
-1,2013-05-31,SIEMENS,303.173,0.090459
-1,2013-06-30,SIEMENS,280.8741,-0.073552
-1,2013-07-31,SIEMENS,260.5862,-0.072231
-1,2013-08-31,SIEMENS,220.2905,-0.154635
-1,2013-09-30,SIEMENS,243.1494,0.103767
-1,2013-10-31,SIEMENS,296.3764,0.218907
-1,2013-11-30,SIEMENS,313.4315,0.057545
-1,2013-12-31,SIEMENS,337.6141,0.077154
-1,2014-01-31,SIEMENS,281.0523,-0.167534
-1,2014-02-28,SIEMENS,320.0305,0.138687
-1,2014-03-31,SIEMENS,398.7988,0.246127
-1,2014-04-30,SIEMENS,358.4465,-0.101185
-1,2014-05-31,SIEMENS,447.9807,0.249784
-1,2014-06-30,SIEMENS,493.5997,0.101833
-1,2014-07-31,SIEMENS,452.6794,-0.082902
-1,2014-08-31,SIEMENS,410.1325,-0.093989
-1,2014-09-30,SIEMENS,427.0945,0.041357
-1,2014-10-31,SIEMENS,450.8721,0.055673
-1,2014-11-30,SIEMENS,468.1697,0.038365
-1,2014-12-31,SIEMENS,468.4021,0.000496
-1,2015-01-31,SIEMENS,538.1086,0.148818
-1,2015-02-28,SIEMENS,693.2582,0.288324
1564,2015-03-31,SIEMENS,1061.2,0.530743
1565,2015-04-30,SIEMENS,1042.6,-0.017527
1566,2015-05-31,SIEMENS,1047.6,0.004796
1567,2015-06-30,SIEMENS,1026.75,-0.019903
1568,2015-07-31,SIEMENS,1109.2,0.080302
1569,2015-08-31,SIEMENS,961.9,-0.132798
1570,2015-09-30,SIEMENS,1011.65,0.051721
1571,2015-10-31,SIEMENS,1013.15,0.001483
1572,2015-11-30,SIEMENS,947.7,-0.064601
1573,2015-12-31,SIEMENS,914.15,-0.035401
1574,2016-01-31,SIEMENS,772.25,-0.155226
1575,2016-02-29,SIEMENS,753.45,-0.024344
1576,2016-03-31,SIEMENS,834.95,0.108169
1577,2016-04-30,SIEMENS,862.0,0.032397
1578,2016-05-31,SIEMENS,915.85,0.062471
1579,2016-06-30,SIEMENS,1001.45,0.093465
1580,2016-07-31,SIEMENS,1009.25,0.007789
1581,2016-08-31,SIEMENS,962.15,-0.046668
1582,2016-09-30,SIEMENS,944.65,-0.018188
1583,2016-10-31,SIEMENS,905.45,-0.041497
1584,2016-11-30,SIEMENS,827.75,-0.085814
1585,2016-12-31,SIEMENS,846.35,0.022471
1586,2017-01-31,SIEMENS,869.75,0.027648
1587,2017-02-28,SIEMENS,921.0,0.058925
1588,2017-03-31,SIEMENS,956.05,0.038056
1589,2017-04-30,SIEMENS,1002.55,0.048638
1590,2017-05-31,SIEMENS,1045.15,0.042492
1591,2017-06-30,SIEMENS,1016.25,-0.027652
1592,2017-07-31,SIEMENS,1105.35,0.087675
1593,2017-08-31,SIEMENS,983.65,-0.110101
1594,2017-09-30,SIEMENS,903.5,-0.081482
1595,2017-10-31,SIEMENS,967.5,0.070836
1596,2017-11-30,SIEMENS,916.55,-0.052661
1597,2017-12-31,SIEMENS,948.45,0.034804
1598,2018-01-31,SIEMENS,987.35,0.041014
1599,2018-02-28,SIEMENS,891.3,-0.097281
1600,2018-03-31,SIEMENS,816.65,-0.083754
1601,2018-04-30,SIEMENS,857.5,0.050021
1602,2018-05-31,SIEMENS,799.9,-0.067172
1603,2018-06-30,SIEMENS,745.85,-0.067571
1604,2018-07-31,SIEMENS,753.85,0.010726
1605,2018-08-31,SIEMENS,777.05,0.030775
1606,2018-09-30,SIEMENS,716.65,-0.07773
1607,2018-10-31,SIEMENS,709.75,-0.009628
1608,2018-11-30,SIEMENS,724.6,0.020923
1609,2018-12-31,SIEMENS,798.3,0.101711
1610,2019-01-31,SIEMENS,784.25,-0.0176
1611,2019-02-28,SIEMENS,761.05,-0.029582
1612,2019-03-31,SIEMENS,860.85,0.131135
1613,2019-04-30,SIEMENS,893.15,0.037521
1614,2019-05-31,SIEMENS,969.8,0.08582
1615,2019-06-30,SIEMENS,997.0,0.028047
1616,2019-07-31,SIEMENS,871.25,-0.126128
1617,2019-08-31,SIEMENS,918.75,0.054519
1618,2019-09-30,SIEMENS,1152.6,0.254531
1619,2019-10-31,SIEMENS,1272.2,0.103765
1620,2019-11-30,SIEMENS,1118.3,-0.120972
1621,2019-12-31,SIEMENS,1140.4,0.019762
1622,2020-01-31,SIEMENS,1141.95,0.001359
1623,2020-02-29,SIEMENS,994.9,-0.128771
1624,2020-03-31,SIEMENS,847.45,-0.148206
1625,2020-04-30,SIEMENS,866.15,0.022066
1626,2020-05-31,SIEMENS,835.9,-0.034925
1627,2020-06-30,SIEMENS,835.7,-0.000239
1628,2020-07-31,SIEMENS,886.3,0.060548
1629,2020-08-31,SIEMENS,883.7,-0.002934
1630,2020-09-30,SIEMENS,959.2,0.085436
1631,2020-10-31,SIEMENS,965.75,0.006829
1632,2020-11-30,SIEMENS,1153.2,0.194098
1633,2020-12-31,SIEMENS,1196.05,0.037157
1634,2021-01-31,SIEMENS,1211.65,0.013043
1635,2021-02-28,SIEMENS,1407.8,0.161887
1636,2021-03-31,SIEMENS,1403.35,-0.003161
1637,2021-04-30,SIEMENS,1429.7,0.018776
1638,2021-05-31,SIEMENS,1592.1,0.11359
1639,2021-06-30,SIEMENS,1541.3,-0.031908
1640,2021-07-31,SIEMENS,1485.0,-0.036528
1641,2021-08-31,SIEMENS,1729.45,0.164613
1642,2021-09-30,SIEMENS,1622.65,-0.061754
1643,2021-10-31,SIEMENS,1674.75,0.032108
1644,2021-11-30,SIEMENS,1625.25,-0.029557
1645,2021-12-31,SIEMENS,1797.1,0.105738
1646,2022-01-31,SIEMENS,1770.05,-0.015052
1647,2022-02-28,SIEMENS,1785.95,0.008983
1648,2022-03-31,SIEMENS,1805.9,0.011171
1649,2022-04-30,SIEMENS,1736.9,-0.038208
1650,2022-05-31,SIEMENS,1858.8,0.070183
1651,2022-06-30,SIEMENS,1816.9,-0.022541
1652,2022-07-31,SIEMENS,2057.6,0.132478
1653,2022-08-31,SIEMENS,2191.7,0.065173
1654,2022-09-30,SIEMENS,2103.2,-0.04038
1655,2022-10-31,SIEMENS,2224.45,0.05765
1656,2022-11-30,SIEMENS,2114.0,-0.049653
1657,2022-12-31,SIEMENS,2152.1,0.018023
1658,2023-01-31,SIEMENS,2246.15,0.043702
1659,2023-02-28,SIEMENS,2471.3,0.100238
1660,2023-03-31,SIEMENS,2536.05,0.026201
1661,2023-04-30,SIEMENS,2633.55,0.038446
1662,2023-05-31,SIEMENS,2706.75,0.027795
1663,2023-06-30,SIEMENS,2874.25,0.061882
1664,2023-07-31,SIEMENS,3031.2,0.054606
1665,2023-08-31,SIEMENS,2989.7,-0.013691
1666,2023-09-30,SIEMENS,2791.8,-0.066194
1667,2023-10-31,SIEMENS,2544.4,-0.088617
1668,2023-11-30,SIEMENS,2788.2,0.095818
1669,2023-12-31,SIEMENS,3059.4,0.097267
1670,2024-01-31,SIEMENS,3155.4,0.031379
1671,2024-02-29,SIEMENS,3563.8,0.129429
1672,2024-03-31,SIEMENS,4100.0,0.150457
1673,2024-04-30,SIEMENS,4438.95,0.082671
1674,2024-05-31,SIEMENS,5312.8,0.19686
1675,2024-06-30,SIEMENS,5873.5,0.105538
1676,2024-07-31,SIEMENS,5424.0,-0.07653
1677,2024-08-31,SIEMENS,5264.8,-0.029351
1678,2024-09-30,SIEMENS,5515.45,0.047609
1679,2024-10-31,SIEMENS,5328.8,-0.033841
1680,2024-11-30,SIEMENS,5763.0,0.081482
1681,2024-12-31,SIEMENS,4983.6,-0.135242
1682,2025-01-31,SIEMENS,4631.75,-0.070602
1683,2025-02-28,SIEMENS,3514.2,-0.24128
1684,2025-03-31,SIEMENS,4018.5,0.143504
1685,2025-04-30,SIEMENS,2880.0,-0.283315
1686,2025-05-31,SIEMENS,3267.0,0.134375
1687,2025-06-30,SIEMENS,3260.0,-0.002143
1688,2025-07-31,SIEMENS,3035.0,-0.069018
1689,2025-08-31,SIEMENS,3083.9,0.016112
-1,2006-01-31,STLTECH,17.0222,
-1,2006-02-28,STLTECH,16.3485,-0.039578
-1,2006-03-31,STLTECH,16.5702,0.013561
-1,2006-04-30,STLTECH,31.7759,0.917653
-1,2006-05-31,STLTECH,23.2648,-0.267848
-1,2006-06-30,STLTECH,19.9644,-0.141862
-1,2006-07-31,STLTECH,17.3804,-0.12943
-1,2006-08-31,STLTECH,29.6098,0.703632
-1,2006-09-30,STLTECH,29.1881,-0.014242
-1,2006-10-31,STLTECH,33.113,0.134469
-1,2006-11-30,STLTECH,38.6661,0.167702
-1,2006-12-31,STLTECH,40.0115,0.034795
-1,2007-01-31,STLTECH,35.641,-0.109231
-1,2007-02-28,STLTECH,31.4505,-0.117575
-1,2007-03-31,STLTECH,31.1934,-0.008175
-1,2007-04-30,STLTECH,32.376,0.037912
-1,2007-05-31,STLTECH,35.7182,0.103231
-1,2007-06-30,STLTECH,41.3827,0.158589
-1,2007-07-31,STLTECH,37.672,-0.089668
-1,2007-08-31,STLTECH,38.464,0.021024
-1,2007-09-30,STLTECH,40.7934,0.060561
-1,2007-10-31,STLTECH,53.884,0.3209
-1,2007-11-30,STLTECH,52.887,-0.018503
-1,2007-12-31,STLTECH,57.5198,0.087598
-1,2008-01-31,STLTECH,33.453,-0.418409
-1,2008-02-29,STLTECH,35.2494,0.053699
-1,2008-03-31,STLTECH,27.9949,-0.205805
-1,2008-04-30,STLTECH,37.0544,0.323613
-1,2008-05-31,STLTECH,35.5674,-0.04013
-1,2008-06-30,STLTECH,31.0119,-0.128081
-1,2008-07-31,STLTECH,30.0492,-0.031043
-1,2008-08-31,STLTECH,31.6865,0.054487
-1,2008-09-30,STLTECH,20.2514,-0.360882
-1,2008-10-31,STLTECH,10.1473,-0.498933
-1,2008-11-30,STLTECH,8.0815,-0.203581
-1,2008-12-31,STLTECH,11.124,0.376477
-1,2009-01-31,STLTECH,11.124,0.0
-1,2009-02-28,STLTECH,9.4385,-0.151519
-1,2009-03-31,STLTECH,12.1439,0.286635
-1,2009-04-30,STLTECH,15.2469,0.255519
-1,2009-05-31,STLTECH,27.5982,0.810086
-1,2009-06-30,STLTECH,29.1799,0.057312
-1,2009-07-31,STLTECH,40.1224,0.375001
-1,2009-08-31,STLTECH,43.8015,0.091697
-1,2009-09-30,STLTECH,49.3637,0.126987
-1,2009-10-31,STLTECH,48.8763,-0.009874
-1,2009-11-30,STLTECH,53.8727,0.102225
-1,2009-12-31,STLTECH,64.2312,0.192277
-1,2010-01-31,STLTECH,69.7499,0.085919
-1,2010-02-28,STLTECH,70.5159,0.010982
-1,2010-03-31,STLTECH,76.818,0.089371
-1,2010-04-30,STLTECH,89.3962,0.16374
-1,2010-05-31,STLTECH,88.4822,-0.010224
-1,2010-06-30,STLTECH,101.4085,0.146089
-1,2010-07-31,STLTECH,89.2656,-0.119742
-1,2010-08-31,STLTECH,85.5515,-0.041607
-1,2010-09-30,STLTECH,86.8192,0.014818
-1,2010-10-31,STLTECH,72.2619,-0.167674
-1,2010-11-30,STLTECH,66.8849,-0.07441
-1,2010-12-31,STLTECH,66.8412,-0.000653
-1,2011-01-31,STLTECH,47.0817,-0.295619
-1,2011-02-28,STLTECH,41.2676,-0.12349
-1,2011-03-31,STLTECH,51.191,0.240465
-1,2011-04-30,STLTECH,53.6828,0.048677
-1,2011-05-31,STLTECH,48.0435,-0.105049
-1,2011-06-30,STLTECH,45.1582,-0.060056
-1,2011-07-31,STLTECH,43.7593,-0.030978
-1,2011-08-31,STLTECH,34.3605,-0.214784
-1,2011-09-30,STLTECH,31.5627,-0.081425
-1,2011-10-31,STLTECH,34.9374,0.106921
-1,2011-11-30,STLTECH,29.6747,-0.150632
-1,2011-12-31,STLTECH,25.0753,-0.154994
-1,2012-01-31,STLTECH,34.8489,0.38977
-1,2012-02-29,STLTECH,37.414,0.073606
-1,2012-03-31,STLTECH,34.8489,-0.06856
-1,2012-04-30,STLTECH,32.3281,-0.072335
-1,2012-05-31,STLTECH,25.2964,-0.21751
-1,2012-06-30,STLTECH,27.8615,0.101402
-1,2012-07-31,STLTECH,28.9229,0.038096
-1,2012-08-31,STLTECH,25.1638,-0.12997
-1,2012-09-30,STLTECH,27.8172,0.105445
-1,2012-10-31,STLTECH,26.6819,-0.040813
-1,2012-11-30,STLTECH,27.6652,0.036853
-1,2012-12-31,STLTECH,27.6652,0.0
-1,2013-01-31,STLTECH,28.2909,0.022617
-1,2013-02-28,STLTECH,24.7154,-0.126383
-1,2013-03-31,STLTECH,20.8271,-0.157323
-1,2013-04-30,STLTECH,22.2126,0.066524
-1,2013-05-31,STLTECH,18.5924,-0.16298
-1,2013-06-30,STLTECH,17.4751,-0.060094
-1,2013-07-31,STLTECH,16.7153,-0.043479
-1,2013-08-31,STLTECH,16.5461,-0.010122
-1,2013-09-30,STLTECH,17.3621,0.049317
-1,2013-10-31,STLTECH,18.9034,0.088774
-1,2013-11-30,STLTECH,20.3087,0.074341
-1,2013-12-31,STLTECH,22.3486,0.100445
-1,2014-01-31,STLTECH,19.3567,-0.133874
-1,2014-02-28,STLTECH,17.8154,-0.079626
-1,2014-03-31,STLTECH,20.9886,0.178116
-1,2014-04-30,STLTECH,27.6071,0.315338
-1,2014-05-31,STLTECH,39.9373,0.446631
-1,2014-06-30,STLTECH,59.2034,0.482409
-1,2014-07-31,STLTECH,52.0409,-0.120981
-1,2014-08-31,STLTECH,57.3448,0.101918
-1,2014-09-30,STLTECH,64.513,0.125002
-1,2014-10-31,STLTECH,65.1052,0.00918
-1,2014-11-30,STLTECH,62.7817,-0.035688
-1,2014-12-31,STLTECH,56.7222,-0.096517
-1,2015-01-31,STLTECH,56.5855,-0.00241
-1,2015-02-28,STLTECH,60.0937,0.061998
-1,2015-03-31,STLTECH,50.0704,-0.166795
13010,2015-04-30,STLTECH,60.0,0.198313
13011,2015-05-31,STLTECH,73.35,0.2225
13012,2015-06-30,STLTECH,84.1,0.146558
13013,2015-07-31,STLTECH,102.05,0.213436
13014,2015-08-31,STLTECH,77.3,-0.242528
13015,2015-09-30,STLTECH,88.35,0.14295
13016,2015-10-31,STLTECH,93.7,0.060555
13017,2015-11-30,STLTECH,90.85,-0.030416
13018,2015-12-31,STLTECH,96.9,0.066593
13019,2016-01-31,STLTECH,87.15,-0.100619
13020,2016-02-29,STLTECH,73.45,-0.1572
13021,2016-03-31,STLTECH,90.45,0.23145
13022,2016-04-30,STLTECH,88.85,-0.017689
13023,2016-05-31,STLTECH,92.5,0.04108
13024,2016-06-30,STLTECH,88.25,-0.045946
13025,2016-07-31,STLTECH,88.75,0.005666
13026,2016-08-31,STLTECH,84.6,-0.046761
13027,2016-09-30,STLTECH,79.7,-0.05792
13028,2016-10-31,STLTECH,105.9,0.328733
13029,2016-11-30,STLTECH,95.95,-0.093957
13030,2016-12-31,STLTECH,96.25,0.003127
13031,2017-01-31,STLTECH,124.8,0.296623
13032,2017-02-28,STLTECH,129.6,0.038462
13033,2017-03-31,STLTECH,125.9,-0.028549
13034,2017-04-30,STLTECH,146.95,0.167196
13035,2017-05-31,STLTECH,155.05,0.055121
13036,2017-06-30,STLTECH,146.65,-0.054176
13037,2017-07-31,STLTECH,211.6,0.442891
13038,2017-08-31,STLTECH,220.8,0.043478
13039,2017-09-30,STLTECH,223.65,0.012908
13040,2017-10-31,STLTECH,284.9,0.273865
13041,2017-11-30,STLTECH,275.5,-0.032994
13042,2017-12-31,STLTECH,292.55,0.061887
13043,2018-01-31,STLTECH,358.85,0.226628
13044,2018-02-28,STLTECH,359.35,0.001393
13045,2018-03-31,STLTECH,312.4,-0.130653
13046,2018-04-30,STLTECH,352.4,0.128041
13047,2018-05-31,STLTECH,330.25,-0.062855
13048,2018-06-30,STLTECH,275.4,-0.166086
13049,2018-07-31,STLTECH,344.7,0.251634
13050,2018-08-31,STLTECH,362.65,0.052074
13051,2018-09-30,STLTECH,293.35,-0.191093
13052,2018-10-31,STLTECH,381.25,0.299642
13053,2018-11-30,STLTECH,347.7,-0.088
13054,2018-12-31,STLTECH,293.45,-0.156025
13055,2019-01-31,STLTECH,246.45,-0.160164
13056,2019-02-28,STLTECH,241.6,-0.019679
13057,2019-03-31,STLTECH,218.45,-0.09582
13058,2019-04-30,STLTECH,190.9,-0.126116
13059,2019-05-31,STLTECH,173.45,-0.091409
13060,2019-06-30,STLTECH,175.55,0.012107
13061,2019-07-31,STLTECH,149.0,-0.151239
13062,2019-08-31,STLTECH,114.3,-0.232886
13063,2019-09-30,STLTECH,157.4,0.377078
13064,2019-10-31,STLTECH,130.85,-0.168679
13065,2019-11-30,STLTECH,124.0,-0.05235
13066,2019-12-31,STLTECH,118.55,-0.043952
13067,2020-01-31,STLTECH,124.85,0.053142
13068,2020-02-29,STLTECH,91.95,-0.263516
13069,2020-03-31,STLTECH,63.8,-0.306145
13070,2020-04-30,STLTECH,89.55,0.403605
13071,2020-05-31,STLTECH,95.55,0.067002
13072,2020-06-30,STLTECH,110.1,0.152276
13073,2020-07-31,STLTECH,121.75,0.105813
13074,2020-08-31,STLTECH,149.9,0.231211
13075,2020-09-30,STLTECH,150.05,0.001001
13076,2020-10-31,STLTECH,147.35,-0.017994
13077,2020-11-30,STLTECH,162.75,0.104513
13078,2020-12-31,STLTECH,182.25,0.119816
13079,2021-01-31,STLTECH,180.0,-0.012346
13080,2021-02-28,STLTECH,208.1,0.156111
13081,2021-03-31,STLTECH,194.2,-0.066795
13082,2021-04-30,STLTECH,230.45,0.186663
13083,2021-05-31,STLTECH,250.4,0.08657
13084,2021-06-30,STLTECH,264.4,0.055911
13085,2021-07-31,STLTECH,291.55,0.102685
13086,2021-08-31,STLTECH,259.0,-0.111645
13087,2021-09-30,STLTECH,286.05,0.10444
13088,2021-10-31,STLTECH,273.85,-0.04265
13089,2021-11-30,STLTECH,276.35,0.009129
13090,2021-12-31,STLTECH,287.75,0.041252
13091,2022-01-31,STLTECH,274.7,-0.045352
-1,2006-01-31,SUNPHARMA,55.7715,
-1,2006-02-28,SUNPHARMA,62.3482,0.117922
-1,2006-03-31,SUNPHARMA,68.8968,0.105033
-1,2006-04-30,SUNPHARMA,74.6864,0.084033
-1,2006-05-31,SUNPHARMA,64.5564,-0.135634
-1,2006-06-30,SUNPHARMA,63.1377,-0.021976
-1,2006-07-31,SUNPHARMA,65.4421,0.036498
-1,2006-08-31,SUNPHARMA,72.8725,0.113542
-1,2006-09-30,SUNPHARMA,74.6519,0.024418
-1,2006-10-31,SUNPHARMA,73.0648,-0.02126
-1,2006-11-30,SUNPHARMA,81.8898,0.120783
-1,2006-12-31,SUNPHARMA,79.2439,-0.03231
-1,2007-01-31,SUNPHARMA,83.1321,0.049066
-1,2007-02-28,SUNPHARMA,74.9645,-0.098248
-1,2007-03-31,SUNPHARMA,85.2214,0.136823
-1,2007-04-30,SUNPHARMA,89.7133,0.052709
-1,2007-05-31,SUNPHARMA,97.8476,0.09067
-1,2007-06-30,SUNPHARMA,89.6478,-0.083802
-1,2007-07-31,SUNPHARMA,81.4436,-0.091516
-1,2007-08-31,SUNPHARMA,81.2469,-0.002415
-1,2007-09-30,SUNPHARMA,84.3415,0.038089
-1,2007-10-31,SUNPHARMA,92.2223,0.093439
-1,2007-11-30,SUNPHARMA,96.3877,0.045167
-1,2007-12-31,SUNPHARMA,105.2301,0.091738
-1,2008-01-31,SUNPHARMA,99.0278,-0.05894
-1,2008-02-29,SUNPHARMA,107.2626,0.083156
-1,2008-03-31,SUNPHARMA,107.4681,0.001916
-1,2008-04-30,SUNPHARMA,126.5646,0.177695
-1,2008-05-31,SUNPHARMA,122.6221,-0.03115
-1,2008-06-30,SUNPHARMA,122.4691,-0.001248
-1,2008-07-31,SUNPHARMA,123.3476,0.007173
-1,2008-08-31,SUNPHARMA,128.7065,0.043446
-1,2008-09-30,SUNPHARMA,130.6168,0.014842
-1,2008-10-31,SUNPHARMA,98.4678,-0.246132
-1,2008-11-30,SUNPHARMA,95.289,-0.032283
-1,2008-12-31,SUNPHARMA,93.704,-0.016634
-1,2009-01-31,SUNPHARMA,94.6109,0.009678
-1,2009-02-28,SUNPHARMA,89.5962,-0.053003
-1,2009-03-31,SUNPHARMA,97.869,0.092334
-1,2009-04-30,SUNPHARMA,112.5698,0.150209
-1,2009-05-31,SUNPHARMA,106.8771,-0.05057
-1,2009-06-30,SUNPHARMA,96.0286,-0.101504
-1,2009-07-31,SUNPHARMA,103.4429,0.077209
-1,2009-08-31,SUNPHARMA,104.8342,0.01345
-1,2009-09-30,SUNPHARMA,125.4011,0.196185
-1,2009-10-31,SUNPHARMA,122.8176,-0.020602
-1,2009-11-30,SUNPHARMA,129.3342,0.053059
-1,2009-12-31,SUNPHARMA,134.412,0.039261
-1,2010-01-31,SUNPHARMA,131.2272,-0.023694
-1,2010-02-28,SUNPHARMA,137.1648,0.045247
-1,2010-03-31,SUNPHARMA,159.641,0.163863
-1,2010-04-30,SUNPHARMA,139.971,-0.123214
-1,2010-05-31,SUNPHARMA,148.2515,0.059159
-1,2010-06-30,SUNPHARMA,159.0263,0.072679
-1,2010-07-31,SUNPHARMA,157.5564,-0.009243
-1,2010-08-31,SUNPHARMA,157.0041,-0.003505
-1,2010-09-30,SUNPHARMA,179.9971,0.146448
-1,2010-10-31,SUNPHARMA,189.46,0.052573
-1,2010-11-30,SUNPHARMA,200.9261,0.06052
-1,2010-12-31,SUNPHARMA,217.7167,0.083566
-1,2011-01-31,SUNPHARMA,197.9182,-0.090937
-1,2011-02-28,SUNPHARMA,190.129,-0.039356
-1,2011-03-31,SUNPHARMA,198.659,0.044864
-1,2011-04-30,SUNPHARMA,209.097,0.052542
-1,2011-05-31,SUNPHARMA,214.3496,0.02512
-1,2011-06-30,SUNPHARMA,223.5306,0.042832
-1,2011-07-31,SUNPHARMA,232.6442,0.040771
-1,2011-08-31,SUNPHARMA,220.7022,-0.051332
-1,2011-09-30,SUNPHARMA,207.6379,-0.059194
-1,2011-10-31,SUNPHARMA,228.0952,0.098524
-1,2011-11-30,SUNPHARMA,237.6132,0.041728
-1,2011-12-31,SUNPHARMA,225.0204,-0.052997
-1,2012-01-31,SUNPHARMA,248.0131,0.102181
-1,2012-02-29,SUNPHARMA,248.8722,0.003464
-1,2012-03-31,SUNPHARMA,257.712,0.035519
-1,2012-04-30,SUNPHARMA,272.7013,0.058163
-1,2012-05-31,SUNPHARMA,256.3555,-0.05994
-1,2012-06-30,SUNPHARMA,287.4872,0.12144
-1,2012-07-31,SUNPHARMA,295.5356,0.027996
-1,2012-08-31,SUNPHARMA,302.2278,0.022644
-1,2012-09-30,SUNPHARMA,316.4762,0.047145
-1,2012-10-31,SUNPHARMA,315.8392,-0.002013
-1,2012-11-30,SUNPHARMA,322.9827,0.022618
-1,2012-12-31,SUNPHARMA,334.9947,0.037191
-1,2013-01-31,SUNPHARMA,326.691,-0.024788
-1,2013-02-28,SUNPHARMA,364.9794,0.117201
-1,2013-03-31,SUNPHARMA,372.6235,0.020944
-1,2013-04-30,SUNPHARMA,432.7291,0.161304
-1,2013-05-31,SUNPHARMA,475.0669,0.097839
-1,2013-06-30,SUNPHARMA,460.2567,-0.031175
-1,2013-07-31,SUNPHARMA,514.4246,0.117691
-1,2013-08-31,SUNPHARMA,474.2935,-0.078012
-1,2013-09-30,SUNPHARMA,539.9047,0.138335
-1,2013-10-31,SUNPHARMA,556.5426,0.030816
-1,2013-11-30,SUNPHARMA,522.9016,-0.060446
-1,2013-12-31,SUNPHARMA,518.7419,-0.007955
-1,2014-01-31,SUNPHARMA,538.168,0.037448
-1,2014-02-28,SUNPHARMA,589.3611,0.095125
-1,2014-03-31,SUNPHARMA,525.4154,-0.1085
-1,2014-04-30,SUNPHARMA,578.4826,0.101
-1,2014-05-31,SUNPHARMA,558.2339,-0.035003
-1,2014-06-30,SUNPHARMA,628.8987,0.126586
-1,2014-07-31,SUNPHARMA,723.0576,0.14972
-1,2014-08-31,SUNPHARMA,781.8382,0.081294
-1,2014-09-30,SUNPHARMA,783.6666,0.002339
-1,2014-10-31,SUNPHARMA,774.1851,-0.012099
-1,2014-11-30,SUNPHARMA,768.9654,-0.006742
-1,2014-12-31,SUNPHARMA,756.923,-0.015661
-1,2015-01-31,SUNPHARMA,840.4404,0.110338
-1,2015-02-28,SUNPHARMA,804.8633,-0.042331
7864,2015-03-31,SUNPHARMA,1021.0,0.268538
7865,2015-04-30,SUNPHARMA,943.0,-0.076396
7866,2015-05-31,SUNPHARMA,969.3,0.02789
7867,2015-06-30,SUNPHARMA,875.0,-0.097287
7868,2015-07-31,SUNPHARMA,822.0,-0.060571
7869,2015-08-31,SUNPHARMA,886.2,0.078102
7870,2015-09-30,SUNPHARMA,871.0,-0.017152
7871,2015-10-31,SUNPHARMA,887.9,0.019403
7872,2015-11-30,SUNPHARMA,729.5,-0.178398
7873,2015-12-31,SUNPHARMA,822.0,0.126799
7874,2016-01-31,SUNPHARMA,878.0,0.068127
7875,2016-02-29,SUNPHARMA,855.8,-0.025285
7876,2016-03-31,SUNPHARMA,826.1,-0.034704
7877,2016-04-30,SUNPHARMA,812.5,-0.016463
7878,2016-05-31,SUNPHARMA,763.0,-0.060923
7879,2016-06-30,SUNPHARMA,764.45,0.0019
7880,2016-07-31,SUNPHARMA,829.05,0.084505
7881,2016-08-31,SUNPHARMA,772.75,-0.067909
7882,2016-09-30,SUNPHARMA,743.0,-0.038499
7883,2016-10-31,SUNPHARMA,749.0,0.008075
7884,2016-11-30,SUNPHARMA,708.15,-0.054539
7885,2016-12-31,SUNPHARMA,628.45,-0.112547
7886,2017-01-31,SUNPHARMA,630.75,0.00366
7887,2017-02-28,SUNPHARMA,679.0,0.076496
7888,2017-03-31,SUNPHARMA,686.0,0.010309
7889,2017-04-30,SUNPHARMA,642.9,-0.062828
7890,2017-05-31,SUNPHARMA,503.55,-0.216752
7891,2017-06-30,SUNPHARMA,556.0,0.10416
7892,2017-07-31,SUNPHARMA,529.85,-0.047032
7893,2017-08-31,SUNPHARMA,482.5,-0.089365
7894,2017-09-30,SUNPHARMA,503.7,0.043938
7895,2017-10-31,SUNPHARMA,552.4,0.096685
7896,2017-11-30,SUNPHARMA,540.3,-0.021904
7897,2017-12-31,SUNPHARMA,569.2,0.053489
7898,2018-01-31,SUNPHARMA,580.0,0.018974
7899,2018-02-28,SUNPHARMA,534.85,-0.077845
7900,2018-03-31,SUNPHARMA,497.1,-0.070581
7901,2018-04-30,SUNPHARMA,528.0,0.062161
7902,2018-05-31,SUNPHARMA,482.35,-0.086458
7903,2018-06-30,SUNPHARMA,563.7,0.168653
7904,2018-07-31,SUNPHARMA,570.0,0.011176
7905,2018-08-31,SUNPHARMA,651.9,0.143684
7906,2018-09-30,SUNPHARMA,623.1,-0.044179
7907,2018-10-31,SUNPHARMA,579.15,-0.070534
7908,2018-11-30,SUNPHARMA,490.75,-0.152637
7909,2018-12-31,SUNPHARMA,430.15,-0.123484
7910,2019-01-31,SUNPHARMA,420.9,-0.021504
7911,2019-02-28,SUNPHARMA,446.5,0.060822
7912,2019-03-31,SUNPHARMA,477.8,0.070101
7913,2019-04-30,SUNPHARMA,455.6,-0.046463
7914,2019-05-31,SUNPHARMA,410.65,-0.098661
7915,2019-06-30,SUNPHARMA,401.35,-0.022647
7916,2019-07-31,SUNPHARMA,426.05,0.061542
7917,2019-08-31,SUNPHARMA,452.15,0.06126
7918,2019-09-30,SUNPHARMA,390.65,-0.136017
7919,2019-10-31,SUNPHARMA,434.05,0.111097
7920,2019-11-30,SUNPHARMA,449.5,0.035595
7921,2019-12-31,SUNPHARMA,432.3,-0.038265
7922,2020-01-31,SUNPHARMA,435.6,0.007634
7923,2020-02-29,SUNPHARMA,373.2,-0.143251
7924,2020-03-31,SUNPHARMA,353.2,-0.053591
7925,2020-04-30,SUNPHARMA,466.0,0.319366
7926,2020-05-31,SUNPHARMA,477.0,0.023605
7927,2020-06-30,SUNPHARMA,472.9,-0.008595
7928,2020-07-31,SUNPHARMA,537.8,0.137238
7929,2020-08-31,SUNPHARMA,514.5,-0.043325
7930,2020-09-30,SUNPHARMA,500.6,-0.027017
7931,2020-10-31,SUNPHARMA,466.0,-0.069117
7932,2020-11-30,SUNPHARMA,511.5,0.097639
7933,2020-12-31,SUNPHARMA,590.45,0.15435
7934,2021-01-31,SUNPHARMA,590.0,-0.000762
7935,2021-02-28,SUNPHARMA,595.45,0.009237
7936,2021-03-31,SUNPHARMA,597.65,0.003695
7937,2021-04-30,SUNPHARMA,653.9,0.094119
7938,2021-05-31,SUNPHARMA,668.0,0.021563
7939,2021-06-30,SUNPHARMA,674.55,0.009805
7940,2021-07-31,SUNPHARMA,773.5,0.14669
7941,2021-08-31,SUNPHARMA,794.85,0.027602
7942,2021-09-30,SUNPHARMA,817.8,0.028873
7943,2021-10-31,SUNPHARMA,796.0,-0.026657
7944,2021-11-30,SUNPHARMA,751.6,-0.055779
7945,2021-12-31,SUNPHARMA,844.5,0.123603
7946,2022-01-31,SUNPHARMA,834.0,-0.012433
7947,2022-02-28,SUNPHARMA,844.2,0.01223
7948,2022-03-31,SUNPHARMA,914.0,0.082682
7949,2022-04-30,SUNPHARMA,930.0,0.017505
7950,2022-05-31,SUNPHARMA,861.1,-0.074086
7951,2022-06-30,SUNPHARMA,831.0,-0.034955
7952,2022-07-31,SUNPHARMA,943.6,0.135499
7953,2022-08-31,SUNPHARMA,891.6,-0.055108
7954,2022-09-30,SUNPHARMA,947.3,0.062472
7955,2022-10-31,SUNPHARMA,1017.65,0.074264
7956,2022-11-30,SUNPHARMA,1053.2,0.034933
7957,2022-12-31,SUNPHARMA,1000.0,-0.050513
7958,2023-01-31,SUNPHARMA,1037.05,0.03705
7959,2023-02-28,SUNPHARMA,958.4,-0.07584
7960,2023-03-31,SUNPHARMA,982.2,0.024833
7961,2023-04-30,SUNPHARMA,986.45,0.004327
7962,2023-05-31,SUNPHARMA,976.0,-0.010594
7963,2023-06-30,SUNPHARMA,1051.0,0.076844
7964,2023-07-31,SUNPHARMA,1142.9,0.087441
7965,2023-08-31,SUNPHARMA,1113.35,-0.025855
7966,2023-09-30,SUNPHARMA,1159.55,0.041496
7967,2023-10-31,SUNPHARMA,1085.0,-0.064292
7968,2023-11-30,SUNPHARMA,1225.5,0.129493
7969,2023-12-31,SUNPHARMA,1260.05,0.028193
7970,2024-01-31,SUNPHARMA,1415.0,0.122971
7971,2024-02-29,SUNPHARMA,1575.6,0.113498
7972,2024-03-31,SUNPHARMA,1627.0,0.032622
7973,2024-04-30,SUNPHARMA,1498.6,-0.078918
7974,2024-05-31,SUNPHARMA,1463.0,-0.023756
7975,2024-06-30,SUNPHARMA,1519.8,0.038824
7976,2024-07-31,SUNPHARMA,1717.5,0.130083
7977,2024-08-31,SUNPHARMA,1823.35,0.06163
7978,2024-09-30,SUNPHARMA,1926.0,0.056297
7979,2024-10-31,SUNPHARMA,1858.1,-0.035254
7980,2024-11-30,SUNPHARMA,1784.0,-0.039879
7981,2024-12-31,SUNPHARMA,1890.0,0.059417
7982,2025-01-31,SUNPHARMA,1759.9,-0.068836
7983,2025-02-28,SUNPHARMA,1590.0,-0.09654
7984,2025-03-31,SUNPHARMA,1733.95,0.090535
7985,2025-04-30,SUNPHARMA,1821.6,0.050549
7986,2025-05-31,SUNPHARMA,1674.9,-0.080534
7987,2025-06-30,SUNPHARMA,1676.0,0.000657
7988,2025-07-31,SUNPHARMA,1700.0,0.01432
7989,2025-08-31,SUNPHARMA,1595.2,-0.061647
-1,2006-01-31,SUZLON,211.2448,
-1,2006-02-28,SUZLON,198.7495,-0.059151
-1,2006-03-31,SUZLON,236.1825,0.188343
-1,2006-04-30,SUZLON,232.3283,-0.016319
-1,2006-05-31,SUZLON,177.6357,-0.235411
-1,2006-06-30,SUZLON,188.9351,0.06361
-1,2006-07-31,SUZLON,196.5255,0.040175
-1,2006-08-31,SUZLON,218.7625,0.113151
-1,2006-09-30,SUZLON,224.4884,0.026174
-1,2006-10-31,SUZLON,237.7759,0.05919
-1,2006-11-30,SUZLON,263.8965,0.109854
-1,2006-12-31,SUZLON,237.176,-0.101254
-1,2007-01-31,SUZLON,207.7017,-0.124272
-1,2007-02-28,SUZLON,189.4609,-0.087822
-1,2007-03-31,SUZLON,182.0446,-0.039144
-1,2007-04-30,SUZLON,216.922,0.191587
-1,2007-05-31,SUZLON,235.4722,0.085516
-1,2007-06-30,SUZLON,273.139,0.159963
-1,2007-07-31,SUZLON,232.1842,-0.149941
-1,2007-08-31,SUZLON,231.2343,-0.004091
-1,2007-09-30,SUZLON,265.0741,0.146344
-1,2007-10-31,SUZLON,360.5106,0.360037
-1,2007-11-30,SUZLON,346.518,-0.038813
-1,2007-12-31,SUZLON,353.7975,0.021008
-1,2008-01-31,SUZLON,282.1356,-0.202551
-1,2008-02-29,SUZLON,257.0183,-0.089026
-1,2008-03-31,SUZLON,240.9432,-0.062545
-1,2008-04-30,SUZLON,262.3158,0.088704
-1,2008-05-31,SUZLON,253.3649,-0.034123
-1,2008-06-30,SUZLON,197.2392,-0.221521
-1,2008-07-31,SUZLON,203.7697,0.03311
-1,2008-08-31,SUZLON,200.2166,-0.017437
-1,2008-09-30,SUZLON,139.6603,-0.302454
-1,2008-10-31,SUZLON,40.7687,-0.708087
-1,2008-11-30,SUZLON,38.2436,-0.061937
-1,2008-12-31,SUZLON,57.2047,0.495798
-1,2009-01-31,SUZLON,43.3856,-0.241573
-1,2009-02-28,SUZLON,37.3254,-0.139682
-1,2009-03-31,SUZLON,38.8864,0.041821
-1,2009-04-30,SUZLON,58.6739,0.508854
-1,2009-05-31,SUZLON,89.8932,0.532082
-1,2009-06-30,SUZLON,95.2647,0.059754
-1,2009-07-31,SUZLON,91.6378,-0.038072
-1,2009-08-31,SUZLON,86.0367,-0.061122
-1,2009-09-30,SUZLON,84.1084,-0.022413
-1,2009-10-31,SUZLON,61.3826,-0.270197
-1,2009-11-30,SUZLON,72.3553,0.178759
-1,2009-12-31,SUZLON,82.9606,0.146573
-1,2010-01-31,SUZLON,70.932,-0.144992
-1,2010-02-28,SUZLON,65.9737,-0.069902
-1,2010-03-31,SUZLON,65.9737,0.0
-1,2010-04-30,SUZLON,63.3109,-0.040362
-1,2010-05-31,SUZLON,51.6495,-0.184193
-1,2010-06-30,SUZLON,53.1646,0.029334
-1,2010-07-31,SUZLON,51.8791,-0.02418
-1,2010-08-31,SUZLON,42.4674,-0.181416
-1,2010-09-30,SUZLON,48.1144,0.132973
-1,2010-10-31,SUZLON,50.915,0.058207
-1,2010-11-30,SUZLON,43.8447,-0.138865
-1,2010-12-31,SUZLON,50.2263,0.14555
-1,2011-01-31,SUZLON,45.3598,-0.096891
-1,2011-02-28,SUZLON,42.8347,-0.055668
-1,2011-03-31,SUZLON,40.9523,-0.043946
-1,2011-04-30,SUZLON,48.8031,0.191706
-1,2011-05-31,SUZLON,49.4917,0.01411
-1,2011-06-30,SUZLON,44.0284,-0.110388
-1,2011-07-31,SUZLON,48.1144,0.092804
-1,2011-08-31,SUZLON,33.8362,-0.296755
-1,2011-09-30,SUZLON,33.4689,-0.010855
-1,2011-10-31,SUZLON,35.3971,0.057612
-1,2011-11-30,SUZLON,21.3026,-0.398182
-1,2011-12-31,SUZLON,16.5279,-0.224137
-1,2012-01-31,SUZLON,25.71,0.555552
-1,2012-02-29,SUZLON,24.4245,-0.05
-1,2012-03-31,SUZLON,23.1849,-0.050752
-1,2012-04-30,SUZLON,20.8894,-0.099008
-1,2012-05-31,SUZLON,16.436,-0.213189
-1,2012-06-30,SUZLON,17.0788,0.039109
-1,2012-07-31,SUZLON,16.941,-0.008068
-1,2012-08-31,SUZLON,13.7732,-0.18699
-1,2012-09-30,SUZLON,16.2983,0.183334
-1,2012-10-31,SUZLON,14.5078,-0.109858
-1,2012-11-30,SUZLON,17.9511,0.237341
-1,2012-12-31,SUZLON,17.0329,-0.05115
-1,2013-01-31,SUZLON,22.5422,0.32345
-1,2013-02-28,SUZLON,14.6914,-0.348271
-1,2013-03-31,SUZLON,12.4877,-0.149999
-1,2013-04-30,SUZLON,13.36,0.069853
-1,2013-05-31,SUZLON,10.789,-0.19244
-1,2013-06-30,SUZLON,8.4017,-0.221272
-1,2013-07-31,SUZLON,6.3816,-0.240439
-1,2013-08-31,SUZLON,5.4634,-0.143882
-1,2013-09-30,SUZLON,6.0143,0.100835
-1,2013-10-31,SUZLON,8.8149,0.465657
-1,2013-11-30,SUZLON,9.0444,0.026035
-1,2013-12-31,SUZLON,9.4576,0.045686
-1,2014-01-31,SUZLON,9.8249,0.038836
-1,2014-02-28,SUZLON,9.274,-0.056072
-1,2014-03-31,SUZLON,10.1922,0.099008
-1,2014-04-30,SUZLON,11.9827,0.175674
-1,2014-05-31,SUZLON,20.2007,0.685822
-1,2014-06-30,SUZLON,26.0314,0.288639
-1,2014-07-31,SUZLON,19.9252,-0.234571
-1,2014-08-31,SUZLON,19.7875,-0.006911
-1,2014-09-30,SUZLON,11.845,-0.40139
-1,2014-10-31,SUZLON,12.35,0.042634
-1,2014-11-30,SUZLON,12.9009,0.044607
-1,2014-12-31,SUZLON,13.4977,0.04626
-1,2015-01-31,SUZLON,14.8751,0.102047
-1,2015-02-28,SUZLON,25.5263,0.716042
-1,2015-03-31,SUZLON,25.1132,-0.016183
12190,2015-04-30,SUZLON,23.8,-0.052291
12191,2015-05-31,SUZLON,25.2,0.058824
12192,2015-06-30,SUZLON,22.2,-0.119048
12193,2015-07-31,SUZLON,21.9,-0.013514
12194,2015-08-31,SUZLON,22.1,0.009132
12195,2015-09-30,SUZLON,20.85,-0.056561
12196,2015-10-31,SUZLON,24.6,0.179856
12197,2015-11-30,SUZLON,21.7,-0.117886
12198,2015-12-31,SUZLON,20.85,-0.039171
12199,2016-01-31,SUZLON,20.3,-0.026379
12200,2016-02-29,SUZLON,13.5,-0.334975
12201,2016-03-31,SUZLON,14.2,0.051852
12202,2016-04-30,SUZLON,14.95,0.052817
12203,2016-05-31,SUZLON,15.9,0.063545
12204,2016-06-30,SUZLON,17.4,0.09434
12205,2016-07-31,SUZLON,17.45,0.002874
12206,2016-08-31,SUZLON,15.8,-0.094556
12207,2016-09-30,SUZLON,14.85,-0.060127
12208,2016-10-31,SUZLON,15.45,0.040404
12209,2016-11-30,SUZLON,14.8,-0.042071
12210,2016-12-31,SUZLON,13.8,-0.067568
12211,2017-01-31,SUZLON,17.1,0.23913
12212,2017-02-28,SUZLON,18.1,0.05848
12213,2017-03-31,SUZLON,19.1,0.055249
12214,2017-04-30,SUZLON,20.6,0.078534
12215,2017-05-31,SUZLON,19.3,-0.063107
12216,2017-06-30,SUZLON,18.75,-0.028497
12217,2017-07-31,SUZLON,18.95,0.010667
12218,2017-08-31,SUZLON,16.3,-0.139842
12219,2017-09-30,SUZLON,15.6,-0.042945
12220,2017-10-31,SUZLON,16.95,0.086538
12221,2017-11-30,SUZLON,13.95,-0.176991
12222,2017-12-31,SUZLON,15.55,0.114695
12223,2018-01-31,SUZLON,14.6,-0.061093
12224,2018-02-28,SUZLON,12.8,-0.123288
12225,2018-03-31,SUZLON,10.7,-0.164063
12226,2018-04-30,SUZLON,10.9,0.018692
12227,2018-05-31,SUZLON,8.75,-0.197248
12228,2018-06-30,SUZLON,7.5,-0.142857
12229,2018-07-31,SUZLON,7.8,0.04
12230,2018-08-31,SUZLON,7.15,-0.083333
12231,2018-09-30,SUZLON,5.45,-0.237762
12232,2018-10-31,SUZLON,6.25,0.146789
12233,2018-11-30,SUZLON,5.15,-0.176
12234,2018-12-31,SUZLON,5.4,0.048544
12235,2019-01-31,SUZLON,4.7,-0.12963
12236,2019-02-28,SUZLON,5.75,0.223404
12237,2019-03-31,SUZLON,6.15,0.069565
12238,2019-04-30,SUZLON,6.85,0.113821
12239,2019-05-31,SUZLON,5.45,-0.20438
12240,2019-06-30,SUZLON,5.25,-0.036697
12241,2019-07-31,SUZLON,4.2,-0.2
12242,2019-08-31,SUZLON,3.7,-0.119048
12243,2019-09-30,SUZLON,2.25,-0.391892
12244,2019-10-31,SUZLON,2.65,0.177778
12245,2019-11-30,SUZLON,2.3,-0.132075
12246,2019-12-31,SUZLON,1.85,-0.195652
12247,2020-01-31,SUZLON,2.4,0.297297
12248,2020-02-29,SUZLON,2.7,0.125
12249,2020-03-31,SUZLON,1.95,-0.277778
12250,2020-04-30,SUZLON,2.6,0.333333
12251,2020-05-31,SUZLON,2.8,0.076923
12252,2020-06-30,SUZLON,5.05,0.803571
12253,2020-07-31,SUZLON,4.3,-0.148515
12254,2020-08-31,SUZLON,3.75,-0.127907
12255,2020-09-30,SUZLON,2.9,-0.226667
12256,2020-10-31,SUZLON,3.65,0.258621
12257,2020-11-30,SUZLON,3.45,-0.054795
12258,2020-12-31,SUZLON,6.4,0.855072
12259,2021-01-31,SUZLON,6.3,-0.015625
12260,2021-02-28,SUZLON,5.8,-0.079365
12261,2021-03-31,SUZLON,5.0,-0.137931
12262,2021-04-30,SUZLON,4.8,-0.04
12263,2021-05-31,SUZLON,5.7,0.1875
12264,2021-06-30,SUZLON,8.0,0.403509
12265,2021-07-31,SUZLON,6.3,-0.2125
12266,2021-08-31,SUZLON,6.05,-0.039683
12267,2021-09-30,SUZLON,6.45,0.066116
12268,2021-10-31,SUZLON,6.75,0.046512
12269,2021-11-30,SUZLON,6.85,0.014815
12270,2021-12-31,SUZLON,10.2,0.489051
12271,2022-01-31,SUZLON,11.65,0.142157
2933,2024-12-31,SWIGGY,542.0,
2934,2025-01-31,SWIGGY,417.4,-0.229889
2935,2025-02-28,SWIGGY,335.0,-0.197413
2936,2025-03-31,SWIGGY,329.45,-0.016567
2937,2025-04-30,SWIGGY,316.05,-0.040674
2938,2025-05-31,SWIGGY,331.9,0.05015
2939,2025-06-30,SWIGGY,400.0,0.205182
2940,2025-07-31,SWIGGY,403.95,0.009875
2941,2025-08-31,SWIGGY,392.7,-0.02785
-1,2006-01-31,TATACOMM,176.9871,
-1,2006-02-28,TATACOMM,168.6241,-0.047252
-1,2006-03-31,TATACOMM,217.0235,0.287025
-1,2006-04-30,TATACOMM,203.6472,-0.061635
-1,2006-05-31,TATACOMM,175.8089,-0.136699
-1,2006-06-30,TATACOMM,184.865,0.051511
-1,2006-07-31,TATACOMM,163.7726,-0.114096
-1,2006-08-31,TATACOMM,192.9739,0.178304
-1,2006-09-30,TATACOMM,187.3087,-0.029357
-1,2006-10-31,TATACOMM,204.9426,0.094144
-1,2006-11-30,TATACOMM,201.1757,-0.01838
-1,2006-12-31,TATACOMM,200.1868,-0.004916
-1,2007-01-31,TATACOMM,217.6558,0.087263
-1,2007-02-28,TATACOMM,172.2412,-0.208653
-1,2007-03-31,TATACOMM,189.4276,0.099781
-1,2007-04-30,TATACOMM,206.4493,0.089859
-1,2007-05-31,TATACOMM,219.1626,0.061581
-1,2007-06-30,TATACOMM,220.9753,0.008271
-1,2007-07-31,TATACOMM,215.278,-0.025783
-1,2007-08-31,TATACOMM,192.3326,-0.106585
-1,2007-09-30,TATACOMM,209.3284,0.088367
-1,2007-10-31,TATACOMM,266.4594,0.272925
-1,2007-11-30,TATACOMM,300.2119,0.12667
-1,2007-12-31,TATACOMM,365.4702,0.217374
-1,2008-01-31,TATACOMM,248.5312,-0.319969
-1,2008-02-29,TATACOMM,244.85,-0.014812
-1,2008-03-31,TATACOMM,245.2324,0.001562
-1,2008-04-30,TATACOMM,238.3481,-0.028073
-1,2008-05-31,TATACOMM,243.4397,0.021362
-1,2008-06-30,TATACOMM,178.1813,-0.268068
-1,2008-07-31,TATACOMM,215.4479,0.20915
-1,2008-08-31,TATACOMM,201.3185,-0.065582
-1,2008-09-30,TATACOMM,229.388,0.139428
-1,2008-10-31,TATACOMM,235.5069,0.026675
-1,2008-11-30,TATACOMM,191.5087,-0.186823
-1,2008-12-31,TATACOMM,243.6655,0.272347
-1,2009-01-31,TATACOMM,220.0153,-0.09706
-1,2009-02-28,TATACOMM,196.365,-0.107494
-1,2009-03-31,TATACOMM,251.7269,0.281934
-1,2009-04-30,TATACOMM,263.2122,0.045626
-1,2009-05-31,TATACOMM,227.1784,-0.1369
-1,2009-06-30,TATACOMM,230.6991,0.015498
-1,2009-07-31,TATACOMM,245.3895,0.063678
-1,2009-08-31,TATACOMM,247.7063,0.009441
-1,2009-09-30,TATACOMM,238.9819,-0.035221
-1,2009-10-31,TATACOMM,192.9452,-0.192637
-1,2009-11-30,TATACOMM,187.9176,-0.026057
-1,2009-12-31,TATACOMM,165.6879,-0.118295
-1,2010-01-31,TATACOMM,157.9248,-0.046854
-1,2010-02-28,TATACOMM,139.2932,-0.117978
-1,2010-03-31,TATACOMM,138.3567,-0.006723
-1,2010-04-30,TATACOMM,133.2305,-0.037051
-1,2010-05-31,TATACOMM,120.8834,-0.092675
-1,2010-06-30,TATACOMM,129.2874,0.069522
-1,2010-07-31,TATACOMM,133.4524,0.032215
-1,2010-08-31,TATACOMM,164.1353,0.229916
-1,2010-09-30,TATACOMM,151.0981,-0.07943
-1,2010-10-31,TATACOMM,150.9503,-0.000978
-1,2010-11-30,TATACOMM,134.1671,-0.111184
-1,2010-12-31,TATACOMM,125.7138,-0.063006
-1,2011-01-31,TATACOMM,114.8701,-0.086257
-1,2011-02-28,TATACOMM,104.2234,-0.092685
-1,2011-03-31,TATACOMM,117.8028,0.130291
-1,2011-04-30,TATACOMM,116.9402,-0.007322
-1,2011-05-31,TATACOMM,105.924,-0.094204
-1,2011-06-30,TATACOMM,97.1504,-0.082829
-1,2011-07-31,TATACOMM,109.7686,0.129883
-1,2011-08-31,TATACOMM,100.2063,-0.087113
-1,2011-09-30,TATACOMM,91.8517,-0.083374
-1,2011-10-31,TATACOMM,94.7735,0.03181
-1,2011-11-30,TATACOMM,96.0265,0.013221
-1,2011-12-31,TATACOMM,106.5011,0.10908
-1,2012-01-31,TATACOMM,113.0917,0.061883
-1,2012-02-29,TATACOMM,117.1011,0.035453
-1,2012-03-31,TATACOMM,113.217,-0.033169
-1,2012-04-30,TATACOMM,119.156,0.052457
-1,2012-05-31,TATACOMM,109.2827,-0.08286
-1,2012-06-30,TATACOMM,116.625,0.067186
-1,2012-07-31,TATACOMM,123.7167,0.060808
-1,2012-08-31,TATACOMM,116.632,-0.057266
-1,2012-09-30,TATACOMM,123.5645,0.059439
-1,2012-10-31,TATACOMM,123.7422,0.001438
-1,2012-11-30,TATACOMM,121.4314,-0.018674
-1,2012-12-31,TATACOMM,119.6792,-0.01443
-1,2013-01-31,TATACOMM,118.2064,-0.012306
-1,2013-02-28,TATACOMM,113.2039,-0.04232
-1,2013-03-31,TATACOMM,118.8159,0.049574
-1,2013-04-30,TATACOMM,116.1242,-0.022654
-1,2013-05-31,TATACOMM,104.8749,-0.096873
-1,2013-06-30,TATACOMM,79.8116,-0.238983
-1,2013-07-31,TATACOMM,74.936,-0.061089
-1,2013-08-31,TATACOMM,86.1198,0.149245
-1,2013-09-30,TATACOMM,98.4226,0.142857
-1,2013-10-31,TATACOMM,137.8386,0.400477
-1,2013-11-30,TATACOMM,150.2198,0.089824
-1,2013-12-31,TATACOMM,161.4778,0.074944
-1,2014-01-31,TATACOMM,144.1859,-0.107085
-1,2014-02-28,TATACOMM,144.7345,0.003805
-1,2014-03-31,TATACOMM,160.433,0.108464
-1,2014-04-30,TATACOMM,147.8689,-0.078314
-1,2014-05-31,TATACOMM,181.6952,0.228759
-1,2014-06-30,TATACOMM,205.2821,0.129816
-1,2014-07-31,TATACOMM,194.0241,-0.054842
-1,2014-08-31,TATACOMM,200.2674,0.032178
-1,2014-09-30,TATACOMM,190.9948,-0.046301
-1,2014-10-31,TATACOMM,214.6027,0.123605
-1,2014-11-30,TATACOMM,244.3391,0.138565
-1,2014-12-31,TATACOMM,234.9865,-0.038277
-1,2015-01-31,TATACOMM,218.7594,-0.069055
-1,2015-02-28,TATACOMM,212.7108,-0.02765
-1,2015-03-31,TATACOMM,224.8878,0.057247
11944,2015-04-30,TATACOMM,435.45,0.936299
11945,2015-05-31,TATACOMM,436.55,0.002526
11946,2015-06-30,TATACOMM,443.1,0.015004
11947,2015-07-31,TATACOMM,450.45,0.016588
11948,2015-08-31,TATACOMM,392.5,-0.128649
11949,2015-09-30,TATACOMM,413.6,0.053758
11950,2015-10-31,TATACOMM,429.0,0.037234
11951,2015-11-30,TATACOMM,431.6,0.006061
11952,2015-12-31,TATACOMM,435.85,0.009847
11953,2016-01-31,TATACOMM,400.0,-0.082253
11954,2016-02-29,TATACOMM,330.9,-0.17275
11955,2016-03-31,TATACOMM,377.6,0.14113
11956,2016-04-30,TATACOMM,413.2,0.09428
11957,2016-05-31,TATACOMM,457.25,0.106607
11958,2016-06-30,TATACOMM,480.45,0.050738
11959,2016-07-31,TATACOMM,440.6,-0.082943
11960,2016-08-31,TATACOMM,526.05,0.19394
11961,2016-09-30,TATACOMM,565.65,0.075278
11962,2016-10-31,TATACOMM,632.0,0.117299
11963,2016-11-30,TATACOMM,657.95,0.04106
11964,2016-12-31,TATACOMM,627.6,-0.046128
11965,2017-01-31,TATACOMM,706.6,0.125876
11966,2017-02-28,TATACOMM,737.15,0.043235
11967,2017-03-31,TATACOMM,722.05,-0.020484
11968,2017-04-30,TATACOMM,721.05,-0.001385
11969,2017-05-31,TATACOMM,730.35,0.012898
11970,2017-06-30,TATACOMM,722.9,-0.010201
11971,2017-07-31,TATACOMM,671.1,-0.071656
11972,2017-08-31,TATACOMM,651.9,-0.02861
11973,2017-09-30,TATACOMM,685.3,0.051235
11974,2017-10-31,TATACOMM,684.45,-0.00124
11975,2017-11-30,TATACOMM,689.85,0.00789
11976,2017-12-31,TATACOMM,681.55,-0.012032
11977,2018-01-31,TATACOMM,615.35,-0.097132
11978,2018-02-28,TATACOMM,642.35,0.043877
11979,2018-03-31,TATACOMM,620.15,-0.034561
11980,2018-04-30,TATACOMM,623.8,0.005886
11981,2018-05-31,TATACOMM,617.35,-0.01034
11982,2018-06-30,TATACOMM,592.75,-0.039848
11983,2018-07-31,TATACOMM,578.6,-0.023872
11984,2018-08-31,TATACOMM,540.0,-0.066713
11985,2018-09-30,TATACOMM,500.5,-0.073148
11986,2018-10-31,TATACOMM,491.4,-0.018182
11987,2018-11-30,TATACOMM,538.05,0.094933
11988,2018-12-31,TATACOMM,524.3,-0.025555
11989,2019-01-31,TATACOMM,495.95,-0.054072
11990,2019-02-28,TATACOMM,590.1,0.189838
11991,2019-03-31,TATACOMM,612.75,0.038383
11992,2019-04-30,TATACOMM,561.15,-0.084211
11993,2019-05-31,TATACOMM,541.0,-0.035908
11994,2019-06-30,TATACOMM,484.95,-0.103604
11995,2019-07-31,TATACOMM,469.2,-0.032478
11996,2019-08-31,TATACOMM,430.35,-0.082801
11997,2019-09-30,TATACOMM,375.1,-0.128384
11998,2019-10-31,TATACOMM,352.15,-0.061184
11999,2019-11-30,TATACOMM,445.15,0.264092
12000,2019-12-31,TATACOMM,396.95,-0.108278
12001,2020-01-31,TATACOMM,416.4,0.048999
12002,2020-02-29,TATACOMM,360.9,-0.133285
12003,2020-03-31,TATACOMM,233.15,-0.353976
12004,2020-04-30,TATACOMM,430.55,0.846665
12005,2020-05-31,TATACOMM,476.7,0.107188
12006,2020-06-30,TATACOMM,611.75,0.283302
12007,2020-07-31,TATACOMM,759.75,0.241929
12008,2020-08-31,TATACOMM,870.65,0.145969
12009,2020-09-30,TATACOMM,847.4,-0.026704
12010,2020-10-31,TATACOMM,933.3,0.101369
12011,2020-11-30,TATACOMM,1061.55,0.137416
12012,2020-12-31,TATACOMM,1100.7,0.03688
12013,2021-01-31,TATACOMM,1006.0,-0.086036
12014,2021-02-28,TATACOMM,1081.7,0.075249
12015,2021-03-31,TATACOMM,1062.8,-0.017472
12016,2021-04-30,TATACOMM,1100.2,0.03519
12017,2021-05-31,TATACOMM,1074.0,-0.023814
12018,2021-06-30,TATACOMM,1287.1,0.198417
12019,2021-07-31,TATACOMM,1442.35,0.12062
12020,2021-08-31,TATACOMM,1419.15,-0.016085
12021,2021-09-30,TATACOMM,1391.75,-0.019307
12022,2021-10-31,TATACOMM,1307.4,-0.060607
12023,2021-11-30,TATACOMM,1299.25,-0.006234
12024,2021-12-31,TATACOMM,1464.45,0.12715
12025,2022-01-31,TATACOMM,1487.55,0.015774
4372,2015-03-31,TATACONSUM,147.0,
4373,2015-04-30,TATACONSUM,141.05,-0.040476
4374,2015-05-31,TATACONSUM,144.3,0.023041
4375,2015-06-30,TATACONSUM,130.5,-0.095634
4376,2015-07-31,TATACONSUM,138.3,0.05977
4377,2015-08-31,TATACONSUM,118.25,-0.144975
4378,2015-09-30,TATACONSUM,126.1,0.066385
4379,2015-10-31,TATACONSUM,132.75,0.052736
4380,2015-11-30,TATACONSUM,135.85,0.023352
4381,2015-12-31,TATACONSUM,144.7,0.065145
4382,2016-01-31,TATACONSUM,125.1,-0.135453
4383,2016-02-29,TATACONSUM,102.55,-0.180256
4384,2016-03-31,TATACONSUM,119.7,0.167235
4385,2016-04-30,TATACONSUM,118.65,-0.008772
4386,2016-05-31,TATACONSUM,116.65,-0.016856
4387,2016-06-30,TATACONSUM,130.0,0.114445
4388,2016-07-31,TATACONSUM,140.75,0.082692
4389,2016-08-31,TATACONSUM,138.4,-0.016696
4390,2016-09-30,TATACONSUM,137.85,-0.003974
4391,2016-10-31,TATACONSUM,137.5,-0.002539
4392,2016-11-30,TATACONSUM,122.3,-0.110545
4393,2016-12-31,TATACONSUM,120.5,-0.014718
4394,2017-01-31,TATACONSUM,127.1,0.054772
4395,2017-02-28,TATACONSUM,136.45,0.073564
4396,2017-03-31,TATACONSUM,148.65,0.08941
4397,2017-04-30,TATACONSUM,150.9,0.015136
4398,2017-05-31,TATACONSUM,147.85,-0.020212
4399,2017-06-30,TATACONSUM,148.65,0.005411
4400,2017-07-31,TATACONSUM,168.0,0.130172
4401,2017-08-31,TATACONSUM,195.75,0.165179
4402,2017-09-30,TATACONSUM,204.35,0.043934
4403,2017-10-31,TATACONSUM,224.7,0.099584
4404,2017-11-30,TATACONSUM,284.55,0.266355
4405,2017-12-31,TATACONSUM,312.15,0.096995
4406,2018-01-31,TATACONSUM,287.55,-0.078808
4407,2018-02-28,TATACONSUM,272.0,-0.054078
4408,2018-03-31,TATACONSUM,255.95,-0.059007
4409,2018-04-30,TATACONSUM,294.2,0.149443
4410,2018-05-31,TATACONSUM,265.75,-0.096703
4411,2018-06-30,TATACONSUM,265.9,0.000564
4412,2018-07-31,TATACONSUM,244.55,-0.080293
4413,2018-08-31,TATACONSUM,231.75,-0.052341
4414,2018-09-30,TATACONSUM,230.15,-0.006904
4415,2018-10-31,TATACONSUM,214.3,-0.068868
4416,2018-11-30,TATACONSUM,215.0,0.003266
4417,2018-12-31,TATACONSUM,216.85,0.008605
4418,2019-01-31,TATACONSUM,200.35,-0.076089
4419,2019-02-28,TATACONSUM,191.55,-0.043923
4420,2019-03-31,TATACONSUM,201.7,0.052989
4421,2019-04-30,TATACONSUM,206.55,0.024046
4422,2019-05-31,TATACONSUM,241.7,0.170177
4423,2019-06-30,TATACONSUM,266.25,0.101572
4424,2019-07-31,TATACONSUM,247.5,-0.070423
4425,2019-08-31,TATACONSUM,274.65,0.109697
4426,2019-09-30,TATACONSUM,272.6,-0.007464
4427,2019-10-31,TATACONSUM,313.1,0.148569
4428,2019-11-30,TATACONSUM,318.65,0.017726
4429,2019-12-31,TATACONSUM,317.3,-0.004237
4430,2020-01-31,TATACONSUM,379.3,0.195399
4431,2020-02-29,TATACONSUM,344.5,-0.091748
4432,2020-03-31,TATACONSUM,291.35,-0.154282
4433,2020-04-30,TATACONSUM,347.1,0.191351
4434,2020-05-31,TATACONSUM,356.6,0.02737
4435,2020-06-30,TATACONSUM,383.25,0.074734
4436,2020-07-31,TATACONSUM,423.25,0.104371
4437,2020-08-31,TATACONSUM,526.5,0.243946
4438,2020-09-30,TATACONSUM,493.35,-0.062963
4439,2020-10-31,TATACONSUM,486.7,-0.013479
4440,2020-11-30,TATACONSUM,530.45,0.089891
4441,2020-12-31,TATACONSUM,583.25,0.099538
4442,2021-01-31,TATACONSUM,548.2,-0.060094
4443,2021-02-28,TATACONSUM,599.2,0.093032
4444,2021-03-31,TATACONSUM,628.7,0.049232
4445,2021-04-30,TATACONSUM,660.8,0.051058
4446,2021-05-31,TATACONSUM,655.25,-0.008399
4447,2021-06-30,TATACONSUM,746.85,0.139794
4448,2021-07-31,TATACONSUM,745.75,-0.001473
4449,2021-08-31,TATACONSUM,856.1,0.147972
4450,2021-09-30,TATACONSUM,802.9,-0.062142
4451,2021-10-31,TATACONSUM,802.05,-0.001059
4452,2021-11-30,TATACONSUM,771.4,-0.038215
4453,2021-12-31,TATACONSUM,734.45,-0.0479
4454,2022-01-31,TATACONSUM,718.05,-0.02233
4455,2022-02-28,TATACONSUM,707.2,-0.01511
4456,2022-03-31,TATACONSUM,767.75,0.085619
4457,2022-04-30,TATACONSUM,814.25,0.060567
4458,2022-05-31,TATACONSUM,764.5,-0.061099
4459,2022-06-30,TATACONSUM,696.1,-0.08947
4460,2022-07-31,TATACONSUM,801.1,0.15084
4461,2022-08-31,TATACONSUM,799.3,-0.002247
4462,2022-09-30,TATACONSUM,792.15,-0.008945
4463,2022-10-31,TATACONSUM,761.05,-0.03926
4464,2022-11-30,TATACONSUM,806.0,0.059063
4465,2022-12-31,TATACONSUM,760.55,-0.05639
4466,2023-01-31,TATACONSUM,721.05,-0.051936
4467,2023-02-28,TATACONSUM,707.15,-0.019277
4468,2023-03-31,TATACONSUM,702.25,-0.006929
4469,2023-04-30,TATACONSUM,752.55,0.071627
4470,2023-05-31,TATACONSUM,786.2,0.044715
4471,2023-06-30,TATACONSUM,849.1,0.080005
4472,2023-07-31,TATACONSUM,848.45,-0.000766
4473,2023-08-31,TATACONSUM,826.7,-0.025635
4474,2023-09-30,TATACONSUM,866.75,0.048446
4475,2023-10-31,TATACONSUM,889.0,0.025671
4476,2023-11-30,TATACONSUM,927.1,0.042857
4477,2023-12-31,TATACONSUM,1075.65,0.160231
4478,2024-01-31,TATACONSUM,1105.25,0.027518
4479,2024-02-29,TATACONSUM,1177.35,0.065234
4480,2024-03-31,TATACONSUM,1086.5,-0.077165
4481,2024-04-30,TATACONSUM,1093.95,0.006857
4482,2024-05-31,TATACONSUM,1041.8,-0.047671
4483,2024-06-30,TATACONSUM,1084.5,0.040987
4484,2024-07-31,TATACONSUM,1188.0,0.095436
4485,2024-08-31,TATACONSUM,1202.5,0.012205
4486,2024-09-30,TATACONSUM,1197.0,-0.004574
4487,2024-10-31,TATACONSUM,1002.4,-0.162573
4488,2024-11-30,TATACONSUM,958.9,-0.043396
4489,2024-12-31,TATACONSUM,915.0,-0.045782
4490,2025-01-31,TATACONSUM,1027.0,0.122404
4491,2025-02-28,TATACONSUM,966.3,-0.059104
4492,2025-03-31,TATACONSUM,1002.0,0.036945
4493,2025-04-30,TATACONSUM,1160.0,0.157685
4494,2025-05-31,TATACONSUM,1109.0,-0.043966
4495,2025-06-30,TATACONSUM,1098.1,-0.009829
4496,2025-07-31,TATACONSUM,1072.5,-0.023313
4497,2025-08-31,TATACONSUM,1052.8,-0.018368
4120,2015-03-31,TATAMOTORS,550.6,
4121,2015-04-30,TATAMOTORS,509.8,-0.074101
4122,2015-05-31,TATAMOTORS,483.7,-0.051197
4123,2015-06-30,TATAMOTORS,433.7,-0.10337
4124,2015-07-31,TATAMOTORS,384.0,-0.114595
4125,2015-08-31,TATAMOTORS,340.4,-0.113542
4126,2015-09-30,TATAMOTORS,298.0,-0.124559
4127,2015-10-31,TATAMOTORS,384.8,0.291275
4128,2015-11-30,TATAMOTORS,423.4,0.100312
4129,2015-12-31,TATAMOTORS,391.6,-0.075106
4130,2016-01-31,TATAMOTORS,336.8,-0.139939
4131,2016-02-29,TATAMOTORS,300.1,-0.108967
4132,2016-03-31,TATAMOTORS,388.7,0.295235
4133,2016-04-30,TATAMOTORS,408.1,0.04991
4134,2016-05-31,TATAMOTORS,455.2,0.115413
4135,2016-06-30,TATAMOTORS,458.5,0.00725
4136,2016-07-31,TATAMOTORS,503.35,0.097819
4137,2016-08-31,TATAMOTORS,537.7,0.068243
4138,2016-09-30,TATAMOTORS,534.6,-0.005765
4139,2016-10-31,TATAMOTORS,530.0,-0.008605
4140,2016-11-30,TATAMOTORS,458.4,-0.135094
4141,2016-12-31,TATAMOTORS,470.4,0.026178
4142,2017-01-31,TATAMOTORS,522.35,0.110438
4143,2017-02-28,TATAMOTORS,457.0,-0.125108
4144,2017-03-31,TATAMOTORS,467.5,0.022976
4145,2017-04-30,TATAMOTORS,459.35,-0.017433
4146,2017-05-31,TATAMOTORS,476.5,0.037335
4147,2017-06-30,TATAMOTORS,432.95,-0.091396
4148,2017-07-31,TATAMOTORS,444.3,0.026215
4149,2017-08-31,TATAMOTORS,377.0,-0.151474
4150,2017-09-30,TATAMOTORS,403.2,0.069496
4151,2017-10-31,TATAMOTORS,428.4,0.0625
4152,2017-11-30,TATAMOTORS,404.7,-0.055322
4153,2017-12-31,TATAMOTORS,430.85,0.064616
4154,2018-01-31,TATAMOTORS,400.0,-0.071603
4155,2018-02-28,TATAMOTORS,369.85,-0.075375
4156,2018-03-31,TATAMOTORS,327.3,-0.115047
4157,2018-04-30,TATAMOTORS,340.75,0.041094
4158,2018-05-31,TATAMOTORS,283.15,-0.169039
4159,2018-06-30,TATAMOTORS,268.9,-0.050327
4160,2018-07-31,TATAMOTORS,263.6,-0.01971
4161,2018-08-31,TATAMOTORS,266.95,0.012709
4162,2018-09-30,TATAMOTORS,224.0,-0.160892
4163,2018-10-31,TATAMOTORS,178.65,-0.202455
4164,2018-11-30,TATAMOTORS,172.2,-0.036104
4165,2018-12-31,TATAMOTORS,173.05,0.004936
4166,2019-01-31,TATAMOTORS,179.95,0.039873
4167,2019-02-28,TATAMOTORS,177.1,-0.015838
4168,2019-03-31,TATAMOTORS,173.9,-0.018069
4169,2019-04-30,TATAMOTORS,214.65,0.23433
4170,2019-05-31,TATAMOTORS,172.55,-0.196133
4171,2019-06-30,TATAMOTORS,162.4,-0.058824
4172,2019-07-31,TATAMOTORS,135.75,-0.164101
4173,2019-08-31,TATAMOTORS,116.6,-0.141068
4174,2019-09-30,TATAMOTORS,117.45,0.00729
4175,2019-10-31,TATAMOTORS,177.9,0.514687
4176,2019-11-30,TATAMOTORS,160.95,-0.095278
4177,2019-12-31,TATAMOTORS,184.65,0.147251
4178,2020-01-31,TATAMOTORS,176.9,-0.041971
4179,2020-02-29,TATAMOTORS,129.6,-0.267383
4180,2020-03-31,TATAMOTORS,70.8,-0.453704
4181,2020-04-30,TATAMOTORS,93.75,0.324153
4182,2020-05-31,TATAMOTORS,86.45,-0.077867
4183,2020-06-30,TATAMOTORS,98.75,0.142279
4184,2020-07-31,TATAMOTORS,105.05,0.063797
4185,2020-08-31,TATAMOTORS,142.05,0.352213
4186,2020-09-30,TATAMOTORS,133.4,-0.060894
4187,2020-10-31,TATAMOTORS,133.25,-0.001124
4188,2020-11-30,TATAMOTORS,178.95,0.342964
4189,2020-12-31,TATAMOTORS,183.5,0.025426
4190,2021-01-31,TATAMOTORS,262.3,0.429428
4191,2021-02-28,TATAMOTORS,321.5,0.225696
4192,2021-03-31,TATAMOTORS,301.6,-0.061897
4193,2021-04-30,TATAMOTORS,293.25,-0.027686
4194,2021-05-31,TATAMOTORS,318.8,0.087127
4195,2021-06-30,TATAMOTORS,339.95,0.066343
4196,2021-07-31,TATAMOTORS,294.5,-0.133696
4197,2021-08-31,TATAMOTORS,287.6,-0.02343
4198,2021-09-30,TATAMOTORS,333.7,0.160292
4199,2021-10-31,TATAMOTORS,484.0,0.450405
4200,2021-11-30,TATAMOTORS,458.95,-0.051756
4201,2021-12-31,TATAMOTORS,482.8,0.051966
4202,2022-01-31,TATAMOTORS,517.9,0.072701
4203,2022-02-28,TATAMOTORS,453.95,-0.123479
4204,2022-03-31,TATAMOTORS,434.0,-0.043948
4205,2022-04-30,TATAMOTORS,436.6,0.005991
4206,2022-05-31,TATAMOTORS,442.5,0.013514
4207,2022-06-30,TATAMOTORS,411.0,-0.071186
4208,2022-07-31,TATAMOTORS,449.25,0.093066
4209,2022-08-31,TATAMOTORS,470.4,0.047078
4210,2022-09-30,TATAMOTORS,405.5,-0.137968
4211,2022-10-31,TATAMOTORS,412.25,0.016646
4212,2022-11-30,TATAMOTORS,439.4,0.065858
4213,2022-12-31,TATAMOTORS,388.0,-0.116978
4214,2023-01-31,TATAMOTORS,451.45,0.163531
4215,2023-02-28,TATAMOTORS,420.65,-0.068225
4216,2023-03-31,TATAMOTORS,420.95,0.000713
4217,2023-04-30,TATAMOTORS,484.0,0.14978
4218,2023-05-31,TATAMOTORS,525.0,0.084711
4219,2023-06-30,TATAMOTORS,595.2,0.133714
4220,2023-07-31,TATAMOTORS,644.3,0.082493
4221,2023-08-31,TATAMOTORS,601.9,-0.065808
4222,2023-09-30,TATAMOTORS,630.4,0.04735
4223,2023-10-31,TATAMOTORS,629.5,-0.001428
4224,2023-11-30,TATAMOTORS,706.0,0.121525
4225,2023-12-31,TATAMOTORS,779.4,0.103966
4226,2024-01-31,TATAMOTORS,884.8,0.135232
4227,2024-02-29,TATAMOTORS,954.0,0.07821
4228,2024-03-31,TATAMOTORS,994.85,0.04282
4229,2024-04-30,TATAMOTORS,1008.9,0.014123
4230,2024-05-31,TATAMOTORS,924.5,-0.083655
4231,2024-06-30,TATAMOTORS,989.45,0.070254
4232,2024-07-31,TATAMOTORS,1159.0,0.171358
4233,2024-08-31,TATAMOTORS,1109.5,-0.042709
4234,2024-09-30,TATAMOTORS,975.75,-0.12055
4235,2024-10-31,TATAMOTORS,835.25,-0.143992
4236,2024-11-30,TATAMOTORS,787.7,-0.056929
4237,2024-12-31,TATAMOTORS,741.8,-0.058271
4238,2025-01-31,TATAMOTORS,715.85,-0.034982
4239,2025-02-28,TATAMOTORS,621.2,-0.13222
4240,2025-03-31,TATAMOTORS,673.3,0.08387
4241,2025-04-30,TATAMOTORS,643.5,-0.04426
4242,2025-05-31,TATAMOTORS,718.65,0.116783
4243,2025-06-30,TATAMOTORS,688.3,-0.042232
4244,2025-07-31,TATAMOTORS,666.5,-0.031672
4245,2025-08-31,TATAMOTORS,652.85,-0.02048
-1,2006-01-31,TATAPOWER,34.77,
-1,2006-02-28,TATAPOWER,37.6737,0.083512
-1,2006-03-31,TATAPOWER,42.9208,0.139278
-1,2006-04-30,TATAPOWER,40.7357,-0.05091
-1,2006-05-31,TATAPOWER,36.8556,-0.095251
-1,2006-06-30,TATAPOWER,35.5586,-0.035191
-1,2006-07-31,TATAPOWER,36.056,0.013988
-1,2006-08-31,TATAPOWER,39.6,0.098292
-1,2006-09-30,TATAPOWER,42.6048,0.075879
-1,2006-10-31,TATAPOWER,40.5566,-0.048074
-1,2006-11-30,TATAPOWER,43.614,0.075386
-1,2006-12-31,TATAPOWER,42.0534,-0.035782
-1,2007-01-31,TATAPOWER,45.4259,0.080196
-1,2007-02-28,TATAPOWER,40.7216,-0.10356
-1,2007-03-31,TATAPOWER,38.2119,-0.061631
-1,2007-04-30,TATAPOWER,44.4055,0.162086
-1,2007-05-31,TATAPOWER,43.9478,-0.010307
-1,2007-06-30,TATAPOWER,50.3177,0.144942
-1,2007-07-31,TATAPOWER,55.1346,0.09573
-1,2007-08-31,TATAPOWER,52.0885,-0.055248
-1,2007-09-30,TATAPOWER,64.9861,0.247609
-1,2007-10-31,TATAPOWER,92.3254,0.420695
-1,2007-11-30,TATAPOWER,88.8947,-0.037159
-1,2007-12-31,TATAPOWER,111.8258,0.257958
-1,2008-01-31,TATAPOWER,97.2129,-0.130676
-1,2008-02-29,TATAPOWER,106.4896,0.095427
-1,2008-03-31,TATAPOWER,89.1153,-0.163155
-1,2008-04-30,TATAPOWER,106.1891,0.191592
-1,2008-05-31,TATAPOWER,103.0702,-0.029371
-1,2008-06-30,TATAPOWER,80.4053,-0.219898
-1,2008-07-31,TATAPOWER,88.0655,0.09527
-1,2008-08-31,TATAPOWER,79.9337,-0.092338
-1,2008-09-30,TATAPOWER,69.7135,-0.127858
-1,2008-10-31,TATAPOWER,52.995,-0.239817
-1,2008-11-30,TATAPOWER,51.3773,-0.030526
-1,2008-12-31,TATAPOWER,57.5713,0.120559
-1,2009-01-31,TATAPOWER,58.6242,0.018289
-1,2009-02-28,TATAPOWER,55.8576,-0.047192
-1,2009-03-31,TATAPOWER,59.066,0.057439
-1,2009-04-30,TATAPOWER,68.7951,0.164716
-1,2009-05-31,TATAPOWER,82.2629,0.195767
-1,2009-06-30,TATAPOWER,88.4031,0.074641
-1,2009-07-31,TATAPOWER,100.0073,0.131265
-1,2009-08-31,TATAPOWER,101.699,0.016916
-1,2009-09-30,TATAPOWER,102.4178,0.007068
-1,2009-10-31,TATAPOWER,104.034,0.01578
-1,2009-11-30,TATAPOWER,105.2579,0.011764
-1,2009-12-31,TATAPOWER,107.3442,0.019821
-1,2010-01-31,TATAPOWER,101.396,-0.055412
-1,2010-02-28,TATAPOWER,94.2667,-0.070311
-1,2010-03-31,TATAPOWER,106.7381,0.132299
-1,2010-04-30,TATAPOWER,105.5182,-0.011429
-1,2010-05-31,TATAPOWER,99.8769,-0.053463
-1,2010-06-30,TATAPOWER,101.6641,0.017894
-1,2010-07-31,TATAPOWER,102.6431,0.00963
-1,2010-08-31,TATAPOWER,94.9854,-0.074605
-1,2010-09-30,TATAPOWER,106.2656,0.118757
-1,2010-10-31,TATAPOWER,109.5707,0.031102
-1,2010-11-30,TATAPOWER,101.4236,-0.074355
-1,2010-12-31,TATAPOWER,107.0771,0.055741
-1,2011-01-31,TATAPOWER,97.4754,-0.089671
-1,2011-02-28,TATAPOWER,90.1869,-0.074773
-1,2011-03-31,TATAPOWER,104.6934,0.160849
-1,2011-04-30,TATAPOWER,102.2822,-0.023031
-1,2011-05-31,TATAPOWER,96.5894,-0.055658
-1,2011-06-30,TATAPOWER,102.5841,0.062064
-1,2011-07-31,TATAPOWER,100.463,-0.020677
-1,2011-08-31,TATAPOWER,81.9222,-0.184554
-1,2011-09-30,TATAPOWER,79.0583,-0.034959
-1,2011-10-31,TATAPOWER,79.5333,0.006008
-1,2011-11-30,TATAPOWER,72.6449,-0.08661
-1,2011-12-31,TATAPOWER,69.082,-0.049045
-1,2012-01-31,TATAPOWER,82.265,0.190831
-1,2012-02-29,TATAPOWER,90.9744,0.10587
-1,2012-03-31,TATAPOWER,79.9292,-0.12141
-1,2012-04-30,TATAPOWER,83.611,0.046063
-1,2012-05-31,TATAPOWER,74.0305,-0.114584
-1,2012-06-30,TATAPOWER,82.8984,0.119787
-1,2012-07-31,TATAPOWER,77.7915,-0.061604
-1,2012-08-31,TATAPOWER,79.8032,0.02586
-1,2012-09-30,TATAPOWER,85.7785,0.074875
-1,2012-10-31,TATAPOWER,85.0566,-0.008416
-1,2012-11-30,TATAPOWER,86.4602,0.016502
-1,2012-12-31,TATAPOWER,88.5054,0.023655
-1,2013-01-31,TATAPOWER,81.0865,-0.083824
-1,2013-02-28,TATAPOWER,75.7128,-0.066271
-1,2013-03-31,TATAPOWER,77.3971,0.022246
-1,2013-04-30,TATAPOWER,75.9534,-0.018653
-1,2013-05-31,TATAPOWER,71.7026,-0.055966
-1,2013-06-30,TATAPOWER,69.2163,-0.034675
-1,2013-07-31,TATAPOWER,70.6198,0.020277
-1,2013-08-31,TATAPOWER,61.6254,-0.127364
-1,2013-09-30,TATAPOWER,65.9315,0.069875
-1,2013-10-31,TATAPOWER,66.744,0.012323
-1,2013-11-30,TATAPOWER,64.5909,-0.032259
-1,2013-12-31,TATAPOWER,74.2186,0.149057
-1,2014-01-31,TATAPOWER,60.0818,-0.190475
-1,2014-02-28,TATAPOWER,64.0222,0.065584
-1,2014-03-31,TATAPOWER,71.6893,0.119757
-1,2014-04-30,TATAPOWER,65.7537,-0.082796
-1,2014-05-31,TATAPOWER,87.391,0.329066
-1,2014-06-30,TATAPOWER,90.7587,0.038536
-1,2014-07-31,TATAPOWER,82.2974,-0.093229
-1,2014-08-31,TATAPOWER,73.7936,-0.10333
-1,2014-09-30,TATAPOWER,70.7685,-0.040994
-1,2014-10-31,TATAPOWER,79.9714,0.130042
-1,2014-11-30,TATAPOWER,79.2471,-0.009057
-1,2014-12-31,TATAPOWER,70.0016,-0.116667
-1,2015-01-31,TATAPOWER,77.1168,0.101643
-1,2015-02-28,TATAPOWER,74.3901,-0.035358
2429,2015-03-31,TATAPOWER,77.05,0.035756
2430,2015-04-30,TATAPOWER,75.8,-0.016223
2431,2015-05-31,TATAPOWER,75.25,-0.007256
2432,2015-06-30,TATAPOWER,74.2,-0.013953
2433,2015-07-31,TATAPOWER,68.45,-0.077493
2434,2015-08-31,TATAPOWER,60.9,-0.110299
2435,2015-09-30,TATAPOWER,65.1,0.068966
2436,2015-10-31,TATAPOWER,68.7,0.0553
2437,2015-11-30,TATAPOWER,67.2,-0.021834
2438,2015-12-31,TATAPOWER,67.85,0.009673
2439,2016-01-31,TATAPOWER,60.05,-0.114959
2440,2016-02-29,TATAPOWER,57.6,-0.040799
2441,2016-03-31,TATAPOWER,64.95,0.127604
2442,2016-04-30,TATAPOWER,70.35,0.083141
2443,2016-05-31,TATAPOWER,73.75,0.04833
2444,2016-06-30,TATAPOWER,73.6,-0.002034
2445,2016-07-31,TATAPOWER,72.0,-0.021739
2446,2016-08-31,TATAPOWER,78.8,0.094444
2447,2016-09-30,TATAPOWER,75.15,-0.04632
2448,2016-10-31,TATAPOWER,78.0,0.037924
2449,2016-11-30,TATAPOWER,74.05,-0.050641
2450,2016-12-31,TATAPOWER,75.7,0.022282
2451,2017-01-31,TATAPOWER,79.4,0.048877
2452,2017-02-28,TATAPOWER,82.55,0.039673
2453,2017-03-31,TATAPOWER,90.3,0.093882
2454,2017-04-30,TATAPOWER,84.9,-0.059801
2455,2017-05-31,TATAPOWER,81.0,-0.045936
2456,2017-06-30,TATAPOWER,80.55,-0.005556
2457,2017-07-31,TATAPOWER,82.0,0.018001
2458,2017-08-31,TATAPOWER,79.25,-0.033537
2459,2017-09-30,TATAPOWER,78.0,-0.015773
2460,2017-10-31,TATAPOWER,85.15,0.091667
2461,2017-11-30,TATAPOWER,94.95,0.115091
2462,2017-12-31,TATAPOWER,93.4,-0.016324
2463,2018-01-31,TATAPOWER,88.95,-0.047645
2464,2018-02-28,TATAPOWER,84.45,-0.05059
2465,2018-03-31,TATAPOWER,78.65,-0.06868
2466,2018-04-30,TATAPOWER,87.85,0.116974
2467,2018-05-31,TATAPOWER,80.45,-0.084234
2468,2018-06-30,TATAPOWER,73.65,-0.084525
2469,2018-07-31,TATAPOWER,74.45,0.010862
2470,2018-08-31,TATAPOWER,76.45,0.026864
2471,2018-09-30,TATAPOWER,65.85,-0.138653
2472,2018-10-31,TATAPOWER,76.2,0.157175
2473,2018-11-30,TATAPOWER,75.95,-0.003281
2474,2018-12-31,TATAPOWER,76.7,0.009875
2475,2019-01-31,TATAPOWER,71.2,-0.071708
2476,2019-02-28,TATAPOWER,65.55,-0.079354
2477,2019-03-31,TATAPOWER,73.65,0.12357
2478,2019-04-30,TATAPOWER,67.7,-0.080788
2479,2019-05-31,TATAPOWER,68.75,0.01551
2480,2019-06-30,TATAPOWER,69.0,0.003636
2481,2019-07-31,TATAPOWER,60.5,-0.123188
2482,2019-08-31,TATAPOWER,56.7,-0.06281
2483,2019-09-30,TATAPOWER,62.35,0.099647
2484,2019-10-31,TATAPOWER,59.35,-0.048115
2485,2019-11-30,TATAPOWER,57.4,-0.032856
2486,2019-12-31,TATAPOWER,56.65,-0.013066
2487,2020-01-31,TATAPOWER,57.8,0.0203
2488,2020-02-29,TATAPOWER,46.5,-0.195502
2489,2020-03-31,TATAPOWER,32.75,-0.295699
2490,2020-04-30,TATAPOWER,32.1,-0.019847
2491,2020-05-31,TATAPOWER,36.75,0.14486
2492,2020-06-30,TATAPOWER,44.95,0.223129
2493,2020-07-31,TATAPOWER,48.8,0.085651
2494,2020-08-31,TATAPOWER,59.0,0.209016
2495,2020-09-30,TATAPOWER,53.1,-0.1
2496,2020-10-31,TATAPOWER,52.2,-0.016949
2497,2020-11-30,TATAPOWER,64.4,0.233716
2498,2020-12-31,TATAPOWER,75.6,0.173913
2499,2021-01-31,TATAPOWER,75.55,-0.000661
2500,2021-02-28,TATAPOWER,94.5,0.250827
2501,2021-03-31,TATAPOWER,103.05,0.090476
2502,2021-04-30,TATAPOWER,98.85,-0.040757
2503,2021-05-31,TATAPOWER,106.5,0.07739
2504,2021-06-30,TATAPOWER,122.15,0.146948
2505,2021-07-31,TATAPOWER,125.05,0.023741
2506,2021-08-31,TATAPOWER,129.0,0.031587
2507,2021-09-30,TATAPOWER,158.55,0.22907
2508,2021-10-31,TATAPOWER,216.0,0.362346
2509,2021-11-30,TATAPOWER,216.3,0.001389
2510,2021-12-31,TATAPOWER,220.95,0.021498
2511,2022-01-31,TATAPOWER,246.15,0.114053
2512,2022-02-28,TATAPOWER,223.0,-0.094048
2513,2022-03-31,TATAPOWER,238.35,0.068834
2514,2022-04-30,TATAPOWER,242.3,0.016572
2515,2022-05-31,TATAPOWER,234.7,-0.031366
2516,2022-06-30,TATAPOWER,202.05,-0.139114
2517,2022-07-31,TATAPOWER,222.0,0.098738
2518,2022-08-31,TATAPOWER,236.8,0.066667
2519,2022-09-30,TATAPOWER,216.9,-0.084037
2520,2022-10-31,TATAPOWER,226.1,0.042416
2521,2022-11-30,TATAPOWER,224.75,-0.005971
2522,2022-12-31,TATAPOWER,208.0,-0.074527
2523,2023-01-31,TATAPOWER,212.95,0.023798
2524,2023-02-28,TATAPOWER,202.35,-0.049777
2525,2023-03-31,TATAPOWER,190.7,-0.057574
2526,2023-04-30,TATAPOWER,201.15,0.054798
2527,2023-05-31,TATAPOWER,213.4,0.0609
2528,2023-06-30,TATAPOWER,221.9,0.039831
2529,2023-07-31,TATAPOWER,236.5,0.065795
2530,2023-08-31,TATAPOWER,246.2,0.041015
2531,2023-09-30,TATAPOWER,262.4,0.0658
2532,2023-10-31,TATAPOWER,239.35,-0.087843
2533,2023-11-30,TATAPOWER,268.0,0.119699
2534,2023-12-31,TATAPOWER,331.7,0.237687
2535,2024-01-31,TATAPOWER,389.7,0.174857
2536,2024-02-29,TATAPOWER,373.7,-0.041057
2537,2024-03-31,TATAPOWER,395.0,0.056998
2538,2024-04-30,TATAPOWER,448.65,0.135823
2539,2024-05-31,TATAPOWER,437.8,-0.024184
2540,2024-06-30,TATAPOWER,441.0,0.007309
2541,2024-07-31,TATAPOWER,453.35,0.028005
2542,2024-08-31,TATAPOWER,434.65,-0.041248
2543,2024-09-30,TATAPOWER,482.0,0.108938
2544,2024-10-31,TATAPOWER,440.4,-0.086307
2545,2024-11-30,TATAPOWER,414.45,-0.058924
2546,2024-12-31,TATAPOWER,392.4,-0.053203
2547,2025-01-31,TATAPOWER,366.85,-0.065112
2548,2025-02-28,TATAPOWER,338.9,-0.076189
2549,2025-03-31,TATAPOWER,375.1,0.106816
2550,2025-04-30,TATAPOWER,383.15,0.021461
2551,2025-05-31,TATAPOWER,392.8,0.025186
2552,2025-06-30,TATAPOWER,405.75,0.032968
2553,2025-07-31,TATAPOWER,397.4,-0.020579
2554,2025-08-31,TATAPOWER,385.55,-0.029819
-1,2006-01-31,TATASTEEL,20.2058,
-1,2006-02-28,TATASTEEL,21.5322,0.065645
-1,2006-03-31,TATASTEEL,26.8029,0.244782
-1,2006-04-30,TATASTEEL,383.1254,13.294177
-1,2006-05-31,TATASTEEL,25.8387,-0.932558
-1,2006-06-30,TATASTEEL,27.3497,0.058478
-1,2006-07-31,TATASTEEL,25.4304,-0.070176
-1,2006-08-31,TATASTEEL,25.433,0.000102
-1,2006-09-30,TATASTEEL,27.4522,0.079393
-1,2006-10-31,TATASTEEL,25.1357,-0.084383
-1,2006-11-30,TATASTEEL,23.98,-0.045978
-1,2006-12-31,TATASTEEL,21.847,-0.088949
-1,2007-01-31,TATASTEEL,21.0613,-0.035964
-1,2007-02-28,TATASTEEL,20.0466,-0.048178
-1,2007-03-31,TATASTEEL,20.3705,0.016157
-1,2007-04-30,TATASTEEL,24.8918,0.221953
-1,2007-05-31,TATASTEEL,28.6382,0.150507
-1,2007-06-30,TATASTEEL,27.0638,-0.054976
-1,2007-07-31,TATASTEEL,30.6024,0.13075
-1,2007-08-31,TATASTEEL,32.1624,0.050976
-1,2007-09-30,TATASTEEL,39.6609,0.233145
-1,2007-10-31,TATASTEEL,54.0584,0.363015
-1,2007-11-30,TATASTEEL,49.2899,-0.08821
-1,2007-12-31,TATASTEEL,55.8249,0.132583
-1,2008-01-31,TATASTEEL,44.0798,-0.210392
-1,2008-02-29,TATASTEEL,47.8486,0.085499
-1,2008-03-31,TATASTEEL,41.439,-0.133956
-1,2008-04-30,TATASTEEL,48.8334,0.178441
-1,2008-05-31,TATASTEEL,53.8793,0.103329
-1,2008-06-30,TATASTEEL,43.498,-0.192677
-1,2008-07-31,TATASTEEL,39.0965,-0.101189
-1,2008-08-31,TATASTEEL,36.8198,-0.058233
-1,2008-09-30,TATASTEEL,26.1821,-0.288912
-1,2008-10-31,TATASTEEL,12.8566,-0.508955
-1,2008-11-30,TATASTEEL,9.28,-0.278192
-1,2008-12-31,TATASTEEL,13.3132,0.434612
-1,2009-01-31,TATASTEEL,11.315,-0.150092
-1,2009-02-28,TATASTEEL,10.5918,-0.063915
-1,2009-03-31,TATASTEEL,12.6206,0.191544
-1,2009-04-30,TATASTEEL,14.5943,0.156387
-1,2009-05-31,TATASTEEL,24.8459,0.702439
-1,2009-06-30,TATASTEEL,23.9448,-0.036268
-1,2009-07-31,TATASTEEL,28.3397,0.183543
-1,2009-08-31,TATASTEEL,26.9904,-0.047612
-1,2009-09-30,TATASTEEL,32.4108,0.200827
-1,2009-10-31,TATASTEEL,29.9996,-0.074395
-1,2009-11-30,TATASTEEL,36.8482,0.22829
-1,2009-12-31,TATASTEEL,39.2975,0.06647
-1,2010-01-31,TATASTEEL,36.2056,-0.078679
-1,2010-02-28,TATASTEEL,36.5396,0.009225
-1,2010-03-31,TATASTEEL,40.2105,0.100464
-1,2010-04-30,TATASTEEL,39.3707,-0.020885
-1,2010-05-31,TATASTEEL,31.8541,-0.190919
-1,2010-06-30,TATASTEEL,30.8966,-0.030059
-1,2010-07-31,TATASTEEL,34.1635,0.105737
-1,2010-08-31,TATASTEEL,33.7989,-0.010672
-1,2010-09-30,TATASTEEL,42.15,0.247082
-1,2010-10-31,TATASTEEL,38.1119,-0.095803
-1,2010-11-30,TATASTEEL,37.8144,-0.007806
-1,2010-12-31,TATASTEEL,43.9961,0.163475
-1,2011-01-31,TATASTEEL,41.3644,-0.059817
-1,2011-02-28,TATASTEEL,39.2596,-0.050884
-1,2011-03-31,TATASTEEL,40.236,0.02487
-1,2011-04-30,TATASTEEL,39.8642,-0.00924
-1,2011-05-31,TATASTEEL,38.086,-0.044606
-1,2011-06-30,TATASTEEL,39.4601,0.036079
-1,2011-07-31,TATASTEEL,36.4695,-0.075788
-1,2011-08-31,TATASTEEL,30.9134,-0.152349
-1,2011-09-30,TATASTEEL,27.4034,-0.113543
-1,2011-10-31,TATASTEEL,31.8535,0.162392
-1,2011-11-30,TATASTEEL,25.4142,-0.202154
-1,2011-12-31,TATASTEEL,22.1253,-0.129412
-1,2012-01-31,TATASTEEL,29.7423,0.344267
-1,2012-02-29,TATASTEEL,31.1773,0.048248
-1,2012-03-31,TATASTEEL,31.1245,-0.001694
-1,2012-04-30,TATASTEEL,30.5901,-0.01717
-1,2012-05-31,TATASTEEL,26.6315,-0.129408
-1,2012-06-30,TATASTEEL,29.1254,0.093645
-1,2012-07-31,TATASTEEL,27.344,-0.061163
-1,2012-08-31,TATASTEEL,24.5368,-0.102662
-1,2012-09-30,TATASTEEL,27.2186,0.109297
-1,2012-10-31,TATASTEEL,26.6279,-0.021702
-1,2012-11-30,TATASTEEL,26.2205,-0.0153
-1,2012-12-31,TATASTEEL,29.0924,0.109529
-1,2013-01-31,TATASTEEL,27.4901,-0.055076
-1,2013-02-28,TATASTEEL,23.1857,-0.15658
-1,2013-03-31,TATASTEEL,21.2405,-0.083897
-1,2013-04-30,TATASTEEL,20.5548,-0.032283
-1,2013-05-31,TATASTEEL,19.808,-0.036332
-1,2013-06-30,TATASTEEL,18.5859,-0.061697
-1,2013-07-31,TATASTEEL,14.6447,-0.212053
-1,2013-08-31,TATASTEEL,19.1873,0.310187
-1,2013-09-30,TATASTEEL,19.0157,-0.008943
-1,2013-10-31,TATASTEEL,23.4519,0.233291
-1,2013-11-30,TATASTEEL,28.0527,0.19618
-1,2013-12-31,TATASTEEL,29.7053,0.058911
-1,2014-01-31,TATASTEEL,24.933,-0.160655
-1,2014-02-28,TATASTEEL,24.0751,-0.034408
-1,2014-03-31,TATASTEEL,27.587,0.145873
-1,2014-04-30,TATASTEEL,28.0562,0.017008
-1,2014-05-31,TATASTEEL,33.2696,0.18582
-1,2014-06-30,TATASTEEL,37.002,0.112187
-1,2014-07-31,TATASTEEL,38.7527,0.047314
-1,2014-08-31,TATASTEEL,36.6647,-0.05388
-1,2014-09-30,TATASTEEL,32.7992,-0.105428
-1,2014-10-31,TATASTEEL,35.0106,0.067422
-1,2014-11-30,TATASTEEL,33.8209,-0.033981
-1,2014-12-31,TATASTEEL,28.5372,-0.156226
-1,2015-01-31,TATASTEEL,27.8977,-0.022409
-1,2015-02-28,TATASTEEL,25.054,-0.101933
6333,2015-03-31,TATASTEEL,27.36,0.092041
6334,2015-04-30,TATASTEEL,31.91,0.166301
6335,2015-05-31,TATASTEEL,28.58,-0.104356
6336,2015-06-30,TATASTEEL,26.43,-0.075227
6337,2015-07-31,TATASTEEL,20.47,-0.225501
6338,2015-08-31,TATASTEEL,18.52,-0.095261
6339,2015-09-30,TATASTEEL,17.39,-0.061015
6340,2015-10-31,TATASTEEL,20.52,0.179988
6341,2015-11-30,TATASTEEL,18.86,-0.080897
6342,2015-12-31,TATASTEEL,21.79,0.155355
6343,2016-01-31,TATASTEEL,20.77,-0.04681
6344,2016-02-29,TATASTEEL,20.67,-0.004815
6345,2016-03-31,TATASTEEL,27.66,0.338171
6346,2016-04-30,TATASTEEL,30.88,0.116414
6347,2016-05-31,TATASTEEL,29.12,-0.056995
6348,2016-06-30,TATASTEEL,28.05,-0.036745
6349,2016-07-31,TATASTEEL,31.12,0.109447
6350,2016-08-31,TATASTEEL,32.64,0.048843
6351,2016-09-30,TATASTEEL,33.18,0.016544
6352,2016-10-31,TATASTEEL,35.96,0.083785
6353,2016-11-30,TATASTEEL,37.04,0.030033
6354,2016-12-31,TATASTEEL,34.69,-0.063445
6355,2017-01-31,TATASTEEL,41.78,0.204382
6356,2017-02-28,TATASTEEL,43.68,0.045476
6357,2017-03-31,TATASTEEL,43.53,-0.003434
6358,2017-04-30,TATASTEEL,40.31,-0.073972
6359,2017-05-31,TATASTEEL,45.88,0.138179
6360,2017-06-30,TATASTEEL,49.79,0.085222
6361,2017-07-31,TATASTEEL,51.94,0.043181
6362,2017-08-31,TATASTEEL,58.83,0.132653
6363,2017-09-30,TATASTEEL,60.25,0.024137
6364,2017-10-31,TATASTEEL,65.23,0.082656
6365,2017-11-30,TATASTEEL,64.2,-0.01579
6366,2017-12-31,TATASTEEL,67.92,0.057944
6367,2018-01-31,TATASTEEL,65.47,-0.036072
6368,2018-02-28,TATASTEEL,62.2,-0.049947
6369,2018-03-31,TATASTEEL,52.18,-0.161093
6370,2018-04-30,TATASTEEL,54.63,0.046953
6371,2018-05-31,TATASTEEL,52.87,-0.032217
6372,2018-06-30,TATASTEEL,51.89,-0.018536
6373,2018-07-31,TATASTEEL,51.55,-0.006552
6374,2018-08-31,TATASTEEL,55.16,0.070029
6375,2018-09-30,TATASTEEL,53.16,-0.036258
6376,2018-10-31,TATASTEEL,50.52,-0.049661
6377,2018-11-30,TATASTEEL,48.13,-0.047308
6378,2018-12-31,TATASTEEL,47.39,-0.015375
6379,2019-01-31,TATASTEEL,43.14,-0.089681
6380,2019-02-28,TATASTEEL,45.29,0.049838
6381,2019-03-31,TATASTEEL,47.35,0.045485
6382,2019-04-30,TATASTEEL,51.11,0.079409
6383,2019-05-31,TATASTEEL,44.07,-0.137742
6384,2019-06-30,TATASTEEL,45.83,0.039936
6385,2019-07-31,TATASTEEL,38.8,-0.153393
6386,2019-08-31,TATASTEEL,30.34,-0.218041
6387,2019-09-30,TATASTEEL,31.86,0.050099
6388,2019-10-31,TATASTEEL,33.62,0.055242
6389,2019-11-30,TATASTEEL,38.16,0.135039
6390,2019-12-31,TATASTEEL,42.51,0.113994
6391,2020-01-31,TATASTEEL,39.33,-0.074806
6392,2020-02-29,TATASTEEL,33.71,-0.142893
6393,2020-03-31,TATASTEEL,22.87,-0.321566
6394,2020-04-30,TATASTEEL,25.55,0.117184
6395,2020-05-31,TATASTEEL,25.21,-0.013307
6396,2020-06-30,TATASTEEL,28.49,0.130107
6397,2020-07-31,TATASTEEL,32.44,0.138645
6398,2020-08-31,TATASTEEL,36.65,0.129778
6399,2020-09-30,TATASTEEL,31.52,-0.139973
6400,2020-10-31,TATASTEEL,36.4,0.154822
6401,2020-11-30,TATASTEEL,52.67,0.446978
6402,2020-12-31,TATASTEEL,59.27,0.125309
6403,2021-01-31,TATASTEEL,55.41,-0.065126
6404,2021-02-28,TATASTEEL,66.3,0.196535
6405,2021-03-31,TATASTEEL,76.47,0.153394
6406,2021-04-30,TATASTEEL,96.74,0.265071
6407,2021-05-31,TATASTEEL,106.71,0.10306
6408,2021-06-30,TATASTEEL,110.33,0.033924
6409,2021-07-31,TATASTEEL,136.71,0.239101
6410,2021-08-31,TATASTEEL,137.88,0.008558
6411,2021-09-30,TATASTEEL,122.1,-0.114447
6412,2021-10-31,TATASTEEL,125.23,0.025635
6413,2021-11-30,TATASTEEL,101.04,-0.193165
6414,2021-12-31,TATASTEEL,105.2,0.041172
6415,2022-01-31,TATASTEEL,102.51,-0.02557
6416,2022-02-28,TATASTEEL,115.46,0.126329
6417,2022-03-31,TATASTEEL,124.25,0.07613
6418,2022-04-30,TATASTEEL,120.59,-0.029457
6419,2022-05-31,TATASTEEL,99.77,-0.172651
6420,2022-06-30,TATASTEEL,80.96,-0.188534
6421,2022-07-31,TATASTEEL,101.83,0.257782
6422,2022-08-31,TATASTEEL,102.41,0.005696
6423,2022-09-30,TATASTEEL,93.81,-0.083976
6424,2022-10-31,TATASTEEL,95.18,0.014604
6425,2022-11-30,TATASTEEL,101.78,0.069342
6426,2022-12-31,TATASTEEL,106.91,0.050403
6427,2023-01-31,TATASTEEL,113.55,0.062108
6428,2023-02-28,TATASTEEL,98.21,-0.135095
6429,2023-03-31,TATASTEEL,98.65,0.00448
6430,2023-04-30,TATASTEEL,102.02,0.034161
6431,2023-05-31,TATASTEEL,99.82,-0.021564
6432,2023-06-30,TATASTEEL,105.83,0.060208
6433,2023-07-31,TATASTEEL,116.53,0.101106
6434,2023-08-31,TATASTEEL,116.68,0.001287
6435,2023-09-30,TATASTEEL,122.44,0.049366
6436,2023-10-31,TATASTEEL,112.67,-0.079794
6437,2023-11-30,TATASTEEL,121.47,0.078104
6438,2023-12-31,TATASTEEL,132.61,0.09171
6439,2024-01-31,TATASTEEL,129.33,-0.024734
6440,2024-02-29,TATASTEEL,134.86,0.042759
6441,2024-03-31,TATASTEEL,149.17,0.10611
6442,2024-04-30,TATASTEEL,157.48,0.055708
6443,2024-05-31,TATASTEEL,160.16,0.017018
6444,2024-06-30,TATASTEEL,170.77,0.066246
6445,2024-07-31,TATASTEEL,161.63,-0.053522
6446,2024-08-31,TATASTEEL,149.81,-0.07313
6447,2024-09-30,TATASTEEL,164.28,0.096589
6448,2024-10-31,TATASTEEL,144.95,-0.117665
6449,2024-11-30,TATASTEEL,141.16,-0.026147
6450,2024-12-31,TATASTEEL,134.95,-0.043993
6451,2025-01-31,TATASTEEL,131.71,-0.024009
6452,2025-02-28,TATASTEEL,134.09,0.01807
6453,2025-03-31,TATASTEEL,150.68,0.123723
6454,2025-04-30,TATASTEEL,136.38,-0.094903
6455,2025-05-31,TATASTEEL,157.33,0.153615
6456,2025-06-30,TATASTEEL,159.8,0.015699
6457,2025-07-31,TATASTEEL,157.3,-0.015645
6458,2025-08-31,TATASTEEL,158.7,0.0089
-1,2006-01-31,TCS,137.6912,
-1,2006-02-28,TCS,140.4566,0.020084
-1,2006-03-31,TCS,158.1872,0.126235
-1,2006-04-30,TCS,163.4601,0.033333
-1,2006-05-31,TCS,147.2366,-0.099251
-1,2006-06-30,TCS,143.5914,-0.024757
-1,2006-07-31,TCS,155.0696,0.079937
-1,2006-08-31,TCS,165.5846,0.067808
-1,2006-09-30,TCS,169.5665,0.024048
-1,2006-10-31,TCS,180.3587,0.063646
-1,2006-11-30,TCS,199.4397,0.105795
-1,2006-12-31,TCS,203.2995,0.019353
-1,2007-01-31,TCS,212.5993,0.045744
-1,2007-02-28,TCS,199.0013,-0.063961
-1,2007-03-31,TCS,205.7464,0.033895
-1,2007-04-30,TCS,211.1075,0.026057
-1,2007-05-31,TCS,201.4942,-0.045537
-1,2007-06-30,TCS,191.6559,-0.048827
-1,2007-07-31,TCS,193.4572,0.009399
-1,2007-08-31,TCS,178.5238,-0.077192
-1,2007-09-30,TCS,177.8193,-0.003946
-1,2007-10-31,TCS,174.1041,-0.020893
-1,2007-11-30,TCS,170.2372,-0.02221
-1,2007-12-31,TCS,181.2029,0.064414
-1,2008-01-31,TCS,146.9519,-0.18902
-1,2008-02-29,TCS,148.1211,0.007956
-1,2008-03-31,TCS,136.8187,-0.076305
-1,2008-04-30,TCS,155.4816,0.136406
-1,2008-05-31,TCS,175.4274,0.128284
-1,2008-06-30,TCS,144.8798,-0.174132
-1,2008-07-31,TCS,141.5202,-0.023189
-1,2008-08-31,TCS,138.3571,-0.022351
-1,2008-09-30,TCS,113.384,-0.180497
-1,2008-10-31,TCS,91.5623,-0.192458
-1,2008-11-30,TCS,95.872,0.047068
-1,2008-12-31,TCS,81.9042,-0.145692
-1,2009-01-31,TCS,87.6798,0.070517
-1,2009-02-28,TCS,83.2961,-0.049997
-1,2009-03-31,TCS,92.8568,0.11478
-1,2009-04-30,TCS,107.2624,0.155138
-1,2009-05-31,TCS,121.4871,0.132616
-1,2009-06-30,TCS,134.4359,0.106586
-1,2009-07-31,TCS,182.5417,0.357834
-1,2009-08-31,TCS,183.6817,0.006245
-1,2009-09-30,TCS,216.4241,0.178256
-1,2009-10-31,TCS,218.9682,0.011755
-1,2009-11-30,TCS,240.6625,0.099075
-1,2009-12-31,TCS,262.285,0.089846
-1,2010-01-31,TCS,257.3732,-0.018727
-1,2010-02-28,TCS,267.0291,0.037517
-1,2010-03-31,TCS,273.6364,0.024744
-1,2010-04-30,TCS,268.291,-0.019535
-1,2010-05-31,TCS,260.4567,-0.029201
-1,2010-06-30,TCS,263.2434,0.010699
-1,2010-07-31,TCS,299.743,0.138653
-1,2010-08-31,TCS,301.8594,0.007061
-1,2010-09-30,TCS,331.6251,0.098608
-1,2010-10-31,TCS,376.6848,0.135875
-1,2010-11-30,TCS,384.949,0.021939
-1,2010-12-31,TCS,417.8158,0.08538
-1,2011-01-31,TCS,415.6115,-0.005276
-1,2011-02-28,TCS,398.629,-0.040861
-1,2011-03-31,TCS,425.0727,0.066337
-1,2011-04-30,TCS,418.52,-0.015415
-1,2011-05-31,TCS,415.4682,-0.007292
-1,2011-06-30,TCS,425.1804,0.023377
-1,2011-07-31,TCS,411.0216,-0.033301
-1,2011-08-31,TCS,377.8121,-0.080797
-1,2011-09-30,TCS,375.9637,-0.004892
-1,2011-10-31,TCS,404.4156,0.075677
-1,2011-11-30,TCS,405.4514,0.002561
-1,2011-12-31,TCS,421.8433,0.040429
-1,2012-01-31,TCS,411.5757,-0.02434
-1,2012-02-29,TCS,445.3502,0.082061
-1,2012-03-31,TCS,425.9792,-0.043496
-1,2012-04-30,TCS,454.3342,0.066564
-1,2012-05-31,TCS,453.8784,-0.001003
-1,2012-06-30,TCS,465.5776,0.025776
-1,2012-07-31,TCS,459.1302,-0.013848
-1,2012-08-31,TCS,497.3052,0.083146
-1,2012-09-30,TCS,479.5963,-0.03561
-1,2012-10-31,TCS,486.8502,0.015125
-1,2012-11-30,TCS,487.4101,0.00115
-1,2012-12-31,TCS,465.84,-0.044255
-1,2013-01-31,TCS,498.5938,0.070311
-1,2013-02-28,TCS,563.9941,0.13117
-1,2013-03-31,TCS,585.8363,0.038728
-1,2013-04-30,TCS,512.4649,-0.125242
-1,2013-05-31,TCS,557.0977,0.087094
-1,2013-06-30,TCS,564.4219,0.013147
-1,2013-07-31,TCS,681.0027,0.206549
-1,2013-08-31,TCS,764.386,0.122442
-1,2013-09-30,TCS,724.7609,-0.051839
-1,2013-10-31,TCS,794.0302,0.095575
-1,2013-11-30,TCS,755.0434,-0.0491
-1,2013-12-31,TCS,818.2165,0.083668
-1,2014-01-31,TCS,844.209,0.031767
-1,2014-02-28,TCS,858.8079,0.017293
-1,2014-03-31,TCS,804.9946,-0.06266
-1,2014-04-30,TCS,826.1464,0.026276
-1,2014-05-31,TCS,808.0889,-0.021858
-1,2014-06-30,TCS,915.2819,0.13265
-1,2014-07-31,TCS,982.9863,0.073971
-1,2014-08-31,TCS,977.8903,-0.005184
-1,2014-09-30,TCS,1060.9531,0.084941
-1,2014-10-31,TCS,1011.0384,-0.047047
-1,2014-11-30,TCS,1026.7369,0.015527
-1,2014-12-31,TCS,993.8136,-0.032066
-1,2015-01-31,TCS,964.2115,-0.029786
-1,2015-02-28,TCS,1036.3234,0.074788
2681,2015-03-31,TCS,1280.0,0.235136
2682,2015-04-30,TCS,1238.0,-0.032813
2683,2015-05-31,TCS,1310.78,0.058788
2684,2015-06-30,TCS,1277.5,-0.025389
2685,2015-07-31,TCS,1255.73,-0.017041
2686,2015-08-31,TCS,1287.6,0.02538
2687,2015-09-30,TCS,1292.5,0.003806
2688,2015-10-31,TCS,1250.0,-0.032882
2689,2015-11-30,TCS,1185.0,-0.052
2690,2015-12-31,TCS,1215.0,0.025316
2691,2016-01-31,TCS,1193.05,-0.018066
2692,2016-02-29,TCS,1088.65,-0.087507
2693,2016-03-31,TCS,1265.0,0.16199
2694,2016-04-30,TCS,1270.05,0.003992
2695,2016-05-31,TCS,1283.75,0.010787
2696,2016-06-30,TCS,1273.0,-0.008374
2697,2016-07-31,TCS,1312.45,0.03099
2698,2016-08-31,TCS,1256.6,-0.042554
2699,2016-09-30,TCS,1216.1,-0.03223
2700,2016-10-31,TCS,1195.0,-0.017351
2701,2016-11-30,TCS,1137.5,-0.048117
2702,2016-12-31,TCS,1180.0,0.037363
2703,2017-01-31,TCS,1116.25,-0.054025
2704,2017-02-28,TCS,1230.0,0.101904
2705,2017-03-31,TCS,1211.55,-0.015
2706,2017-04-30,TCS,1137.5,-0.06112
2707,2017-05-31,TCS,1270.0,0.116484
2708,2017-06-30,TCS,1181.18,-0.069937
2709,2017-07-31,TCS,1247.48,0.05613
2710,2017-08-31,TCS,1249.0,0.001218
2711,2017-09-30,TCS,1218.8,-0.024179
2712,2017-10-31,TCS,1309.38,0.074319
2713,2017-11-30,TCS,1317.5,0.006201
2714,2017-12-31,TCS,1350.0,0.024668
2715,2018-01-31,TCS,1555.58,0.152281
2716,2018-02-28,TCS,1516.7,-0.024994
2717,2018-03-31,TCS,1424.68,-0.060671
2718,2018-04-30,TCS,1764.5,0.238524
2719,2018-05-31,TCS,1746.0,-0.010485
2720,2018-06-30,TCS,1845.0,0.056701
2721,2018-07-31,TCS,1944.1,0.053713
2722,2018-08-31,TCS,2078.0,0.068875
2723,2018-09-30,TCS,2186.0,0.051973
2724,2018-10-31,TCS,1934.6,-0.115005
2725,2018-11-30,TCS,1974.8,0.020779
2726,2018-12-31,TCS,1894.75,-0.040536
2727,2019-01-31,TCS,2004.5,0.057923
2728,2019-02-28,TCS,1982.85,-0.010801
2729,2019-03-31,TCS,2000.0,0.008649
2730,2019-04-30,TCS,2256.25,0.128125
2731,2019-05-31,TCS,2200.0,-0.024931
2732,2019-06-30,TCS,2228.0,0.012727
2733,2019-07-31,TCS,2201.0,-0.012118
2734,2019-08-31,TCS,2259.0,0.026352
2735,2019-09-30,TCS,2096.8,-0.071802
2736,2019-10-31,TCS,2274.55,0.084772
2737,2019-11-30,TCS,2051.65,-0.097997
2738,2019-12-31,TCS,2165.0,0.055248
2739,2020-01-31,TCS,2082.4,-0.038152
2740,2020-02-29,TCS,2010.0,-0.034768
2741,2020-03-31,TCS,1819.0,-0.095025
2742,2020-04-30,TCS,2019.2,0.11006
2743,2020-05-31,TCS,1980.0,-0.019414
2744,2020-06-30,TCS,2085.05,0.053056
2745,2020-07-31,TCS,2290.9,0.098727
2746,2020-08-31,TCS,2245.95,-0.019621
2747,2020-09-30,TCS,2483.0,0.105546
2748,2020-10-31,TCS,2663.55,0.072714
2749,2020-11-30,TCS,2678.0,0.005425
2750,2020-12-31,TCS,2864.95,0.06981
2751,2021-01-31,TCS,3123.9,0.090386
2752,2021-02-28,TCS,2905.0,-0.070073
2753,2021-03-31,TCS,3175.0,0.092943
2754,2021-04-30,TCS,3040.5,-0.042362
2755,2021-05-31,TCS,3163.5,0.040454
2756,2021-06-30,TCS,3351.0,0.05927
2757,2021-07-31,TCS,3166.35,-0.055103
2758,2021-08-31,TCS,3797.9,0.199457
2759,2021-09-30,TCS,3778.7,-0.005055
2760,2021-10-31,TCS,3404.0,-0.099161
2761,2021-11-30,TCS,3535.0,0.038484
2762,2021-12-31,TCS,3740.0,0.057992
2763,2022-01-31,TCS,3744.95,0.001324
2764,2022-02-28,TCS,3551.0,-0.05179
2765,2022-03-31,TCS,3742.85,0.054027
2766,2022-04-30,TCS,3548.0,-0.052059
2767,2022-05-31,TCS,3365.0,-0.051578
2768,2022-06-30,TCS,3264.5,-0.029866
2769,2022-07-31,TCS,3300.0,0.010875
2770,2022-08-31,TCS,3209.1,-0.027545
2771,2022-09-30,TCS,3008.0,-0.062666
2772,2022-10-31,TCS,3183.5,0.058344
2773,2022-11-30,TCS,3401.0,0.068321
2774,2022-12-31,TCS,3254.6,-0.043046
2775,2023-01-31,TCS,3358.5,0.031924
2776,2023-02-28,TCS,3328.6,-0.008903
2777,2023-03-31,TCS,3204.0,-0.037433
2778,2023-04-30,TCS,3215.0,0.003433
2779,2023-05-31,TCS,3286.0,0.022084
2780,2023-06-30,TCS,3298.4,0.003774
2781,2023-07-31,TCS,3415.9,0.035623
2782,2023-08-31,TCS,3361.0,-0.016072
2783,2023-09-30,TCS,3525.0,0.048795
2784,2023-10-31,TCS,3371.8,-0.043461
2785,2023-11-30,TCS,3487.9,0.034433
2786,2023-12-31,TCS,3799.0,0.089194
2787,2024-01-31,TCS,3804.0,0.001316
2788,2024-02-29,TCS,4113.0,0.08123
2789,2024-03-31,TCS,3882.1,-0.056139
2790,2024-04-30,TCS,3823.95,-0.014979
2791,2024-05-31,TCS,3691.15,-0.034728
2792,2024-06-30,TCS,3906.75,0.05841
2793,2024-07-31,TCS,4391.0,0.123952
2794,2024-08-31,TCS,4562.6,0.03908
2795,2024-09-30,TCS,4270.0,-0.06413
2796,2024-10-31,TCS,3975.0,-0.069087
2797,2024-11-30,TCS,4266.0,0.073208
2798,2024-12-31,TCS,4106.0,-0.037506
2799,2025-01-31,TCS,4114.15,0.001985
2800,2025-02-28,TCS,3478.0,-0.154625
2801,2025-03-31,TCS,3604.0,0.036228
2802,2025-04-30,TCS,3432.0,-0.047725
2803,2025-05-31,TCS,3460.0,0.008159
2804,2025-06-30,TCS,3460.0,0.0
2805,2025-07-31,TCS,3033.2,-0.123353
2806,2025-08-31,TCS,3032.3,-0.000297
-1,2006-08-31,TECHM,91.3399,
-1,2006-09-30,TECHM,104.9023,0.148483
-1,2006-10-31,TECHM,167.8877,0.60042
-1,2006-11-30,TECHM,190.4152,0.134182
-1,2006-12-31,TECHM,283.723,0.490023
-1,2007-01-31,TECHM,295.6992,0.042211
-1,2007-02-28,TECHM,243.511,-0.176491
-1,2007-03-31,TECHM,242.086,-0.005852
-1,2007-04-30,TECHM,269.8992,0.11489
-1,2007-05-31,TECHM,253.5123,-0.060715
-1,2007-06-30,TECHM,236.8962,-0.065544
-1,2007-07-31,TECHM,225.1113,-0.049747
-1,2007-08-31,TECHM,219.499,-0.024931
-1,2007-09-30,TECHM,226.5462,0.032106
-1,2007-10-31,TECHM,204.9885,-0.095158
-1,2007-11-30,TECHM,174.3459,-0.149484
-1,2007-12-31,TECHM,192.0404,0.101491
-1,2008-01-31,TECHM,116.2278,-0.394774
-1,2008-02-29,TECHM,117.2806,0.009058
-1,2008-03-31,TECHM,119.7599,0.02114
-1,2008-04-30,TECHM,155.1402,0.295427
-1,2008-05-31,TECHM,146.794,-0.053798
-1,2008-06-30,TECHM,121.475,-0.17248
-1,2008-07-31,TECHM,128.8703,0.060879
-1,2008-08-31,TECHM,128.0316,-0.006508
-1,2008-09-30,TECHM,106.0493,-0.171694
-1,2008-10-31,TECHM,56.5185,-0.467054
-1,2008-11-30,TECHM,39.1015,-0.308165
-1,2008-12-31,TECHM,42.8886,0.096853
-1,2009-01-31,TECHM,41.2334,-0.038593
-1,2009-02-28,TECHM,43.0966,0.045187
-1,2009-03-31,TECHM,45.9478,0.066158
-1,2009-04-30,TECHM,56.8324,0.236891
-1,2009-05-31,TECHM,82.0942,0.444496
-1,2009-06-30,TECHM,126.8894,0.545656
-1,2009-07-31,TECHM,147.0034,0.158516
-1,2009-08-31,TECHM,164.4569,0.118729
-1,2009-09-30,TECHM,162.2558,-0.013384
-1,2009-10-31,TECHM,161.9438,-0.001923
-1,2009-11-30,TECHM,160.9559,-0.0061
-1,2009-12-31,TECHM,171.7972,0.067356
-1,2010-01-31,TECHM,168.556,-0.018866
-1,2010-02-28,TECHM,154.4043,-0.083958
-1,2010-03-31,TECHM,147.8614,-0.042375
-1,2010-04-30,TECHM,134.1862,-0.092487
-1,2010-05-31,TECHM,110.2677,-0.178249
-1,2010-06-30,TECHM,127.2533,0.15404
-1,2010-07-31,TECHM,121.3603,-0.046309
-1,2010-08-31,TECHM,111.136,-0.084247
-1,2010-09-30,TECHM,130.9429,0.178222
-1,2010-10-31,TECHM,126.9815,-0.030253
-1,2010-11-30,TECHM,111.3189,-0.123346
-1,2010-12-31,TECHM,122.3062,0.098701
-1,2011-01-31,TECHM,113.3474,-0.073249
-1,2011-02-28,TECHM,112.3549,-0.008756
-1,2011-03-31,TECHM,117.7354,0.047888
-1,2011-04-30,TECHM,119.5202,0.015159
-1,2011-05-31,TECHM,118.0227,-0.012529
-1,2011-06-30,TECHM,125.9368,0.067056
-1,2011-07-31,TECHM,135.1132,0.072865
-1,2011-08-31,TECHM,112.973,-0.163864
-1,2011-09-30,TECHM,100.4945,-0.110456
-1,2011-10-31,TECHM,102.4811,0.019768
-1,2011-11-30,TECHM,98.9542,-0.034415
-1,2011-12-31,TECHM,100.4158,0.01477
-1,2012-01-31,TECHM,114.1207,0.136482
-1,2012-02-29,TECHM,105.1066,-0.078987
-1,2012-03-31,TECHM,126.1542,0.20025
-1,2012-04-30,TECHM,122.8286,-0.026361
-1,2012-05-31,TECHM,117.8927,-0.040185
-1,2012-06-30,TECHM,123.975,0.051592
-1,2012-07-31,TECHM,124.8151,0.006776
-1,2012-08-31,TECHM,139.7803,0.119899
-1,2012-09-30,TECHM,171.0797,0.223919
-1,2012-10-31,TECHM,166.9261,-0.024279
-1,2012-11-30,TECHM,154.8966,-0.072065
-1,2012-12-31,TECHM,164.075,0.059255
-1,2013-01-31,TECHM,175.8141,0.071547
-1,2013-02-28,TECHM,184.9836,0.052155
-1,2013-03-31,TECHM,186.4708,0.00804
-1,2013-04-30,TECHM,167.7709,-0.100283
-1,2013-05-31,TECHM,170.2789,0.014949
-1,2013-06-30,TECHM,186.5236,0.095401
-1,2013-07-31,TECHM,219.3474,0.175977
-1,2013-08-31,TECHM,241.9985,0.103266
-1,2013-09-30,TECHM,235.0906,-0.028545
-1,2013-10-31,TECHM,274.0259,0.165618
-1,2013-11-30,TECHM,299.9082,0.094452
-1,2013-12-31,TECHM,324.6952,0.082649
-1,2014-01-31,TECHM,315.7026,-0.027696
-1,2014-02-28,TECHM,329.8893,0.044937
-1,2014-03-31,TECHM,317.1866,-0.038506
-1,2014-04-30,TECHM,323.6881,0.020497
-1,2014-05-31,TECHM,339.7387,0.049587
-1,2014-06-30,TECHM,380.1964,0.119085
-1,2014-07-31,TECHM,379.9491,-0.00065
-1,2014-08-31,TECHM,421.342,0.108943
-1,2014-09-30,TECHM,443.9336,0.053618
-1,2014-10-31,TECHM,448.9262,0.011246
-1,2014-11-30,TECHM,470.7423,0.048596
-1,2014-12-31,TECHM,462.451,-0.017613
-1,2015-01-31,TECHM,511.4767,0.106013
-1,2015-02-28,TECHM,505.6371,-0.011417
9858,2015-03-31,TECHM,592.8,0.172382
9859,2015-04-30,TECHM,582.5,-0.017375
9860,2015-05-31,TECHM,518.5,-0.109871
9861,2015-06-30,TECHM,440.8,-0.149855
9862,2015-07-31,TECHM,492.5,0.117287
9863,2015-08-31,TECHM,476.0,-0.033503
9864,2015-09-30,TECHM,522.0,0.096639
9865,2015-10-31,TECHM,500.5,-0.041188
9866,2015-11-30,TECHM,494.7,-0.011588
9867,2015-12-31,TECHM,485.9,-0.017789
9868,2016-01-31,TECHM,464.5,-0.044042
9869,2016-02-29,TECHM,380.9,-0.179978
9870,2016-03-31,TECHM,439.2,0.153059
9871,2016-04-30,TECHM,448.4,0.020947
9872,2016-05-31,TECHM,504.8,0.125781
9873,2016-06-30,TECHM,471.9,-0.065174
9874,2016-07-31,TECHM,446.8,-0.053189
9875,2016-08-31,TECHM,434.5,-0.027529
9876,2016-09-30,TECHM,385.6,-0.112543
9877,2016-10-31,TECHM,405.6,0.051867
9878,2016-11-30,TECHM,450.8,0.11144
9879,2016-12-31,TECHM,452.3,0.003327
9880,2017-01-31,TECHM,418.4,-0.07495
9881,2017-02-28,TECHM,455.0,0.087476
9882,2017-03-31,TECHM,421.4,-0.073846
9883,2017-04-30,TECHM,382.0,-0.093498
9884,2017-05-31,TECHM,355.5,-0.069372
9885,2017-06-30,TECHM,348.6,-0.019409
9886,2017-07-31,TECHM,350.6,0.005737
9887,2017-08-31,TECHM,392.2,0.118654
9888,2017-09-30,TECHM,421.9,0.075727
9889,2017-10-31,TECHM,446.8,0.059019
9890,2017-11-30,TECHM,454.3,0.016786
9891,2017-12-31,TECHM,467.4,0.028836
9892,2018-01-31,TECHM,572.5,0.224861
9893,2018-02-28,TECHM,574.5,0.003493
9894,2018-03-31,TECHM,599.0,0.042646
9895,2018-04-30,TECHM,629.7,0.051252
9896,2018-05-31,TECHM,669.8,0.063681
9897,2018-06-30,TECHM,614.0,-0.083308
9898,2018-07-31,TECHM,640.3,0.042834
9899,2018-08-31,TECHM,727.4,0.13603
9900,2018-09-30,TECHM,706.1,-0.029282
9901,2018-10-31,TECHM,703.1,-0.004249
9902,2018-11-30,TECHM,666.6,-0.051913
9903,2018-12-31,TECHM,681.2,0.021902
9904,2019-01-31,TECHM,689.9,0.012772
9905,2019-02-28,TECHM,785.5,0.138571
9906,2019-03-31,TECHM,735.0,-0.06429
9907,2019-04-30,TECHM,793.4,0.079456
9908,2019-05-31,TECHM,721.8,-0.090245
9909,2019-06-30,TECHM,667.3,-0.075506
9910,2019-07-31,TECHM,596.3,-0.106399
9911,2019-08-31,TECHM,657.0,0.101794
9912,2019-09-30,TECHM,675.7,0.028463
9913,2019-10-31,TECHM,698.2,0.033299
9914,2019-11-30,TECHM,718.9,0.029648
9915,2019-12-31,TECHM,720.0,0.00153
9916,2020-01-31,TECHM,758.1,0.052917
9917,2020-02-29,TECHM,705.4,-0.069516
9918,2020-03-31,TECHM,524.4,-0.256592
9919,2020-04-30,TECHM,508.7,-0.029939
9920,2020-05-31,TECHM,493.5,-0.02988
9921,2020-06-30,TECHM,506.3,0.025937
9922,2020-07-31,TECHM,642.2,0.268418
9923,2020-08-31,TECHM,697.4,0.085955
9924,2020-09-30,TECHM,747.9,0.072412
9925,2020-10-31,TECHM,769.1,0.028346
9926,2020-11-30,TECHM,823.9,0.071252
9927,2020-12-31,TECHM,929.0,0.127564
9928,2021-01-31,TECHM,913.4,-0.016792
9929,2021-02-28,TECHM,875.3,-0.041712
9930,2021-03-31,TECHM,947.7,0.082714
9931,2021-04-30,TECHM,914.1,-0.035454
9932,2021-05-31,TECHM,979.1,0.071108
9933,2021-06-30,TECHM,1049.5,0.071903
9934,2021-07-31,TECHM,1158.5,0.103859
9935,2021-08-31,TECHM,1397.5,0.206301
9936,2021-09-30,TECHM,1329.7,-0.048515
9937,2021-10-31,TECHM,1425.9,0.072347
9938,2021-11-30,TECHM,1495.6,0.048881
9939,2021-12-31,TECHM,1732.3,0.158264
9940,2022-01-31,TECHM,1427.6,-0.175893
9941,2022-02-28,TECHM,1356.2,-0.050014
9942,2022-03-31,TECHM,1445.6,0.065919
9943,2022-04-30,TECHM,1204.1,-0.167059
9944,2022-05-31,TECHM,1137.8,-0.055062
9945,2022-06-30,TECHM,952.6,-0.16277
9946,2022-07-31,TECHM,1002.3,0.052173
9947,2022-08-31,TECHM,1029.4,0.027038
9948,2022-09-30,TECHM,966.3,-0.061298
9949,2022-10-31,TECHM,1016.3,0.051744
9950,2022-11-30,TECHM,1032.1,0.015547
9951,2022-12-31,TECHM,970.3,-0.059878
9952,2023-01-31,TECHM,970.3,0.0
9953,2023-02-28,TECHM,1051.8,0.083995
9954,2023-03-31,TECHM,1055.7,0.003708
9955,2023-04-30,TECHM,976.4,-0.075116
9956,2023-05-31,TECHM,1076.3,0.102315
9957,2023-06-30,TECHM,1083.2,0.006411
9958,2023-07-31,TECHM,1071.4,-0.010894
9959,2023-08-31,TECHM,1154.9,0.077935
9960,2023-09-30,TECHM,1176.5,0.018703
9961,2023-10-31,TECHM,1085.2,-0.077603
9962,2023-11-30,TECHM,1170.6,0.078695
9963,2023-12-31,TECHM,1221.7,0.043653
9964,2024-01-31,TECHM,1278.6,0.046574
9965,2024-02-29,TECHM,1228.5,-0.039183
9966,2024-03-31,TECHM,1197.1,-0.02556
9967,2024-04-30,TECHM,1212.3,0.012697
9968,2024-05-31,TECHM,1182.7,-0.024416
9969,2024-06-30,TECHM,1376.4,0.163778
9970,2024-07-31,TECHM,1524.2,0.107382
9971,2024-08-31,TECHM,1606.2,0.053799
9972,2024-09-30,TECHM,1549.7,-0.035176
9973,2024-10-31,TECHM,1581.3,0.020391
9974,2024-11-30,TECHM,1682.3,0.063871
9975,2024-12-31,TECHM,1675.2,-0.00422
9976,2025-01-31,TECHM,1645.7,-0.01761
9977,2025-02-28,TECHM,1459.3,-0.113265
9978,2025-03-31,TECHM,1389.6,-0.047763
9979,2025-04-30,TECHM,1466.1,0.055052
9980,2025-05-31,TECHM,1542.4,0.052043
9981,2025-06-30,TECHM,1652.9,0.071642
9982,2025-07-31,TECHM,1464.0,-0.114284
9983,2025-08-31,TECHM,1459.0,-0.003415
10890,2015-03-31,TITAN,391.0,
10891,2015-04-30,TITAN,382.3,-0.022251
10892,2015-05-31,TITAN,377.5,-0.012556
10893,2015-06-30,TITAN,364.95,-0.033245
10894,2015-07-31,TITAN,324.0,-0.112207
10895,2015-08-31,TITAN,339.5,0.04784
10896,2015-09-30,TITAN,318.0,-0.063328
10897,2015-10-31,TITAN,350.0,0.100629
10898,2015-11-30,TITAN,381.5,0.09
10899,2015-12-31,TITAN,349.0,-0.08519
10900,2016-01-31,TITAN,365.4,0.046991
10901,2016-02-29,TITAN,317.0,-0.132458
10902,2016-03-31,TITAN,340.0,0.072555
10903,2016-04-30,TITAN,355.35,0.045147
10904,2016-05-31,TITAN,357.2,0.005206
10905,2016-06-30,TITAN,407.4,0.140538
10906,2016-07-31,TITAN,421.0,0.033382
10907,2016-08-31,TITAN,420.05,-0.002257
10908,2016-09-30,TITAN,397.4,-0.053922
10909,2016-10-31,TITAN,381.5,-0.04001
10910,2016-11-30,TITAN,323.6,-0.151769
10911,2016-12-31,TITAN,326.0,0.007417
10912,2017-01-31,TITAN,362.5,0.111963
10913,2017-02-28,TITAN,438.0,0.208276
10914,2017-03-31,TITAN,458.6,0.047032
10915,2017-04-30,TITAN,469.05,0.022787
10916,2017-05-31,TITAN,474.9,0.012472
10917,2017-06-30,TITAN,525.0,0.105496
10918,2017-07-31,TITAN,544.0,0.03619
10919,2017-08-31,TITAN,618.9,0.137684
10920,2017-09-30,TITAN,584.2,-0.056067
10921,2017-10-31,TITAN,637.25,0.090808
10922,2017-11-30,TITAN,819.0,0.28521
10923,2017-12-31,TITAN,858.35,0.048046
10924,2018-01-31,TITAN,867.65,0.010835
10925,2018-02-28,TITAN,816.15,-0.059356
10926,2018-03-31,TITAN,926.3,0.134963
10927,2018-04-30,TITAN,981.2,0.059268
10928,2018-05-31,TITAN,907.0,-0.075622
10929,2018-06-30,TITAN,877.0,-0.033076
10930,2018-07-31,TITAN,912.35,0.040308
10931,2018-08-31,TITAN,893.0,-0.021209
10932,2018-09-30,TITAN,804.1,-0.099552
10933,2018-10-31,TITAN,841.7,0.04676
10934,2018-11-30,TITAN,930.5,0.105501
10935,2018-12-31,TITAN,927.35,-0.003385
10936,2019-01-31,TITAN,1000.0,0.078342
10937,2019-02-28,TITAN,1032.45,0.03245
10938,2019-03-31,TITAN,1145.1,0.109109
10939,2019-04-30,TITAN,1161.6,0.014409
10940,2019-05-31,TITAN,1233.65,0.062027
10941,2019-06-30,TITAN,1333.95,0.081303
10942,2019-07-31,TITAN,1054.4,-0.209566
10943,2019-08-31,TITAN,1103.6,0.046662
10944,2019-09-30,TITAN,1275.0,0.15531
10945,2019-10-31,TITAN,1331.8,0.044549
10946,2019-11-30,TITAN,1157.6,-0.1308
10947,2019-12-31,TITAN,1189.9,0.027903
10948,2020-01-31,TITAN,1189.55,-0.000294
10949,2020-02-29,TITAN,1254.9,0.054937
10950,2020-03-31,TITAN,933.7,-0.255957
10951,2020-04-30,TITAN,967.8,0.036521
10952,2020-05-31,TITAN,890.05,-0.080337
10953,2020-06-30,TITAN,952.25,0.069884
10954,2020-07-31,TITAN,1048.5,0.101076
10955,2020-08-31,TITAN,1095.0,0.044349
10956,2020-09-30,TITAN,1198.0,0.094064
10957,2020-10-31,TITAN,1167.5,-0.025459
10958,2020-11-30,TITAN,1334.0,0.142612
10959,2020-12-31,TITAN,1560.25,0.169603
10960,2021-01-31,TITAN,1422.0,-0.088608
10961,2021-02-28,TITAN,1409.95,-0.008474
10962,2021-03-31,TITAN,1556.95,0.104259
10963,2021-04-30,TITAN,1489.85,-0.043097
10964,2021-05-31,TITAN,1594.0,0.069906
10965,2021-06-30,TITAN,1737.25,0.089868
10966,2021-07-31,TITAN,1721.0,-0.009354
10967,2021-08-31,TITAN,1920.0,0.11563
10968,2021-09-30,TITAN,2162.95,0.126536
10969,2021-10-31,TITAN,2395.0,0.107284
10970,2021-11-30,TITAN,2371.0,-0.010021
10971,2021-12-31,TITAN,2518.2,0.062084
10972,2022-01-31,TITAN,2355.1,-0.064768
10973,2022-02-28,TITAN,2554.85,0.084816
10974,2022-03-31,TITAN,2537.7,-0.006713
10975,2022-04-30,TITAN,2466.35,-0.028116
10976,2022-05-31,TITAN,2295.55,-0.069252
10977,2022-06-30,TITAN,1930.75,-0.158916
10978,2022-07-31,TITAN,2355.0,0.219733
10979,2022-08-31,TITAN,2594.65,0.101762
10980,2022-09-30,TITAN,2605.5,0.004182
10981,2022-10-31,TITAN,2765.0,0.061217
10982,2022-11-30,TITAN,2657.25,-0.038969
10983,2022-12-31,TITAN,2595.05,-0.023408
10984,2023-01-31,TITAN,2383.0,-0.081713
10985,2023-02-28,TITAN,2370.0,-0.005455
10986,2023-03-31,TITAN,2514.9,0.061139
10987,2023-04-30,TITAN,2639.0,0.049346
10988,2023-05-31,TITAN,2819.0,0.068208
10989,2023-06-30,TITAN,3055.0,0.083718
10990,2023-07-31,TITAN,3014.9,-0.013126
10991,2023-08-31,TITAN,3112.0,0.032207
10992,2023-09-30,TITAN,3148.8,0.011825
10993,2023-10-31,TITAN,3194.0,0.014355
10994,2023-11-30,TITAN,3483.8,0.090733
10995,2023-12-31,TITAN,3685.9,0.058011
10996,2024-01-31,TITAN,3697.45,0.003134
10997,2024-02-29,TITAN,3640.0,-0.015538
10998,2024-03-31,TITAN,3800.0,0.043956
10999,2024-04-30,TITAN,3595.0,-0.053947
11000,2024-05-31,TITAN,3250.9,-0.095716
11001,2024-06-30,TITAN,3405.0,0.047402
11002,2024-07-31,TITAN,3464.65,0.017518
11003,2024-08-31,TITAN,3554.9,0.026049
11004,2024-09-30,TITAN,3828.0,0.076824
11005,2024-10-31,TITAN,3277.0,-0.143939
11006,2024-11-30,TITAN,3245.0,-0.009765
11007,2024-12-31,TITAN,3254.0,0.002773
11008,2025-01-31,TITAN,3491.3,0.072926
11009,2025-02-28,TITAN,3087.0,-0.115802
11010,2025-03-31,TITAN,3062.0,-0.008098
11011,2025-04-30,TITAN,3356.3,0.096114
11012,2025-05-31,TITAN,3551.1,0.05804
11013,2025-06-30,TITAN,3688.0,0.038551
11014,2025-07-31,TITAN,3340.0,-0.09436
11015,2025-08-31,TITAN,3417.7,0.023263
3315,2015-03-31,TORNTPHARM,579.05,
3316,2015-04-30,TORNTPHARM,602.5,0.040497
3317,2015-05-31,TORNTPHARM,607.5,0.008299
3318,2015-06-30,TORNTPHARM,651.5,0.072428
3319,2015-07-31,TORNTPHARM,717.5,0.101305
3320,2015-08-31,TORNTPHARM,804.0,0.120557
3321,2015-09-30,TORNTPHARM,751.5,-0.065299
3322,2015-10-31,TORNTPHARM,766.5,0.01996
3323,2015-11-30,TORNTPHARM,718.5,-0.062622
3324,2015-12-31,TORNTPHARM,727.5,0.012526
3325,2016-01-31,TORNTPHARM,701.0,-0.036426
3326,2016-02-29,TORNTPHARM,626.5,-0.106277
3327,2016-03-31,TORNTPHARM,667.5,0.065443
3328,2016-04-30,TORNTPHARM,715.6,0.07206
3329,2016-05-31,TORNTPHARM,672.5,-0.060229
3330,2016-06-30,TORNTPHARM,689.0,0.024535
3331,2016-07-31,TORNTPHARM,722.5,0.048621
3332,2016-08-31,TORNTPHARM,816.45,0.130035
3333,2016-09-30,TORNTPHARM,819.5,0.003736
3334,2016-10-31,TORNTPHARM,708.45,-0.135509
3335,2016-11-30,TORNTPHARM,688.0,-0.028866
3336,2016-12-31,TORNTPHARM,660.0,-0.040698
3337,2017-01-31,TORNTPHARM,652.5,-0.011364
3338,2017-02-28,TORNTPHARM,680.0,0.042146
3339,2017-03-31,TORNTPHARM,774.4,0.138824
3340,2017-04-30,TORNTPHARM,707.0,-0.087035
3341,2017-05-31,TORNTPHARM,618.7,-0.124894
3342,2017-06-30,TORNTPHARM,610.15,-0.013819
3343,2017-07-31,TORNTPHARM,656.0,0.075145
3344,2017-08-31,TORNTPHARM,602.7,-0.08125
3345,2017-09-30,TORNTPHARM,612.0,0.015431
3346,2017-10-31,TORNTPHARM,634.0,0.035948
3347,2017-11-30,TORNTPHARM,646.5,0.019716
3348,2017-12-31,TORNTPHARM,710.0,0.098221
3349,2018-01-31,TORNTPHARM,678.5,-0.044366
3350,2018-02-28,TORNTPHARM,683.0,0.006632
3351,2018-03-31,TORNTPHARM,623.25,-0.087482
3352,2018-04-30,TORNTPHARM,712.3,0.14288
3353,2018-05-31,TORNTPHARM,707.5,-0.006739
3354,2018-06-30,TORNTPHARM,701.5,-0.008481
3355,2018-07-31,TORNTPHARM,762.5,0.086957
3356,2018-08-31,TORNTPHARM,908.5,0.191475
3357,2018-09-30,TORNTPHARM,827.5,-0.089158
3358,2018-10-31,TORNTPHARM,834.0,0.007855
3359,2018-11-30,TORNTPHARM,886.0,0.06235
3360,2018-12-31,TORNTPHARM,885.65,-0.000395
3361,2019-01-31,TORNTPHARM,912.5,0.030317
3362,2019-02-28,TORNTPHARM,902.5,-0.010959
3363,2019-03-31,TORNTPHARM,980.5,0.086427
3364,2019-04-30,TORNTPHARM,899.95,-0.082152
3365,2019-05-31,TORNTPHARM,779.0,-0.134396
3366,2019-06-30,TORNTPHARM,770.25,-0.011232
3367,2019-07-31,TORNTPHARM,834.5,0.083414
3368,2019-08-31,TORNTPHARM,852.05,0.021031
3369,2019-09-30,TORNTPHARM,832.2,-0.023297
3370,2019-10-31,TORNTPHARM,889.0,0.068253
3371,2019-11-30,TORNTPHARM,949.25,0.067773
3372,2019-12-31,TORNTPHARM,923.65,-0.026969
3373,2020-01-31,TORNTPHARM,964.95,0.044714
3374,2020-02-29,TORNTPHARM,1068.0,0.106793
3375,2020-03-31,TORNTPHARM,984.0,-0.078652
3376,2020-04-30,TORNTPHARM,1173.5,0.192581
3377,2020-05-31,TORNTPHARM,1149.95,-0.020068
3378,2020-06-30,TORNTPHARM,1185.0,0.03048
3379,2020-07-31,TORNTPHARM,1330.7,0.122954
3380,2020-08-31,TORNTPHARM,1325.05,-0.004246
3381,2020-09-30,TORNTPHARM,1400.0,0.056564
3382,2020-10-31,TORNTPHARM,1281.0,-0.085
3383,2020-11-30,TORNTPHARM,1309.0,0.021858
3384,2020-12-31,TORNTPHARM,1400.0,0.069519
3385,2021-01-31,TORNTPHARM,1297.0,-0.073571
3386,2021-02-28,TORNTPHARM,1208.5,-0.068234
3387,2021-03-31,TORNTPHARM,1266.75,0.0482
3388,2021-04-30,TORNTPHARM,1251.5,-0.012039
3389,2021-05-31,TORNTPHARM,1371.5,0.095885
3390,2021-06-30,TORNTPHARM,1445.55,0.053992
3391,2021-07-31,TORNTPHARM,1537.5,0.063609
3392,2021-08-31,TORNTPHARM,1550.0,0.00813
3393,2021-09-30,TORNTPHARM,1537.0,-0.008387
3394,2021-10-31,TORNTPHARM,1435.0,-0.066363
3395,2021-11-30,TORNTPHARM,1510.8,0.052822
3396,2021-12-31,TORNTPHARM,1639.4,0.08512
3397,2022-01-31,TORNTPHARM,1332.0,-0.187508
3398,2022-02-28,TORNTPHARM,1387.95,0.042005
3399,2022-03-31,TORNTPHARM,1390.0,0.001477
3400,2022-04-30,TORNTPHARM,1412.5,0.016187
3401,2022-05-31,TORNTPHARM,1417.5,0.00354
3402,2022-06-30,TORNTPHARM,1425.0,0.005291
3403,2022-07-31,TORNTPHARM,1523.45,0.069088
3404,2022-08-31,TORNTPHARM,1549.9,0.017362
3405,2022-09-30,TORNTPHARM,1555.0,0.003291
3406,2022-10-31,TORNTPHARM,1646.2,0.05865
3407,2022-11-30,TORNTPHARM,1652.45,0.003797
3408,2022-12-31,TORNTPHARM,1550.0,-0.061999
3409,2023-01-31,TORNTPHARM,1523.0,-0.017419
3410,2023-02-28,TORNTPHARM,1465.0,-0.038083
3411,2023-03-31,TORNTPHARM,1533.5,0.046758
3412,2023-04-30,TORNTPHARM,1646.75,0.073851
3413,2023-05-31,TORNTPHARM,1811.05,0.099772
3414,2023-06-30,TORNTPHARM,1905.0,0.051876
3415,2023-07-31,TORNTPHARM,2010.0,0.055118
3416,2023-08-31,TORNTPHARM,1841.75,-0.083706
3417,2023-09-30,TORNTPHARM,1927.0,0.046287
3418,2023-10-31,TORNTPHARM,1930.5,0.001816
3419,2023-11-30,TORNTPHARM,2136.6,0.10676
3420,2023-12-31,TORNTPHARM,2303.0,0.077881
3421,2024-01-31,TORNTPHARM,2521.0,0.094659
3422,2024-02-29,TORNTPHARM,2675.0,0.061087
3423,2024-03-31,TORNTPHARM,2620.0,-0.020561
3424,2024-04-30,TORNTPHARM,2645.0,0.009542
3425,2024-05-31,TORNTPHARM,2697.9,0.02
3426,2024-06-30,TORNTPHARM,2787.05,0.033044
3427,2024-07-31,TORNTPHARM,3172.95,0.138462
3428,2024-08-31,TORNTPHARM,3499.5,0.102917
3429,2024-09-30,TORNTPHARM,3408.95,-0.025875
3430,2024-10-31,TORNTPHARM,3195.0,-0.062761
3431,2024-11-30,TORNTPHARM,3330.0,0.042254
3432,2024-12-31,TORNTPHARM,3364.9,0.01048
3433,2025-01-31,TORNTPHARM,3273.0,-0.027311
3434,2025-02-28,TORNTPHARM,2925.55,-0.106156
3435,2025-03-31,TORNTPHARM,3227.9,0.103348
3436,2025-04-30,TORNTPHARM,3326.3,0.030484
3437,2025-05-31,TORNTPHARM,3158.9,-0.050326
3438,2025-06-30,TORNTPHARM,3411.0,0.079806
3439,2025-07-31,TORNTPHARM,3755.0,0.10085
3440,2025-08-31,TORNTPHARM,3524.1,-0.061491
11520,2015-03-31,TRENT,142.3936,
11521,2015-04-30,TRENT,115.02,-0.192239
11522,2015-05-31,TRENT,119.5,0.03895
11523,2015-06-30,TRENT,112.49,-0.058661
11524,2015-07-31,TRENT,122.0,0.084541
11525,2015-08-31,TRENT,124.9,0.02377
11526,2015-09-30,TRENT,131.2,0.05044
11527,2015-10-31,TRENT,139.5,0.063262
11528,2015-11-30,TRENT,163.02,0.168602
11529,2015-12-31,TRENT,174.3,0.069194
11530,2016-01-31,TRENT,155.0,-0.110729
11531,2016-02-29,TRENT,146.0,-0.058065
11532,2016-03-31,TRENT,160.9,0.102055
11533,2016-04-30,TRENT,171.0,0.062772
11534,2016-05-31,TRENT,160.5,-0.061404
11535,2016-06-30,TRENT,183.9,0.145794
11536,2016-07-31,TRENT,183.2,-0.003806
11537,2016-08-31,TRENT,217.51,0.187282
11538,2016-09-30,TRENT,213.0,-0.020735
11539,2016-10-31,TRENT,203.95,-0.042488
11540,2016-11-30,TRENT,180.0,-0.117431
11541,2016-12-31,TRENT,199.7,0.109444
11542,2017-01-31,TRENT,237.9,0.191287
11543,2017-02-28,TRENT,244.8,0.029004
11544,2017-03-31,TRENT,265.9,0.086193
11545,2017-04-30,TRENT,252.7,-0.049643
11546,2017-05-31,TRENT,242.2,-0.041551
11547,2017-06-30,TRENT,237.0,-0.02147
11548,2017-07-31,TRENT,269.0,0.135021
11549,2017-08-31,TRENT,296.25,0.101301
11550,2017-09-30,TRENT,295.0,-0.004219
11551,2017-10-31,TRENT,295.35,0.001186
11552,2017-11-30,TRENT,342.0,0.157948
11553,2017-12-31,TRENT,337.0,-0.01462
11554,2018-01-31,TRENT,315.0,-0.065282
11555,2018-02-28,TRENT,317.9,0.009206
11556,2018-03-31,TRENT,344.1,0.082416
11557,2018-04-30,TRENT,353.3,0.026736
11558,2018-05-31,TRENT,326.0,-0.077271
11559,2018-06-30,TRENT,301.95,-0.073773
11560,2018-07-31,TRENT,350.0,0.159132
11561,2018-08-31,TRENT,368.7,0.053429
11562,2018-09-30,TRENT,333.85,-0.094521
11563,2018-10-31,TRENT,320.8,-0.039089
11564,2018-11-30,TRENT,334.95,0.044108
11565,2018-12-31,TRENT,360.05,0.074937
11566,2019-01-31,TRENT,355.0,-0.014026
11567,2019-02-28,TRENT,324.55,-0.085775
11568,2019-03-31,TRENT,361.0,0.112309
11569,2019-04-30,TRENT,355.0,-0.01662
11570,2019-05-31,TRENT,392.0,0.104225
11571,2019-06-30,TRENT,440.0,0.122449
11572,2019-07-31,TRENT,397.05,-0.097614
11573,2019-08-31,TRENT,468.2,0.179197
11574,2019-09-30,TRENT,484.0,0.033746
11575,2019-10-31,TRENT,541.55,0.118905
11576,2019-11-30,TRENT,519.0,-0.04164
11577,2019-12-31,TRENT,524.9,0.011368
11578,2020-01-31,TRENT,592.0,0.127834
11579,2020-02-29,TRENT,734.75,0.241132
11580,2020-03-31,TRENT,482.9,-0.34277
11581,2020-04-30,TRENT,504.0,0.043694
11582,2020-05-31,TRENT,470.05,-0.067361
11583,2020-06-30,TRENT,621.9,0.323051
11584,2020-07-31,TRENT,558.15,-0.102508
11585,2020-08-31,TRENT,638.0,0.143062
11586,2020-09-30,TRENT,680.15,0.066066
11587,2020-10-31,TRENT,659.0,-0.031096
11588,2020-11-30,TRENT,720.9,0.09393
11589,2020-12-31,TRENT,686.0,-0.048412
11590,2021-01-31,TRENT,626.0,-0.087464
11591,2021-02-28,TRENT,818.0,0.306709
11592,2021-03-31,TRENT,748.3,-0.085208
11593,2021-04-30,TRENT,778.0,0.03969
11594,2021-05-31,TRENT,856.4,0.100771
11595,2021-06-30,TRENT,849.45,-0.008115
11596,2021-07-31,TRENT,927.5,0.091883
11597,2021-08-31,TRENT,1002.0,0.080323
11598,2021-09-30,TRENT,1031.0,0.028942
11599,2021-10-31,TRENT,1008.95,-0.021387
11600,2021-11-30,TRENT,1022.85,0.013777
11601,2021-12-31,TRENT,1063.9,0.040133
11602,2022-01-31,TRENT,1028.0,-0.033744
11603,2022-02-28,TRENT,1112.0,0.081712
11604,2022-03-31,TRENT,1280.0,0.151079
11605,2022-04-30,TRENT,1226.7,-0.041641
11606,2022-05-31,TRENT,1127.5,-0.080867
11607,2022-06-30,TRENT,1086.6,-0.036275
11608,2022-07-31,TRENT,1266.75,0.165792
11609,2022-08-31,TRENT,1401.9,0.10669
11610,2022-09-30,TRENT,1419.5,0.012554
11611,2022-10-31,TRENT,1525.0,0.074322
11612,2022-11-30,TRENT,1472.4,-0.034492
11613,2022-12-31,TRENT,1350.0,-0.08313
11614,2023-01-31,TRENT,1202.95,-0.108926
11615,2023-02-28,TRENT,1273.75,0.058855
11616,2023-03-31,TRENT,1376.5,0.080667
11617,2023-04-30,TRENT,1365.0,-0.008355
11618,2023-05-31,TRENT,1553.85,0.138352
11619,2023-06-30,TRENT,1759.5,0.132349
11620,2023-07-31,TRENT,1760.0,0.000284
11621,2023-08-31,TRENT,2053.4,0.166705
11622,2023-09-30,TRENT,2082.65,0.014245
11623,2023-10-31,TRENT,2160.0,0.03714
11624,2023-11-30,TRENT,2780.0,0.287037
11625,2023-12-31,TRENT,3046.0,0.095683
11626,2024-01-31,TRENT,3088.55,0.013969
11627,2024-02-29,TRENT,3888.05,0.258859
11628,2024-03-31,TRENT,3942.0,0.013876
11629,2024-04-30,TRENT,4427.0,0.123034
11630,2024-05-31,TRENT,4520.0,0.021007
11631,2024-06-30,TRENT,5475.0,0.211283
11632,2024-07-31,TRENT,5849.0,0.068311
11633,2024-08-31,TRENT,7175.0,0.226705
11634,2024-09-30,TRENT,7560.1,0.053672
11635,2024-10-31,TRENT,7140.0,-0.055568
11636,2024-11-30,TRENT,6790.8,-0.048908
11637,2024-12-31,TRENT,7108.0,0.04671
11638,2025-01-31,TRENT,5765.0,-0.188942
11639,2025-02-28,TRENT,4838.65,-0.160685
11640,2025-03-31,TRENT,5306.05,0.096597
11641,2025-04-30,TRENT,5133.0,-0.032614
11642,2025-05-31,TRENT,5625.0,0.09585
11643,2025-06-30,TRENT,6202.5,0.102667
11644,2025-07-31,TRENT,5024.0,-0.190004
11645,2025-08-31,TRENT,5356.5,0.066182
3693,2015-03-31,TVSMOTOR,263.5,
3694,2015-04-30,TVSMOTOR,236.0,-0.104364
3695,2015-05-31,TVSMOTOR,237.0,0.004237
3696,2015-06-30,TVSMOTOR,244.2,0.03038
3697,2015-07-31,TVSMOTOR,238.0,-0.025389
3698,2015-08-31,TVSMOTOR,225.2,-0.053782
3699,2015-09-30,TVSMOTOR,229.6,0.019538
3700,2015-10-31,TVSMOTOR,266.0,0.158537
3701,2015-11-30,TVSMOTOR,307.0,0.154135
3702,2015-12-31,TVSMOTOR,289.35,-0.057492
3703,2016-01-31,TVSMOTOR,292.8,0.011923
3704,2016-02-29,TVSMOTOR,269.55,-0.079406
3705,2016-03-31,TVSMOTOR,323.45,0.199963
3706,2016-04-30,TVSMOTOR,319.6,-0.011903
3707,2016-05-31,TVSMOTOR,284.55,-0.109668
3708,2016-06-30,TVSMOTOR,310.65,0.091724
3709,2016-07-31,TVSMOTOR,291.95,-0.060196
3710,2016-08-31,TVSMOTOR,326.7,0.119027
3711,2016-09-30,TVSMOTOR,367.2,0.123967
3712,2016-10-31,TVSMOTOR,409.1,0.114107
3713,2016-11-30,TVSMOTOR,378.3,-0.075287
3714,2016-12-31,TVSMOTOR,358.95,-0.05115
3715,2017-01-31,TVSMOTOR,385.05,0.072712
3716,2017-02-28,TVSMOTOR,429.2,0.11466
3717,2017-03-31,TVSMOTOR,430.65,0.003378
3718,2017-04-30,TVSMOTOR,494.0,0.147103
3719,2017-05-31,TVSMOTOR,537.0,0.087045
3720,2017-06-30,TVSMOTOR,548.1,0.02067
3721,2017-07-31,TVSMOTOR,581.35,0.060664
3722,2017-08-31,TVSMOTOR,605.5,0.041541
3723,2017-09-30,TVSMOTOR,659.0,0.088357
3724,2017-10-31,TVSMOTOR,724.8,0.099848
3725,2017-11-30,TVSMOTOR,723.95,-0.001173
3726,2017-12-31,TVSMOTOR,771.5,0.065681
3727,2018-01-31,TVSMOTOR,697.4,-0.096047
3728,2018-02-28,TVSMOTOR,681.0,-0.023516
3729,2018-03-31,TVSMOTOR,619.0,-0.091043
3730,2018-04-30,TVSMOTOR,668.85,0.080533
3731,2018-05-31,TVSMOTOR,586.0,-0.123869
3732,2018-06-30,TVSMOTOR,555.95,-0.05128
3733,2018-07-31,TVSMOTOR,516.5,-0.07096
3734,2018-08-31,TVSMOTOR,569.35,0.102323
3735,2018-09-30,TVSMOTOR,564.8,-0.007992
3736,2018-10-31,TVSMOTOR,539.0,-0.04568
3737,2018-11-30,TVSMOTOR,559.05,0.037199
3738,2018-12-31,TVSMOTOR,570.0,0.019587
3739,2019-01-31,TVSMOTOR,499.1,-0.124386
3740,2019-02-28,TVSMOTOR,455.25,-0.087858
3741,2019-03-31,TVSMOTOR,470.95,0.034487
3742,2019-04-30,TVSMOTOR,488.75,0.037796
3743,2019-05-31,TVSMOTOR,479.75,-0.018414
3744,2019-06-30,TVSMOTOR,428.25,-0.107348
3745,2019-07-31,TVSMOTOR,370.0,-0.136019
3746,2019-08-31,TVSMOTOR,352.4,-0.047568
3747,2019-09-30,TVSMOTOR,420.65,0.193672
3748,2019-10-31,TVSMOTOR,480.0,0.141091
3749,2019-11-30,TVSMOTOR,476.15,-0.008021
3750,2019-12-31,TVSMOTOR,466.0,-0.021317
3751,2020-01-31,TVSMOTOR,466.0,0.0
3752,2020-02-29,TVSMOTOR,433.1,-0.070601
3753,2020-03-31,TVSMOTOR,302.0,-0.302701
3754,2020-04-30,TVSMOTOR,326.25,0.080298
3755,2020-05-31,TVSMOTOR,336.05,0.030038
3756,2020-06-30,TVSMOTOR,375.6,0.117691
3757,2020-07-31,TVSMOTOR,389.0,0.035676
3758,2020-08-31,TVSMOTOR,431.0,0.107969
3759,2020-09-30,TVSMOTOR,470.4,0.091415
3760,2020-10-31,TVSMOTOR,454.95,-0.032844
3761,2020-11-30,TVSMOTOR,498.0,0.094626
3762,2020-12-31,TVSMOTOR,485.95,-0.024197
3763,2021-01-31,TVSMOTOR,557.1,0.146414
3764,2021-02-28,TVSMOTOR,594.6,0.067313
3765,2021-03-31,TVSMOTOR,584.05,-0.017743
3766,2021-04-30,TVSMOTOR,630.95,0.080301
3767,2021-05-31,TVSMOTOR,615.95,-0.023774
3768,2021-06-30,TVSMOTOR,620.95,0.008118
3769,2021-07-31,TVSMOTOR,581.5,-0.063532
3770,2021-08-31,TVSMOTOR,525.5,-0.096303
3771,2021-09-30,TVSMOTOR,550.0,0.046622
3772,2021-10-31,TVSMOTOR,661.85,0.203364
3773,2021-11-30,TVSMOTOR,688.95,0.040946
3774,2021-12-31,TVSMOTOR,625.0,-0.092822
3775,2022-01-31,TVSMOTOR,606.95,-0.02888
3776,2022-02-28,TVSMOTOR,615.5,0.014087
3777,2022-03-31,TVSMOTOR,622.85,0.011942
3778,2022-04-30,TVSMOTOR,658.0,0.056434
3779,2022-05-31,TVSMOTOR,737.0,0.120061
3780,2022-06-30,TVSMOTOR,844.95,0.146472
3781,2022-07-31,TVSMOTOR,904.4,0.070359
3782,2022-08-31,TVSMOTOR,986.5,0.090778
3783,2022-09-30,TVSMOTOR,1034.35,0.048505
3784,2022-10-31,TVSMOTOR,1145.25,0.107217
3785,2022-11-30,TVSMOTOR,1049.0,-0.084043
3786,2022-12-31,TVSMOTOR,1085.0,0.034318
3787,2023-01-31,TVSMOTOR,1040.0,-0.041475
3788,2023-02-28,TVSMOTOR,1075.2,0.033846
3789,2023-03-31,TVSMOTOR,1075.0,-0.000186
3790,2023-04-30,TVSMOTOR,1138.8,0.059349
3791,2023-05-31,TVSMOTOR,1286.0,0.129259
3792,2023-06-30,TVSMOTOR,1325.75,0.03091
3793,2023-07-31,TVSMOTOR,1377.0,0.038657
3794,2023-08-31,TVSMOTOR,1426.3,0.035802
3795,2023-09-30,TVSMOTOR,1525.0,0.0692
3796,2023-10-31,TVSMOTOR,1592.0,0.043934
3797,2023-11-30,TVSMOTOR,1896.0,0.190955
3798,2023-12-31,TVSMOTOR,2029.0,0.070148
3799,2024-01-31,TVSMOTOR,1996.45,-0.016042
3800,2024-02-29,TVSMOTOR,2138.2,0.071001
3801,2024-03-31,TVSMOTOR,2163.7,0.011926
3802,2024-04-30,TVSMOTOR,2064.45,-0.04587
3803,2024-05-31,TVSMOTOR,2192.0,0.061784
3804,2024-06-30,TVSMOTOR,2360.0,0.076642
3805,2024-07-31,TVSMOTOR,2535.9,0.074534
3806,2024-08-31,TVSMOTOR,2819.0,0.111637
3807,2024-09-30,TVSMOTOR,2855.0,0.01277
3808,2024-10-31,TVSMOTOR,2490.0,-0.127846
3809,2024-11-30,TVSMOTOR,2433.0,-0.022892
3810,2024-12-31,TVSMOTOR,2368.0,-0.026716
3811,2025-01-31,TVSMOTOR,2454.75,0.036634
3812,2025-02-28,TVSMOTOR,2236.55,-0.088889
3813,2025-03-31,TVSMOTOR,2418.95,0.081554
3814,2025-04-30,TVSMOTOR,2655.1,0.097625
3815,2025-05-31,TVSMOTOR,2809.0,0.057964
3816,2025-06-30,TVSMOTOR,2910.7,0.036205
3817,2025-07-31,TVSMOTOR,2809.0,-0.03494
3818,2025-08-31,TVSMOTOR,2957.0,0.052688
-1,2006-01-31,ULTRACEMCO,472.4128,
-1,2006-02-28,ULTRACEMCO,511.8413,0.083462
-1,2006-03-31,ULTRACEMCO,622.6969,0.216582
-1,2006-04-30,ULTRACEMCO,778.6332,0.250421
-1,2006-05-31,ULTRACEMCO,548.8539,-0.295106
-1,2006-06-30,ULTRACEMCO,681.6346,0.241924
-1,2006-07-31,ULTRACEMCO,658.4333,-0.034038
-1,2006-08-31,ULTRACEMCO,701.3716,0.065213
-1,2006-09-30,ULTRACEMCO,815.7661,0.163101
-1,2006-10-31,ULTRACEMCO,806.6286,-0.011201
-1,2006-11-30,ULTRACEMCO,820.0609,0.016652
-1,2006-12-31,ULTRACEMCO,1004.8248,0.225305
-1,2007-01-31,ULTRACEMCO,909.336,-0.09503
-1,2007-02-28,ULTRACEMCO,811.4714,-0.107622
-1,2007-03-31,ULTRACEMCO,705.52,-0.130567
-1,2007-04-30,ULTRACEMCO,754.4426,0.069343
-1,2007-05-31,ULTRACEMCO,763.8588,0.012481
-1,2007-06-30,ULTRACEMCO,827.1539,0.082862
-1,2007-07-31,ULTRACEMCO,857.4695,0.03665
-1,2007-08-31,ULTRACEMCO,845.481,-0.013981
-1,2007-09-30,ULTRACEMCO,962.1039,0.137937
-1,2007-10-31,ULTRACEMCO,916.0794,-0.047837
-1,2007-11-30,ULTRACEMCO,904.1829,-0.012986
-1,2007-12-31,ULTRACEMCO,931.0533,0.029718
-1,2008-01-31,ULTRACEMCO,802.3961,-0.138185
-1,2008-02-29,ULTRACEMCO,830.9204,0.035549
-1,2008-03-31,ULTRACEMCO,720.7281,-0.132615
-1,2008-04-30,ULTRACEMCO,700.8853,-0.027532
-1,2008-05-31,ULTRACEMCO,596.7102,-0.148634
-1,2008-06-30,ULTRACEMCO,501.0786,-0.160265
-1,2008-07-31,ULTRACEMCO,530.1079,0.057934
-1,2008-08-31,ULTRACEMCO,547.9034,0.03357
-1,2008-09-30,ULTRACEMCO,490.1512,-0.105406
-1,2008-10-31,ULTRACEMCO,329.1313,-0.328511
-1,2008-11-30,ULTRACEMCO,249.363,-0.24236
-1,2008-12-31,ULTRACEMCO,357.3585,0.433086
-1,2009-01-31,ULTRACEMCO,367.0456,0.027108
-1,2009-02-28,ULTRACEMCO,435.7827,0.187271
-1,2009-03-31,ULTRACEMCO,511.1013,0.172835
-1,2009-04-30,ULTRACEMCO,546.93,0.070101
-1,2009-05-31,ULTRACEMCO,665.4005,0.21661
-1,2009-06-30,ULTRACEMCO,639.2592,-0.039287
-1,2009-07-31,ULTRACEMCO,740.673,0.158643
-1,2009-08-31,ULTRACEMCO,711.1132,-0.039909
-1,2009-09-30,ULTRACEMCO,746.398,0.049619
-1,2009-10-31,ULTRACEMCO,716.854,-0.039582
-1,2009-11-30,ULTRACEMCO,780.983,0.089459
-1,2009-12-31,ULTRACEMCO,853.3733,0.092691
-1,2010-01-31,ULTRACEMCO,868.1219,0.017283
-1,2010-02-28,ULTRACEMCO,970.8497,0.118333
-1,2010-03-31,ULTRACEMCO,1078.0114,0.110379
-1,2010-04-30,ULTRACEMCO,908.0275,-0.157683
-1,2010-05-31,ULTRACEMCO,860.4209,-0.052429
-1,2010-06-30,ULTRACEMCO,820.7952,-0.046054
-1,2010-07-31,ULTRACEMCO,811.4913,-0.011335
-1,2010-08-31,ULTRACEMCO,847.7494,0.044681
-1,2010-09-30,ULTRACEMCO,998.1371,0.177396
-1,2010-10-31,ULTRACEMCO,1033.1742,0.035102
-1,2010-11-30,ULTRACEMCO,1068.587,0.034276
-1,2010-12-31,ULTRACEMCO,1018.4735,-0.046897
-1,2011-01-31,ULTRACEMCO,941.9647,-0.075121
-1,2011-02-28,ULTRACEMCO,874.3328,-0.071799
-1,2011-03-31,ULTRACEMCO,1062.8569,0.215621
-1,2011-04-30,ULTRACEMCO,1023.0765,-0.037428
-1,2011-05-31,ULTRACEMCO,963.3817,-0.058348
-1,2011-06-30,ULTRACEMCO,873.4874,-0.093311
-1,2011-07-31,ULTRACEMCO,966.9979,0.107054
-1,2011-08-31,ULTRACEMCO,1005.2761,0.039585
-1,2011-09-30,ULTRACEMCO,1078.4049,0.072745
-1,2011-10-31,ULTRACEMCO,1088.7957,0.009635
-1,2011-11-30,ULTRACEMCO,1085.1119,-0.003383
-1,2011-12-31,ULTRACEMCO,1101.9266,0.015496
-1,2012-01-31,ULTRACEMCO,1147.5056,0.041363
-1,2012-02-29,ULTRACEMCO,1328.5465,0.157769
-1,2012-03-31,ULTRACEMCO,1430.7098,0.076899
-1,2012-04-30,ULTRACEMCO,1346.0225,-0.059193
-1,2012-05-31,ULTRACEMCO,1345.0304,-0.000737
-1,2012-06-30,ULTRACEMCO,1432.5518,0.06507
-1,2012-07-31,ULTRACEMCO,1548.8374,0.081174
-1,2012-08-31,ULTRACEMCO,1600.1313,0.033118
-1,2012-09-30,ULTRACEMCO,1867.5975,0.167153
-1,2012-10-31,ULTRACEMCO,1894.5033,0.014407
-1,2012-11-30,ULTRACEMCO,1842.495,-0.027452
-1,2012-12-31,ULTRACEMCO,1885.1077,0.023128
-1,2013-01-31,ULTRACEMCO,1805.6241,-0.042164
-1,2013-02-28,ULTRACEMCO,1772.8818,-0.018134
-1,2013-03-31,ULTRACEMCO,1773.736,0.000482
-1,2013-04-30,ULTRACEMCO,1804.0109,0.017068
-1,2013-05-31,ULTRACEMCO,1782.6096,-0.011863
-1,2013-06-30,ULTRACEMCO,1781.3756,-0.000692
-1,2013-07-31,ULTRACEMCO,1743.0814,-0.021497
-1,2013-08-31,ULTRACEMCO,1406.2595,-0.193234
-1,2013-09-30,ULTRACEMCO,1725.155,0.226769
-1,2013-10-31,ULTRACEMCO,1875.3778,0.087078
-1,2013-11-30,ULTRACEMCO,1819.0743,-0.030022
-1,2013-12-31,ULTRACEMCO,1682.0569,-0.075323
-1,2014-01-31,ULTRACEMCO,1631.1404,-0.03027
-1,2014-02-28,ULTRACEMCO,1753.6644,0.075116
-1,2014-03-31,ULTRACEMCO,2085.2417,0.189077
-1,2014-04-30,ULTRACEMCO,1932.8735,-0.07307
-1,2014-05-31,ULTRACEMCO,2271.4111,0.175147
-1,2014-06-30,ULTRACEMCO,2471.406,0.088049
-1,2014-07-31,ULTRACEMCO,2308.2639,-0.066012
-1,2014-08-31,ULTRACEMCO,2440.4133,0.057251
-1,2014-09-30,ULTRACEMCO,2518.5046,0.031999
-1,2014-10-31,ULTRACEMCO,2438.8818,-0.031615
-1,2014-11-30,ULTRACEMCO,2377.4424,-0.025192
-1,2014-12-31,ULTRACEMCO,2560.9963,0.077206
-1,2015-01-31,ULTRACEMCO,3005.3337,0.173502
-1,2015-02-28,ULTRACEMCO,2991.4097,-0.004633
5848,2015-03-31,ULTRACEMCO,2887.0,-0.034903
5849,2015-04-30,ULTRACEMCO,2680.0,-0.071701
5850,2015-05-31,ULTRACEMCO,2990.0,0.115672
5851,2015-06-30,ULTRACEMCO,2996.05,0.002023
5852,2015-07-31,ULTRACEMCO,3144.35,0.049499
5853,2015-08-31,ULTRACEMCO,2882.55,-0.08326
5854,2015-09-30,ULTRACEMCO,2679.9,-0.070302
5855,2015-10-31,ULTRACEMCO,2906.0,0.084369
5856,2015-11-30,ULTRACEMCO,2805.75,-0.034498
5857,2015-12-31,ULTRACEMCO,2774.6,-0.011102
5858,2016-01-31,ULTRACEMCO,2836.9,0.022454
5859,2016-02-29,ULTRACEMCO,2770.05,-0.023564
5860,2016-03-31,ULTRACEMCO,3234.65,0.167723
5861,2016-04-30,ULTRACEMCO,3156.55,-0.024145
5862,2016-05-31,ULTRACEMCO,3240.0,0.026437
5863,2016-06-30,ULTRACEMCO,3410.8,0.052716
5864,2016-07-31,ULTRACEMCO,3722.0,0.09124
5865,2016-08-31,ULTRACEMCO,4029.35,0.082577
5866,2016-09-30,ULTRACEMCO,3853.0,-0.043766
5867,2016-10-31,ULTRACEMCO,3968.0,0.029847
5868,2016-11-30,ULTRACEMCO,3625.0,-0.086442
5869,2016-12-31,ULTRACEMCO,3250.0,-0.103448
5870,2017-01-31,ULTRACEMCO,3685.0,0.133846
5871,2017-02-28,ULTRACEMCO,3765.4,0.021818
5872,2017-03-31,ULTRACEMCO,3968.45,0.053925
5873,2017-04-30,ULTRACEMCO,4231.0,0.066159
5874,2017-05-31,ULTRACEMCO,4199.0,-0.007563
5875,2017-06-30,ULTRACEMCO,3955.0,-0.058109
5876,2017-07-31,ULTRACEMCO,4064.0,0.02756
5877,2017-08-31,ULTRACEMCO,4005.0,-0.014518
5878,2017-09-30,ULTRACEMCO,3854.3,-0.037628
5879,2017-10-31,ULTRACEMCO,4399.0,0.141323
5880,2017-11-30,ULTRACEMCO,4191.1,-0.047261
5881,2017-12-31,ULTRACEMCO,4300.0,0.025984
5882,2018-01-31,ULTRACEMCO,4376.15,0.017709
5883,2018-02-28,ULTRACEMCO,4150.85,-0.051484
5884,2018-03-31,ULTRACEMCO,3954.0,-0.047424
5885,2018-04-30,ULTRACEMCO,4102.1,0.037456
5886,2018-05-31,ULTRACEMCO,3716.4,-0.094025
5887,2018-06-30,ULTRACEMCO,3798.5,0.022091
5888,2018-07-31,ULTRACEMCO,4194.0,0.10412
5889,2018-08-31,ULTRACEMCO,4463.2,0.064187
5890,2018-09-30,ULTRACEMCO,4069.0,-0.088322
5891,2018-10-31,ULTRACEMCO,3475.1,-0.145957
5892,2018-11-30,ULTRACEMCO,4003.0,0.151909
5893,2018-12-31,ULTRACEMCO,3990.0,-0.003248
5894,2019-01-31,ULTRACEMCO,3520.0,-0.117794
5895,2019-02-28,ULTRACEMCO,3810.0,0.082386
5896,2019-03-31,ULTRACEMCO,3998.7,0.049528
5897,2019-04-30,ULTRACEMCO,4617.0,0.154625
5898,2019-05-31,ULTRACEMCO,4748.0,0.028373
5899,2019-06-30,ULTRACEMCO,4547.0,-0.042334
5900,2019-07-31,ULTRACEMCO,4330.0,-0.047724
5901,2019-08-31,ULTRACEMCO,4044.9,-0.065843
5902,2019-09-30,ULTRACEMCO,4363.0,0.078642
5903,2019-10-31,ULTRACEMCO,4143.5,-0.050309
5904,2019-11-30,ULTRACEMCO,4255.0,0.02691
5905,2019-12-31,ULTRACEMCO,4055.0,-0.047004
5906,2020-01-31,ULTRACEMCO,4422.0,0.090506
5907,2020-02-29,ULTRACEMCO,4216.0,-0.046585
5908,2020-03-31,ULTRACEMCO,3214.0,-0.237666
5909,2020-04-30,ULTRACEMCO,3532.0,0.098942
5910,2020-05-31,ULTRACEMCO,3855.0,0.09145
5911,2020-06-30,ULTRACEMCO,3890.4,0.009183
5912,2020-07-31,ULTRACEMCO,4129.6,0.061485
5913,2020-08-31,ULTRACEMCO,3910.0,-0.053177
5914,2020-09-30,ULTRACEMCO,4030.2,0.030742
5915,2020-10-31,ULTRACEMCO,4551.15,0.129262
5916,2020-11-30,ULTRACEMCO,4807.7,0.05637
5917,2020-12-31,ULTRACEMCO,5279.0,0.09803
5918,2021-01-31,ULTRACEMCO,5323.4,0.008411
5919,2021-02-28,ULTRACEMCO,6088.0,0.14363
5920,2021-03-31,ULTRACEMCO,6724.0,0.104468
5921,2021-04-30,ULTRACEMCO,6253.1,-0.070033
5922,2021-05-31,ULTRACEMCO,6692.5,0.070269
5923,2021-06-30,ULTRACEMCO,6770.0,0.01158
5924,2021-07-31,ULTRACEMCO,7630.05,0.127038
5925,2021-08-31,ULTRACEMCO,7828.0,0.025943
5926,2021-09-30,ULTRACEMCO,7393.0,-0.05557
5927,2021-10-31,ULTRACEMCO,7650.0,0.034763
5928,2021-11-30,ULTRACEMCO,7399.0,-0.03281
5929,2021-12-31,ULTRACEMCO,7603.0,0.027571
5930,2022-01-31,ULTRACEMCO,7218.0,-0.050638
5931,2022-02-28,ULTRACEMCO,6564.5,-0.090538
5932,2022-03-31,ULTRACEMCO,6601.0,0.00556
5933,2022-04-30,ULTRACEMCO,6615.0,0.002121
5934,2022-05-31,ULTRACEMCO,6085.0,-0.080121
5935,2022-06-30,ULTRACEMCO,5548.8,-0.088118
5936,2022-07-31,ULTRACEMCO,6530.0,0.176831
5937,2022-08-31,ULTRACEMCO,6680.0,0.022971
5938,2022-09-30,ULTRACEMCO,6266.7,-0.061871
5939,2022-10-31,ULTRACEMCO,6709.0,0.070579
5940,2022-11-30,ULTRACEMCO,7080.05,0.055306
5941,2022-12-31,ULTRACEMCO,6960.0,-0.016956
5942,2023-01-31,ULTRACEMCO,7083.0,0.017672
5943,2023-02-28,ULTRACEMCO,7259.0,0.024848
5944,2023-03-31,ULTRACEMCO,7606.35,0.047851
5945,2023-04-30,ULTRACEMCO,7540.0,-0.008723
5946,2023-05-31,ULTRACEMCO,7829.2,0.038355
5947,2023-06-30,ULTRACEMCO,8289.0,0.058729
5948,2023-07-31,ULTRACEMCO,8307.0,0.002172
5949,2023-08-31,ULTRACEMCO,8311.9,0.00059
5950,2023-09-30,ULTRACEMCO,8280.0,-0.003838
5951,2023-10-31,ULTRACEMCO,8440.0,0.019324
5952,2023-11-30,ULTRACEMCO,9004.0,0.066825
5953,2023-12-31,ULTRACEMCO,10482.35,0.164188
5954,2024-01-31,ULTRACEMCO,10175.0,-0.029321
5955,2024-02-29,ULTRACEMCO,9891.0,-0.027912
5956,2024-03-31,ULTRACEMCO,9725.0,-0.016783
5957,2024-04-30,ULTRACEMCO,9971.0,0.025296
5958,2024-05-31,ULTRACEMCO,9880.0,-0.009126
5959,2024-06-30,ULTRACEMCO,11650.5,0.1792
5960,2024-07-31,ULTRACEMCO,11890.0,0.020557
5961,2024-08-31,ULTRACEMCO,11320.0,-0.047939
5962,2024-09-30,ULTRACEMCO,11800.0,0.042403
5963,2024-10-31,ULTRACEMCO,11076.9,-0.06128
5964,2024-11-30,ULTRACEMCO,11188.0,0.01003
5965,2024-12-31,ULTRACEMCO,11415.0,0.02029
5966,2025-01-31,ULTRACEMCO,11599.0,0.016119
5967,2025-02-28,ULTRACEMCO,10089.25,-0.130162
5968,2025-03-31,ULTRACEMCO,11481.1,0.137954
5969,2025-04-30,ULTRACEMCO,11635.0,0.013405
5970,2025-05-31,ULTRACEMCO,11176.0,-0.03945
5971,2025-06-30,ULTRACEMCO,12085.0,0.081335
5972,2025-07-31,ULTRACEMCO,12250.0,0.013653
5973,2025-08-31,ULTRACEMCO,12226.0,-0.001959
7612,2015-03-31,UNITDSPR,731.71,
7613,2015-04-30,UNITDSPR,670.0,-0.084337
7614,2015-05-31,UNITDSPR,710.2,0.06
7615,2015-06-30,UNITDSPR,676.21,-0.04786
7616,2015-07-31,UNITDSPR,742.99,0.098756
7617,2015-08-31,UNITDSPR,658.97,-0.113084
7618,2015-09-30,UNITDSPR,617.6,-0.06278
7619,2015-10-31,UNITDSPR,627.9,0.016677
7620,2015-11-30,UNITDSPR,620.47,-0.011833
7621,2015-12-31,UNITDSPR,601.6,-0.030412
7622,2016-01-31,UNITDSPR,500.2,-0.168551
7623,2016-02-29,UNITDSPR,532.94,0.065454
7624,2016-03-31,UNITDSPR,500.7,-0.060495
7625,2016-04-30,UNITDSPR,474.4,-0.052526
7626,2016-05-31,UNITDSPR,491.4,0.035835
7627,2016-06-30,UNITDSPR,497.2,0.011803
7628,2016-07-31,UNITDSPR,489.3,-0.015889
7629,2016-08-31,UNITDSPR,462.77,-0.05422
7630,2016-09-30,UNITDSPR,494.2,0.067917
7631,2016-10-31,UNITDSPR,453.0,-0.083367
7632,2016-11-30,UNITDSPR,385.2,-0.149669
7633,2016-12-31,UNITDSPR,388.8,0.009346
7634,2017-01-31,UNITDSPR,436.4,0.122428
7635,2017-02-28,UNITDSPR,469.6,0.076077
7636,2017-03-31,UNITDSPR,435.0,-0.07368
7637,2017-04-30,UNITDSPR,377.2,-0.132874
7638,2017-05-31,UNITDSPR,451.58,0.19719
7639,2017-06-30,UNITDSPR,481.22,0.065636
7640,2017-07-31,UNITDSPR,506.72,0.05299
7641,2017-08-31,UNITDSPR,507.98,0.002487
7642,2017-09-30,UNITDSPR,480.0,-0.055081
7643,2017-10-31,UNITDSPR,610.0,0.270833
7644,2017-11-30,UNITDSPR,659.6,0.081311
7645,2017-12-31,UNITDSPR,734.62,0.113736
7646,2018-01-31,UNITDSPR,654.8,-0.108655
7647,2018-02-28,UNITDSPR,659.0,0.006414
7648,2018-03-31,UNITDSPR,624.86,-0.051806
7649,2018-04-30,UNITDSPR,726.6,0.16282
7650,2018-05-31,UNITDSPR,670.4,-0.077347
7651,2018-06-30,UNITDSPR,664.05,-0.009472
7652,2018-07-31,UNITDSPR,586.0,-0.117536
7653,2018-08-31,UNITDSPR,633.0,0.080205
7654,2018-09-30,UNITDSPR,514.15,-0.187757
7655,2018-10-31,UNITDSPR,579.0,0.126131
7656,2018-11-30,UNITDSPR,671.4,0.159585
7657,2018-12-31,UNITDSPR,632.0,-0.058683
7658,2019-01-31,UNITDSPR,538.0,-0.148734
7659,2019-02-28,UNITDSPR,549.15,0.020725
7660,2019-03-31,UNITDSPR,557.95,0.016025
7661,2019-04-30,UNITDSPR,561.4,0.006183
7662,2019-05-31,UNITDSPR,553.0,-0.014963
7663,2019-06-30,UNITDSPR,584.85,0.057595
7664,2019-07-31,UNITDSPR,593.0,0.013935
7665,2019-08-31,UNITDSPR,632.4,0.066442
7666,2019-09-30,UNITDSPR,666.3,0.053605
7667,2019-10-31,UNITDSPR,628.85,-0.056206
7668,2019-11-30,UNITDSPR,606.2,-0.036018
7669,2019-12-31,UNITDSPR,599.1,-0.011712
7670,2020-01-31,UNITDSPR,621.35,0.037139
7671,2020-02-29,UNITDSPR,692.0,0.113704
7672,2020-03-31,UNITDSPR,484.6,-0.299711
7673,2020-04-30,UNITDSPR,535.1,0.10421
7674,2020-05-31,UNITDSPR,590.0,0.102598
7675,2020-06-30,UNITDSPR,591.0,0.001695
7676,2020-07-31,UNITDSPR,581.3,-0.016413
7677,2020-08-31,UNITDSPR,546.0,-0.060726
7678,2020-09-30,UNITDSPR,515.5,-0.055861
7679,2020-10-31,UNITDSPR,504.45,-0.021435
7680,2020-11-30,UNITDSPR,547.0,0.084349
7681,2020-12-31,UNITDSPR,577.75,0.056216
7682,2021-01-31,UNITDSPR,579.5,0.003029
7683,2021-02-28,UNITDSPR,533.0,-0.080242
7684,2021-03-31,UNITDSPR,556.0,0.043152
7685,2021-04-30,UNITDSPR,518.0,-0.068345
7686,2021-05-31,UNITDSPR,613.9,0.185135
7687,2021-06-30,UNITDSPR,662.1,0.078514
7688,2021-07-31,UNITDSPR,642.0,-0.030358
7689,2021-08-31,UNITDSPR,714.1,0.112305
7690,2021-09-30,UNITDSPR,854.0,0.195911
7691,2021-10-31,UNITDSPR,950.9,0.113466
7692,2021-11-30,UNITDSPR,883.5,-0.07088
7693,2021-12-31,UNITDSPR,898.5,0.016978
7694,2022-01-31,UNITDSPR,864.9,-0.037396
7695,2022-02-28,UNITDSPR,892.1,0.031449
7696,2022-03-31,UNITDSPR,887.0,-0.005717
7697,2022-04-30,UNITDSPR,863.0,-0.027057
7698,2022-05-31,UNITDSPR,808.15,-0.063557
7699,2022-06-30,UNITDSPR,760.9,-0.058467
7700,2022-07-31,UNITDSPR,778.95,0.023722
7701,2022-08-31,UNITDSPR,813.0,0.043713
7702,2022-09-30,UNITDSPR,843.0,0.0369
7703,2022-10-31,UNITDSPR,896.45,0.063405
7704,2022-11-30,UNITDSPR,930.1,0.037537
7705,2022-12-31,UNITDSPR,876.0,-0.058166
7706,2023-01-31,UNITDSPR,769.35,-0.121747
7707,2023-02-28,UNITDSPR,739.2,-0.039189
7708,2023-03-31,UNITDSPR,757.5,0.024756
7709,2023-04-30,UNITDSPR,776.3,0.024818
7710,2023-05-31,UNITDSPR,881.2,0.135128
7711,2023-06-30,UNITDSPR,912.2,0.035179
7712,2023-07-31,UNITDSPR,1014.5,0.112146
7713,2023-08-31,UNITDSPR,1009.8,-0.004633
7714,2023-09-30,UNITDSPR,1005.05,-0.004704
7715,2023-10-31,UNITDSPR,1030.55,0.025372
7716,2023-11-30,UNITDSPR,1052.0,0.020814
7717,2023-12-31,UNITDSPR,1116.0,0.060837
7718,2024-01-31,UNITDSPR,1086.4,-0.026523
7719,2024-02-29,UNITDSPR,1170.0,0.076951
7720,2024-03-31,UNITDSPR,1133.15,-0.031496
7721,2024-04-30,UNITDSPR,1174.0,0.03605
7722,2024-05-31,UNITDSPR,1163.0,-0.00937
7723,2024-06-30,UNITDSPR,1281.0,0.101462
7724,2024-07-31,UNITDSPR,1406.9,0.098283
7725,2024-08-31,UNITDSPR,1476.8,0.049684
7726,2024-09-30,UNITDSPR,1591.25,0.077499
7727,2024-10-31,UNITDSPR,1450.2,-0.088641
7728,2024-11-30,UNITDSPR,1531.0,0.055716
7729,2024-12-31,UNITDSPR,1620.0,0.058132
7730,2025-01-31,UNITDSPR,1424.0,-0.120988
7731,2025-02-28,UNITDSPR,1285.0,-0.097612
7732,2025-03-31,UNITDSPR,1403.0,0.091829
7733,2025-04-30,UNITDSPR,1555.3,0.108553
7734,2025-05-31,UNITDSPR,1530.0,-0.016267
7735,2025-06-30,UNITDSPR,1428.0,-0.066667
7736,2025-07-31,UNITDSPR,1338.2,-0.062885
7737,2025-08-31,UNITDSPR,1308.2,-0.022418
-1,2006-01-31,UNITECH,56.3931,
-1,2006-02-28,UNITECH,59.2128,0.050001
-1,2006-03-31,UNITECH,98.3355,0.660714
-1,2006-04-30,UNITECH,203.6496,1.070967
-1,2006-05-31,UNITECH,474.7596,1.331257
-1,2006-06-30,UNITECH,112.3309,-0.763394
-1,2006-07-31,UNITECH,104.4133,-0.070485
-1,2006-08-31,UNITECH,96.0008,-0.080569
-1,2006-09-30,UNITECH,164.9296,0.718002
-1,2006-10-31,UNITECH,194.1514,0.177177
-1,2006-11-30,UNITECH,240.2128,0.237245
-1,2006-12-31,UNITECH,227.8307,-0.051546
-1,2007-01-31,UNITECH,230.3071,0.010869
-1,2007-02-28,UNITECH,180.7787,-0.215054
-1,2007-03-31,UNITECH,191.675,0.060274
-1,2007-04-30,UNITECH,209.5052,0.093023
-1,2007-05-31,UNITECH,284.7884,0.359338
-1,2007-06-30,UNITECH,250.1185,-0.121739
-1,2007-07-31,UNITECH,276.8638,0.106931
-1,2007-08-31,UNITECH,235.6747,-0.14877
-1,2007-09-30,UNITECH,304.9295,0.293858
-1,2007-10-31,UNITECH,380.8273,0.248903
-1,2007-11-30,UNITECH,378.4477,-0.006249
-1,2007-12-31,UNITECH,485.0814,0.281766
-1,2008-01-31,UNITECH,380.282,-0.216045
-1,2008-02-29,UNITECH,356.8335,-0.061661
-1,2008-03-31,UNITECH,273.8466,-0.232565
-1,2008-04-30,UNITECH,307.1603,0.121651
-1,2008-05-31,UNITECH,230.7173,-0.24887
-1,2008-06-30,UNITECH,169.9396,-0.263429
-1,2008-07-31,UNITECH,162.5035,-0.043757
-1,2008-08-31,UNITECH,157.6452,-0.029897
-1,2008-09-30,UNITECH,115.9871,-0.264252
-1,2008-10-31,UNITECH,48.4604,-0.582191
-1,2008-11-30,UNITECH,22.9889,-0.525615
-1,2008-12-31,UNITECH,40.3671,0.755939
-1,2009-01-31,UNITECH,31.9263,-0.209101
-1,2009-02-28,UNITECH,28.0534,-0.121308
-1,2009-03-31,UNITECH,34.6571,0.235397
-1,2009-04-30,UNITECH,44.7365,0.290832
-1,2009-05-31,UNITECH,79.046,0.766924
-1,2009-06-30,UNITECH,79.0957,0.000629
-1,2009-07-31,UNITECH,89.4729,0.131198
-1,2009-08-31,UNITECH,106.6029,0.191455
-1,2009-09-30,UNITECH,106.7678,0.001547
-1,2009-10-31,UNITECH,81.7658,-0.234172
-1,2009-11-30,UNITECH,78.8332,-0.035866
-1,2009-12-31,UNITECH,81.8155,0.037831
-1,2010-01-31,UNITECH,73.8626,-0.097205
-1,2010-02-28,UNITECH,71.5265,-0.031628
-1,2010-03-31,UNITECH,73.1667,0.022931
-1,2010-04-30,UNITECH,84.4996,0.154892
-1,2010-05-31,UNITECH,72.1726,-0.145882
-1,2010-06-30,UNITECH,73.9123,0.024105
-1,2010-07-31,UNITECH,80.6723,0.09146
-1,2010-08-31,UNITECH,77.0935,-0.044362
-1,2010-09-30,UNITECH,87.7802,0.13862
-1,2010-10-31,UNITECH,86.5048,-0.014529
-1,2010-11-30,UNITECH,63.1844,-0.269585
-1,2010-12-31,UNITECH,66.0745,0.045741
-1,2011-01-31,UNITECH,47.8866,-0.275264
-1,2011-02-28,UNITECH,33.7349,-0.295525
-1,2011-03-31,UNITECH,40.2626,0.1935
-1,2011-04-30,UNITECH,36.8243,-0.085397
-1,2011-05-31,UNITECH,35.3294,-0.040595
-1,2011-06-30,UNITECH,31.8413,-0.098731
-1,2011-07-31,UNITECH,30.4461,-0.043817
-1,2011-08-31,UNITECH,27.5061,-0.096564
-1,2011-09-30,UNITECH,26.2,-0.047484
-1,2011-10-31,UNITECH,29.95,0.14313
-1,2011-11-30,UNITECH,23.0,-0.232053
-1,2011-12-31,UNITECH,19.35,-0.158696
-1,2012-01-31,UNITECH,26.05,0.346253
-1,2012-02-29,UNITECH,32.35,0.241843
-1,2012-03-31,UNITECH,28.75,-0.111283
-1,2012-04-30,UNITECH,26.45,-0.08
-1,2012-05-31,UNITECH,21.35,-0.192817
-1,2012-06-30,UNITECH,22.05,0.032787
-1,2012-07-31,UNITECH,21.65,-0.018141
-1,2012-08-31,UNITECH,18.4,-0.150115
-1,2012-09-30,UNITECH,24.3,0.320652
-1,2012-10-31,UNITECH,23.1,-0.049383
-1,2012-11-30,UNITECH,31.7,0.372294
-1,2012-12-31,UNITECH,33.65,0.061514
-1,2013-01-31,UNITECH,36.85,0.095097
-1,2013-02-28,UNITECH,27.2,-0.261872
-1,2013-03-31,UNITECH,23.55,-0.134191
-1,2013-04-30,UNITECH,26.9,0.142251
-1,2013-05-31,UNITECH,23.7,-0.118959
-1,2013-06-30,UNITECH,21.1,-0.109705
-1,2013-07-31,UNITECH,16.45,-0.220379
-1,2013-08-31,UNITECH,16.55,0.006079
-1,2013-09-30,UNITECH,15.7,-0.05136
-1,2013-10-31,UNITECH,17.45,0.111465
-1,2013-11-30,UNITECH,16.8,-0.037249
-1,2013-12-31,UNITECH,15.3,-0.089286
-1,2014-01-31,UNITECH,12.6,-0.176471
-1,2014-02-28,UNITECH,11.4,-0.095238
-1,2014-03-31,UNITECH,14.0,0.22807
-1,2014-04-30,UNITECH,15.85,0.132143
-1,2014-05-31,UNITECH,27.75,0.750789
-1,2014-06-30,UNITECH,33.75,0.216216
-1,2014-07-31,UNITECH,25.45,-0.245926
-1,2014-08-31,UNITECH,21.7,-0.147348
-1,2014-09-30,UNITECH,18.85,-0.131336
-1,2014-10-31,UNITECH,20.5,0.087533
-1,2014-11-30,UNITECH,19.5,-0.04878
-1,2014-12-31,UNITECH,16.6,-0.148718
-1,2015-01-31,UNITECH,18.65,0.123494
-1,2015-02-28,UNITECH,21.65,0.160858
-1,2015-03-31,UNITECH,16.15,-0.254042
12600,2015-04-30,UNITECH,15.4,-0.04644
12601,2015-05-31,UNITECH,14.3,-0.071429
12602,2015-06-30,UNITECH,7.95,-0.444056
12603,2015-07-31,UNITECH,7.6,-0.044025
12604,2015-08-31,UNITECH,6.05,-0.203947
12605,2015-09-30,UNITECH,6.15,0.016529
12606,2015-10-31,UNITECH,7.6,0.235772
12607,2015-11-30,UNITECH,7.1,-0.065789
12608,2015-12-31,UNITECH,6.65,-0.06338
12609,2016-01-31,UNITECH,5.65,-0.150376
12610,2016-02-29,UNITECH,3.9,-0.309735
12611,2016-03-31,UNITECH,4.95,0.269231
12612,2016-04-30,UNITECH,4.75,-0.040404
12613,2016-05-31,UNITECH,3.9,-0.178947
12614,2016-06-30,UNITECH,6.4,0.641026
12615,2016-07-31,UNITECH,7.2,0.125
12616,2016-08-31,UNITECH,5.4,-0.25
12617,2016-09-30,UNITECH,5.9,0.092593
12618,2016-10-31,UNITECH,6.1,0.033898
12619,2016-11-30,UNITECH,5.0,-0.180328
12620,2016-12-31,UNITECH,4.0,-0.2
12621,2017-01-31,UNITECH,4.8,0.2
12622,2017-02-28,UNITECH,6.0,0.25
12623,2017-03-31,UNITECH,5.6,-0.066667
12624,2017-04-30,UNITECH,5.65,0.008929
12625,2017-05-31,UNITECH,5.05,-0.106195
12626,2017-06-30,UNITECH,5.95,0.178218
12627,2017-07-31,UNITECH,8.7,0.462185
12628,2017-08-31,UNITECH,7.35,-0.155172
12629,2017-09-30,UNITECH,6.9,-0.061224
12630,2017-10-31,UNITECH,6.7,-0.028986
12631,2017-11-30,UNITECH,6.15,-0.08209
12632,2017-12-31,UNITECH,9.6,0.560976
12633,2018-01-31,UNITECH,8.45,-0.119792
12634,2018-02-28,UNITECH,7.05,-0.16568
12635,2018-03-31,UNITECH,5.55,-0.212766
12636,2018-04-30,UNITECH,5.75,0.036036
12637,2018-05-31,UNITECH,4.45,-0.226087
12638,2018-06-30,UNITECH,4.15,-0.067416
12639,2018-07-31,UNITECH,4.25,0.024096
12640,2018-08-31,UNITECH,3.95,-0.070588
12641,2018-09-30,UNITECH,2.6,-0.341772
12642,2018-10-31,UNITECH,2.15,-0.173077
12643,2018-11-30,UNITECH,2.1,-0.023256
12644,2018-12-31,UNITECH,2.05,-0.02381
12645,2019-01-31,UNITECH,1.55,-0.243902
12646,2019-02-28,UNITECH,1.3,-0.16129
12647,2019-03-31,UNITECH,1.35,0.038462
12648,2019-04-30,UNITECH,1.3,-0.037037
12649,2019-05-31,UNITECH,1.2,-0.076923
12650,2019-06-30,UNITECH,1.2,0.0
12651,2019-07-31,UNITECH,1.0,-0.166667
12652,2019-08-31,UNITECH,0.7,-0.3
12653,2019-09-30,UNITECH,0.55,-0.214286
12654,2019-10-31,UNITECH,0.5,-0.090909
12655,2019-11-30,UNITECH,1.25,1.5
12656,2019-12-31,UNITECH,1.0,-0.2
12657,2020-01-31,UNITECH,1.65,0.65
12658,2020-02-29,UNITECH,2.65,0.606061
12659,2020-03-31,UNITECH,1.25,-0.528302
12660,2020-04-30,UNITECH,1.55,0.24
12661,2020-05-31,UNITECH,1.2,-0.225806
12662,2020-06-30,UNITECH,2.3,0.916667
12663,2020-07-31,UNITECH,2.0,-0.130435
12664,2020-08-31,UNITECH,1.75,-0.125
12665,2020-09-30,UNITECH,1.45,-0.171429
12666,2020-10-31,UNITECH,1.35,-0.068966
12667,2020-11-30,UNITECH,1.4,0.037037
12668,2020-12-31,UNITECH,1.9,0.357143
12669,2021-01-31,UNITECH,1.7,-0.105263
12670,2021-02-28,UNITECH,1.75,0.029412
12671,2021-03-31,UNITECH,1.65,-0.057143
12672,2021-04-30,UNITECH,1.45,-0.121212
12673,2021-05-31,UNITECH,2.5,0.724138
12674,2021-06-30,UNITECH,2.8,0.12
12675,2021-07-31,UNITECH,1.9,-0.321429
12676,2021-08-31,UNITECH,1.85,-0.026316
12677,2021-09-30,UNITECH,1.8,-0.027027
12678,2021-10-31,UNITECH,1.7,-0.055556
12679,2021-11-30,UNITECH,2.1,0.235294
12680,2021-12-31,UNITECH,3.55,0.690476
12681,2022-01-31,UNITECH,3.65,0.028169
-1,2006-01-31,UPL,74.2204,
-1,2006-02-28,UPL,73.9339,-0.00386
-1,2006-03-31,UPL,71.5872,-0.031741
-1,2006-04-30,UPL,75.8713,0.059844
-1,2006-05-31,UPL,68.8313,-0.092789
-1,2006-06-30,UPL,64.6154,-0.06125
-1,2006-07-31,UPL,60.7953,-0.059121
-1,2006-08-31,UPL,64.0424,0.05341
-1,2006-09-30,UPL,66.6483,0.04069
-1,2006-10-31,UPL,80.8497,0.21308
-1,2006-11-30,UPL,91.5073,0.13182
-1,2006-12-31,UPL,82.247,-0.101197
-1,2007-01-31,UPL,89.7812,0.091605
-1,2007-02-28,UPL,87.2196,-0.028532
-1,2007-03-31,UPL,88.9456,0.019789
-1,2007-04-30,UPL,90.8944,0.02191
-1,2007-05-31,UPL,77.6817,-0.145363
-1,2007-06-30,UPL,85.6286,0.102301
-1,2007-07-31,UPL,84.7211,-0.010598
-1,2007-08-31,UPL,91.2794,0.07741
-1,2007-09-30,UPL,109.2493,0.196867
-1,2007-10-31,UPL,98.5938,-0.097534
-1,2007-11-30,UPL,94.3042,-0.043508
-1,2007-12-31,UPL,95.9541,0.017496
-1,2008-01-31,UPL,95.2391,-0.007451
-1,2008-02-29,UPL,92.1181,-0.03277
-1,2008-03-31,UPL,72.0858,-0.217463
-1,2008-04-30,UPL,88.6809,0.230213
-1,2008-05-31,UPL,93.9055,0.058915
-1,2008-06-30,UPL,77.6267,-0.173353
-1,2008-07-31,UPL,93.493,0.204392
-1,2008-08-31,UPL,92.3656,-0.012059
-1,2008-09-30,UPL,85.1199,-0.078446
-1,2008-10-31,UPL,58.739,-0.309926
-1,2008-11-30,UPL,44.9668,-0.234464
-1,2008-12-31,UPL,59.7622,0.329029
-1,2009-01-31,UPL,51.9635,-0.130496
-1,2009-02-28,UPL,48.9215,-0.058541
-1,2009-03-31,UPL,54.3418,0.110796
-1,2009-04-30,UPL,63.5786,0.169976
-1,2009-05-31,UPL,90.6527,0.425837
-1,2009-06-30,UPL,78.9547,-0.129042
-1,2009-07-31,UPL,94.8009,0.2007
-1,2009-08-31,UPL,93.5288,-0.013419
-1,2009-09-30,UPL,91.7313,-0.019219
-1,2009-10-31,UPL,80.2592,-0.125062
-1,2009-11-30,UPL,83.3279,0.038235
-1,2009-12-31,UPL,96.9136,0.163039
-1,2010-01-31,UPL,86.7034,-0.105354
-1,2010-02-28,UPL,84.4716,-0.025741
-1,2010-03-31,UPL,83.2441,-0.014532
-1,2010-04-30,UPL,94.9608,0.140751
-1,2010-05-31,UPL,101.6282,0.070212
-1,2010-06-30,UPL,102.6883,0.010431
-1,2010-07-31,UPL,102.7719,0.000814
-1,2010-08-31,UPL,102.8556,0.000814
-1,2010-09-30,UPL,101.0967,-0.017101
-1,2010-10-31,UPL,112.3109,0.110925
-1,2010-11-30,UPL,106.2248,-0.05419
-1,2010-12-31,UPL,97.4619,-0.082494
-1,2011-01-31,UPL,76.696,-0.213067
-1,2011-02-28,UPL,76.6678,-0.000368
-1,2011-03-31,UPL,84.2191,0.098494
-1,2011-04-30,UPL,85.2616,0.012378
-1,2011-05-31,UPL,91.404,0.072042
-1,2011-06-30,UPL,86.0505,-0.05857
-1,2011-07-31,UPL,93.6863,0.088736
-1,2011-08-31,UPL,83.0032,-0.114031
-1,2011-09-30,UPL,78.5536,-0.053608
-1,2011-10-31,UPL,83.5737,0.063907
-1,2011-11-30,UPL,78.411,-0.061774
-1,2011-12-31,UPL,72.3925,-0.076756
-1,2012-01-31,UPL,84.2012,0.16312
-1,2012-02-29,UPL,88.9076,0.055895
-1,2012-03-31,UPL,74.218,-0.165223
-1,2012-04-30,UPL,66.3455,-0.106073
-1,2012-05-31,UPL,64.1098,-0.033698
-1,2012-06-30,UPL,72.8797,0.136795
-1,2012-07-31,UPL,69.4064,-0.047658
-1,2012-08-31,UPL,69.5063,0.001439
-1,2012-09-30,UPL,76.5092,0.100752
-1,2012-10-31,UPL,66.3099,-0.133308
-1,2012-11-30,UPL,68.4602,0.032428
-1,2012-12-31,UPL,75.6665,0.105263
-1,2013-01-31,UPL,77.3519,0.022274
-1,2013-02-28,UPL,67.2979,-0.129977
-1,2013-03-31,UPL,68.2277,0.013816
-1,2013-04-30,UPL,82.0302,0.202301
-1,2013-05-31,UPL,90.0792,0.098122
-1,2013-06-30,UPL,78.8919,-0.124194
-1,2013-07-31,UPL,74.0102,-0.061878
-1,2013-08-31,UPL,78.9476,0.066712
-1,2013-09-30,UPL,85.7238,0.085832
-1,2013-10-31,UPL,97.3529,0.135658
-1,2013-11-30,UPL,98.8916,0.015805
-1,2013-12-31,UPL,117.149,0.18462
-1,2014-01-31,UPL,111.9114,-0.044709
-1,2014-02-28,UPL,108.183,-0.033316
-1,2014-03-31,UPL,109.1595,0.009026
-1,2014-04-30,UPL,158.6645,0.453511
-1,2014-05-31,UPL,178.6086,0.1257
-1,2014-06-30,UPL,202.0738,0.131378
-1,2014-07-31,UPL,194.6171,-0.036901
-1,2014-08-31,UPL,187.0715,-0.038772
-1,2014-09-30,UPL,203.5901,0.088301
-1,2014-10-31,UPL,208.6791,0.024996
-1,2014-11-30,UPL,207.0327,-0.00789
-1,2014-12-31,UPL,207.4817,0.002169
-1,2015-01-31,UPL,220.5335,0.062906
-1,2015-02-28,UPL,251.3369,0.139677
-1,2015-03-31,UPL,264.718,0.05324
12764,2015-04-30,UPL,327.1,0.235655
12765,2015-05-31,UPL,368.43,0.126353
12766,2015-06-30,UPL,357.07,-0.030834
12767,2015-07-31,UPL,357.13,0.000168
12768,2015-08-31,UPL,335.03,-0.061882
12769,2015-09-30,UPL,305.53,-0.088052
12770,2015-10-31,UPL,306.47,0.003077
12771,2015-11-30,UPL,277.17,-0.095605
12772,2015-12-31,UPL,292.07,0.053758
12773,2016-01-31,UPL,291.43,-0.002191
12774,2016-02-29,UPL,254.43,-0.12696
12775,2016-03-31,UPL,318.47,0.2517
12776,2016-04-30,UPL,358.6,0.126009
12777,2016-05-31,UPL,397.0,0.107083
12778,2016-06-30,UPL,366.73,-0.076247
12779,2016-07-31,UPL,416.57,0.135904
12780,2016-08-31,UPL,425.97,0.022565
12781,2016-09-30,UPL,449.23,0.054605
12782,2016-10-31,UPL,464.13,0.033168
12783,2016-11-30,UPL,422.63,-0.089415
12784,2016-12-31,UPL,431.33,0.020585
12785,2017-01-31,UPL,483.17,0.120186
12786,2017-02-28,UPL,478.87,-0.0089
12787,2017-03-31,UPL,484.6,0.011966
12788,2017-04-30,UPL,537.43,0.109018
12789,2017-05-31,UPL,574.2,0.068418
12790,2017-06-30,UPL,560.27,-0.02426
12791,2017-07-31,UPL,584.77,0.043729
12792,2017-08-31,UPL,552.03,-0.055988
12793,2017-09-30,UPL,519.0,-0.059834
12794,2017-10-31,UPL,532.87,0.026724
12795,2017-11-30,UPL,487.57,-0.085011
12796,2017-12-31,UPL,508.47,0.042866
12797,2018-01-31,UPL,501.37,-0.013963
12798,2018-02-28,UPL,485.83,-0.030995
12799,2018-03-31,UPL,486.83,0.002058
12800,2018-04-30,UPL,486.57,-0.000534
12801,2018-05-31,UPL,471.73,-0.030499
12802,2018-06-30,UPL,412.53,-0.125496
12803,2018-07-31,UPL,429.37,0.040821
12804,2018-08-31,UPL,476.87,0.110627
12805,2018-09-30,UPL,442.87,-0.071298
12806,2018-10-31,UPL,449.57,0.015129
12807,2018-11-30,UPL,505.2,0.12374
12808,2018-12-31,UPL,505.5,0.000594
12809,2019-01-31,UPL,524.33,0.03725
12810,2019-02-28,UPL,585.07,0.115843
12811,2019-03-31,UPL,639.23,0.09257
12812,2019-04-30,UPL,646.1,0.010747
12813,2019-05-31,UPL,665.97,0.030754
12814,2019-06-30,UPL,624.97,-0.061564
12815,2019-07-31,UPL,595.25,-0.047554
12816,2019-08-31,UPL,563.2,-0.053843
12817,2019-09-30,UPL,603.95,0.072354
12818,2019-10-31,UPL,596.45,-0.012418
12819,2019-11-30,UPL,573.25,-0.038897
12820,2019-12-31,UPL,584.5,0.019625
12821,2020-01-31,UPL,526.55,-0.099145
12822,2020-02-29,UPL,519.7,-0.013009
12823,2020-03-31,UPL,326.5,-0.371753
12824,2020-04-30,UPL,420.05,0.286524
12825,2020-05-31,UPL,405.85,-0.033805
12826,2020-06-30,UPL,425.2,0.047678
12827,2020-07-31,UPL,478.15,0.12453
12828,2020-08-31,UPL,505.95,0.058141
12829,2020-09-30,UPL,502.9,-0.006028
12830,2020-10-31,UPL,453.25,-0.098727
12831,2020-11-30,UPL,417.7,-0.078434
12832,2020-12-31,UPL,466.35,0.116471
12833,2021-01-31,UPL,560.65,0.202209
12834,2021-02-28,UPL,561.55,0.001605
12835,2021-03-31,UPL,641.85,0.142997
12836,2021-04-30,UPL,606.9,-0.054452
12837,2021-05-31,UPL,815.1,0.343055
12838,2021-06-30,UPL,792.85,-0.027297
12839,2021-07-31,UPL,808.55,0.019802
12840,2021-08-31,UPL,741.25,-0.083235
12841,2021-09-30,UPL,707.7,-0.045261
12842,2021-10-31,UPL,740.2,0.045923
12843,2021-11-30,UPL,681.7,-0.079033
12844,2021-12-31,UPL,747.1,0.095937
12845,2022-01-31,UPL,818.55,0.095636
8997,2016-12-31,VBL,22.6,
8998,2017-01-31,VBL,23.6,0.044248
8999,2017-02-28,VBL,23.2,-0.016949
9000,2017-03-31,VBL,24.1,0.038793
9001,2017-04-30,VBL,27.8,0.153527
9002,2017-05-31,VBL,29.55,0.06295
9003,2017-06-30,VBL,31.4,0.062606
9004,2017-07-31,VBL,29.5,-0.06051
9005,2017-08-31,VBL,31.05,0.052542
9006,2017-09-30,VBL,30.2,-0.027375
9007,2017-10-31,VBL,29.9,-0.009934
9008,2017-11-30,VBL,30.15,0.008361
9009,2017-12-31,VBL,38.2,0.266998
9010,2018-01-31,VBL,40.95,0.07199
9011,2018-02-28,VBL,38.45,-0.06105
9012,2018-03-31,VBL,37.6,-0.022107
9013,2018-04-30,VBL,38.85,0.033245
9014,2018-05-31,VBL,46.6,0.199485
9015,2018-06-30,VBL,44.75,-0.0397
9016,2018-07-31,VBL,44.6,-0.003352
9017,2018-08-31,VBL,48.45,0.086323
9018,2018-09-30,VBL,43.8,-0.095975
9019,2018-10-31,VBL,48.3,0.10274
9020,2018-11-30,VBL,46.35,-0.040373
9021,2018-12-31,VBL,46.9,0.011866
9022,2019-01-31,VBL,48.75,0.039446
9023,2019-02-28,VBL,47.95,-0.01641
9024,2019-03-31,VBL,51.55,0.075078
9025,2019-04-30,VBL,51.95,0.007759
9026,2019-05-31,VBL,55.25,0.063523
9027,2019-06-30,VBL,56.0,0.013575
9028,2019-07-31,VBL,57.25,0.022321
9029,2019-08-31,VBL,56.9,-0.006114
9030,2019-09-30,VBL,55.45,-0.025483
9031,2019-10-31,VBL,55.0,-0.008115
9032,2019-11-30,VBL,64.9,0.18
9033,2019-12-31,VBL,62.2,-0.041602
9034,2020-01-31,VBL,68.6,0.102894
9035,2020-02-29,VBL,72.0,0.049563
9036,2020-03-31,VBL,46.6,-0.352778
9037,2020-04-30,VBL,59.55,0.277897
9038,2020-05-31,VBL,56.35,-0.053736
9039,2020-06-30,VBL,60.45,0.07276
9040,2020-07-31,VBL,63.0,0.042184
9041,2020-08-31,VBL,65.05,0.03254
9042,2020-09-30,VBL,62.2,-0.043812
9043,2020-10-31,VBL,58.15,-0.065113
9044,2020-11-30,VBL,79.1,0.360275
9045,2020-12-31,VBL,80.9,0.022756
9046,2021-01-31,VBL,79.3,-0.019778
9047,2021-02-28,VBL,94.05,0.186003
9048,2021-03-31,VBL,89.8,-0.045189
9049,2021-04-30,VBL,84.9,-0.054566
9050,2021-05-31,VBL,89.85,0.058304
9051,2021-06-30,VBL,97.3,0.082916
9052,2021-07-31,VBL,101.05,0.038541
9053,2021-08-31,VBL,112.5,0.11331
9054,2021-09-30,VBL,120.65,0.072444
9055,2021-10-31,VBL,113.2,-0.061749
9056,2021-11-30,VBL,118.05,0.042845
9057,2021-12-31,VBL,117.6,-0.003812
9058,2022-01-31,VBL,120.65,0.025935
9059,2022-02-28,VBL,125.85,0.0431
9060,2022-03-31,VBL,124.65,-0.009535
9061,2022-04-30,VBL,144.6,0.160048
9062,2022-05-31,VBL,142.1,-0.017289
9063,2022-06-30,VBL,158.0,0.111893
9064,2022-07-31,VBL,176.4,0.116456
9065,2022-08-31,VBL,205.95,0.167517
9066,2022-09-30,VBL,209.4,0.016752
9067,2022-10-31,VBL,209.7,0.001433
9068,2022-11-30,VBL,261.8,0.24845
9069,2022-12-31,VBL,264.6,0.010695
9070,2023-01-31,VBL,229.8,-0.131519
9071,2023-02-28,VBL,263.2,0.145344
9072,2023-03-31,VBL,276.85,0.051862
9073,2023-04-30,VBL,288.7,0.042803
9074,2023-05-31,VBL,339.0,0.174229
9075,2023-06-30,VBL,322.4,-0.048968
9076,2023-07-31,VBL,321.8,-0.001861
9077,2023-08-31,VBL,361.15,0.122281
9078,2023-09-30,VBL,380.0,0.052194
9079,2023-10-31,VBL,366.1,-0.036579
9080,2023-11-30,VBL,443.2,0.210598
9081,2023-12-31,VBL,494.8,0.116426
9082,2024-01-31,VBL,510.4,0.031528
9083,2024-02-29,VBL,564.0,0.105016
9084,2024-03-31,VBL,560.0,-0.007092
9085,2024-04-30,VBL,592.35,0.057768
9086,2024-05-31,VBL,571.65,-0.034946
9087,2024-06-30,VBL,650.8,0.138459
9088,2024-07-31,VBL,632.75,-0.027735
9089,2024-08-31,VBL,601.6,-0.04923
9090,2024-09-30,VBL,607.75,0.010223
9091,2024-10-31,VBL,600.0,-0.012752
9092,2024-11-30,VBL,625.0,0.041667
9093,2024-12-31,VBL,637.5,0.02
9094,2025-01-31,VBL,538.0,-0.156078
9095,2025-02-28,VBL,432.5,-0.196097
9096,2025-03-31,VBL,540.05,0.248671
9097,2025-04-30,VBL,519.15,-0.0387
9098,2025-05-31,VBL,475.9,-0.083309
9099,2025-06-30,VBL,457.05,-0.039609
9100,2025-07-31,VBL,521.0,0.139919
9101,2025-08-31,VBL,499.2,-0.041843
-1,2006-01-31,VEDL,14.6086,
-1,2006-02-28,VEDL,15.5577,0.064969
-1,2006-03-31,VEDL,17.7221,0.139121
-1,2006-04-30,VEDL,18.6934,0.054807
-1,2006-05-31,VEDL,17.0459,-0.088133
-1,2006-06-30,VEDL,15.6137,-0.08402
-1,2006-07-31,VEDL,13.5462,-0.132416
-1,2006-08-31,VEDL,13.3358,-0.015532
-1,2006-09-30,VEDL,13.6405,0.022848
-1,2006-10-31,VEDL,16.6119,0.217837
-1,2006-11-30,VEDL,17.6722,0.063828
-1,2006-12-31,VEDL,19.7251,0.116166
-1,2007-01-31,VEDL,27.0462,0.371157
-1,2007-02-28,VEDL,25.4242,-0.059971
-1,2007-03-31,VEDL,24.4834,-0.037004
-1,2007-04-30,VEDL,25.6095,0.045994
-1,2007-05-31,VEDL,24.1047,-0.058759
-1,2007-06-30,VEDL,25.5348,0.059329
-1,2007-07-31,VEDL,25.8869,0.013789
-1,2007-08-31,VEDL,27.9451,0.079507
-1,2007-09-30,VEDL,36.2807,0.298285
-1,2007-10-31,VEDL,54.2319,0.494786
-1,2007-11-30,VEDL,50.1395,-0.075461
-1,2007-12-31,VEDL,55.5229,0.107368
-1,2008-01-31,VEDL,44.1479,-0.20487
-1,2008-02-29,VEDL,50.3422,0.140308
-1,2008-03-31,VEDL,46.0072,-0.086111
-1,2008-04-30,VEDL,61.5529,0.337897
-1,2008-05-31,VEDL,62.6565,0.017929
-1,2008-06-30,VEDL,49.4195,-0.211263
-1,2008-07-31,VEDL,49.2356,-0.003721
-1,2008-08-31,VEDL,46.7331,-0.050827
-1,2008-09-30,VEDL,35.3373,-0.243849
-1,2008-10-31,VEDL,23.7646,-0.327492
-1,2008-11-30,VEDL,22.0102,-0.073824
-1,2008-12-31,VEDL,25.3125,0.150035
-1,2009-01-31,VEDL,25.0472,-0.010481
-1,2009-02-28,VEDL,23.8825,-0.0465
-1,2009-03-31,VEDL,29.3666,0.229628
-1,2009-04-30,VEDL,32.9785,0.122993
-1,2009-05-31,VEDL,48.7675,0.478766
-1,2009-06-30,VEDL,53.8388,0.103989
-1,2009-07-31,VEDL,71.0578,0.319825
-1,2009-08-31,VEDL,63.2061,-0.110497
-1,2009-09-30,VEDL,79.1044,0.251531
-1,2009-10-31,VEDL,90.0456,0.138313
-1,2009-11-30,VEDL,109.6357,0.217558
-1,2009-12-31,VEDL,122.3037,0.115546
-1,2010-01-31,VEDL,103.2347,-0.155915
-1,2010-02-28,VEDL,119.1926,0.154579
-1,2010-03-31,VEDL,140.0628,0.175096
-1,2010-04-30,VEDL,127.7073,-0.088214
-1,2010-05-31,VEDL,113.6996,-0.109686
-1,2010-06-30,VEDL,104.9913,-0.07659
-1,2010-07-31,VEDL,107.5516,0.024386
-1,2010-08-31,VEDL,95.4984,-0.112069
-1,2010-09-30,VEDL,98.6236,0.032725
-1,2010-10-31,VEDL,96.6403,-0.02011
-1,2010-11-30,VEDL,92.4634,-0.043221
-1,2010-12-31,VEDL,98.7288,0.067761
-1,2011-01-31,VEDL,97.9926,-0.007457
-1,2011-02-28,VEDL,78.4902,-0.199019
-1,2011-03-31,VEDL,87.5502,0.115428
-1,2011-04-30,VEDL,94.3265,0.077399
-1,2011-05-31,VEDL,87.1145,-0.076458
-1,2011-06-30,VEDL,84.7556,-0.027078
-1,2011-07-31,VEDL,83.663,-0.012891
-1,2011-08-31,VEDL,71.1919,-0.149064
-1,2011-09-30,VEDL,61.0021,-0.143131
-1,2011-10-31,VEDL,63.0705,0.033907
-1,2011-11-30,VEDL,55.8159,-0.115024
-1,2011-12-31,VEDL,49.702,-0.109537
-1,2012-01-31,VEDL,66.2947,0.333844
-1,2012-02-29,VEDL,65.2149,-0.016288
-1,2012-03-31,VEDL,59.7712,-0.083473
-1,2012-04-30,VEDL,57.8371,-0.032358
-1,2012-05-31,VEDL,57.4534,-0.006634
-1,2012-06-30,VEDL,58.8348,0.024044
-1,2012-07-31,VEDL,59.0211,0.003166
-1,2012-08-31,VEDL,53.2028,-0.09858
-1,2012-09-30,VEDL,53.1252,-0.001459
-1,2012-10-31,VEDL,53.1097,-0.000292
-1,2012-11-30,VEDL,56.5386,0.064563
-1,2012-12-31,VEDL,60.6502,0.072722
-1,2013-01-31,VEDL,57.8885,-0.045535
-1,2013-02-28,VEDL,48.0516,-0.169928
-1,2013-03-31,VEDL,48.2533,0.004198
-1,2013-04-30,VEDL,49.2618,0.0209
-1,2013-05-31,VEDL,50.8599,0.032441
-1,2013-06-30,VEDL,44.3405,-0.128184
-1,2013-07-31,VEDL,39.6984,-0.104692
-1,2013-08-31,VEDL,58.6083,0.476339
-1,2013-09-30,VEDL,56.1243,-0.042383
-1,2013-10-31,VEDL,62.7226,0.117566
-1,2013-11-30,VEDL,56.854,-0.093564
-1,2013-12-31,VEDL,63.1757,0.111192
-1,2014-01-31,VEDL,58.9369,-0.067095
-1,2014-02-28,VEDL,55.574,-0.057059
-1,2014-03-31,VEDL,58.9838,0.061356
-1,2014-04-30,VEDL,57.9827,-0.016972
-1,2014-05-31,VEDL,87.7327,0.513084
-1,2014-06-30,VEDL,91.4554,0.042432
-1,2014-07-31,VEDL,90.7985,-0.007183
-1,2014-08-31,VEDL,87.1916,-0.039724
-1,2014-09-30,VEDL,85.7287,-0.016778
-1,2014-10-31,VEDL,80.5221,-0.060733
-1,2014-11-30,VEDL,72.7829,-0.096113
-1,2014-12-31,VEDL,67.9465,-0.06645
-1,2015-01-31,VEDL,63.9711,-0.058508
-1,2015-02-28,VEDL,68.8017,0.075512
1312,2015-03-31,VEDL,160.45,1.332064
1313,2015-04-30,VEDL,179.2,0.116859
1314,2015-05-31,VEDL,168.55,-0.059431
1315,2015-06-30,VEDL,145.65,-0.135865
1316,2015-07-31,VEDL,103.15,-0.291795
1317,2015-08-31,VEDL,73.2,-0.290354
1318,2015-09-30,VEDL,60.45,-0.17418
1319,2015-10-31,VEDL,74.15,0.226634
1320,2015-11-30,VEDL,65.25,-0.120027
1321,2015-12-31,VEDL,65.7,0.006897
1322,2016-01-31,VEDL,47.65,-0.274734
1323,2016-02-29,VEDL,45.65,-0.041973
1324,2016-03-31,VEDL,65.45,0.433735
1325,2016-04-30,VEDL,78.25,0.195569
1326,2016-05-31,VEDL,82.75,0.057508
1327,2016-06-30,VEDL,105.2,0.271299
1328,2016-07-31,VEDL,136.6,0.298479
1329,2016-08-31,VEDL,141.75,0.037701
1330,2016-09-30,VEDL,144.0,0.015873
1331,2016-10-31,VEDL,172.15,0.195486
1332,2016-11-30,VEDL,198.75,0.154516
1333,2016-12-31,VEDL,185.95,-0.064403
1334,2017-01-31,VEDL,221.55,0.191449
1335,2017-02-28,VEDL,226.7,0.023245
1336,2017-03-31,VEDL,242.7,0.070578
1337,2017-04-30,VEDL,211.8,-0.127318
1338,2017-05-31,VEDL,207.1,-0.022191
1339,2017-06-30,VEDL,217.0,0.047803
1340,2017-07-31,VEDL,246.35,0.135253
1341,2017-08-31,VEDL,275.0,0.116298
1342,2017-09-30,VEDL,280.6,0.020364
1343,2017-10-31,VEDL,296.5,0.056664
1344,2017-11-30,VEDL,261.25,-0.118887
1345,2017-12-31,VEDL,295.35,0.130526
1346,2018-01-31,VEDL,305.05,0.032842
1347,2018-02-28,VEDL,294.7,-0.033929
1348,2018-03-31,VEDL,245.9,-0.165592
1349,2018-04-30,VEDL,264.45,0.075437
1350,2018-05-31,VEDL,218.1,-0.175269
1351,2018-06-30,VEDL,204.9,-0.060523
1352,2018-07-31,VEDL,191.85,-0.06369
1353,2018-08-31,VEDL,197.35,0.028668
1354,2018-09-30,VEDL,201.2,0.019508
1355,2018-10-31,VEDL,180.35,-0.103628
1356,2018-11-30,VEDL,166.5,-0.076795
1357,2018-12-31,VEDL,172.3,0.034835
1358,2019-01-31,VEDL,168.3,-0.023215
1359,2019-02-28,VEDL,142.25,-0.154783
1360,2019-03-31,VEDL,155.75,0.094903
1361,2019-04-30,VEDL,139.05,-0.107223
1362,2019-05-31,VEDL,132.5,-0.047105
1363,2019-06-30,VEDL,145.7,0.099623
1364,2019-07-31,VEDL,125.95,-0.135553
1365,2019-08-31,VEDL,113.05,-0.102422
1366,2019-09-30,VEDL,126.15,0.115878
1367,2019-10-31,VEDL,121.45,-0.037257
1368,2019-11-30,VEDL,117.1,-0.035817
1369,2019-12-31,VEDL,124.6,0.064048
1370,2020-01-31,VEDL,110.7,-0.111557
1371,2020-02-29,VEDL,86.9,-0.214995
1372,2020-03-31,VEDL,41.1,-0.527043
1373,2020-04-30,VEDL,64.0,0.557178
1374,2020-05-31,VEDL,66.4,0.0375
1375,2020-06-30,VEDL,80.65,0.214608
1376,2020-07-31,VEDL,87.55,0.085555
1377,2020-08-31,VEDL,101.35,0.157624
1378,2020-09-30,VEDL,110.5,0.090281
1379,2020-10-31,VEDL,70.75,-0.359729
1380,2020-11-30,VEDL,93.85,0.326502
1381,2020-12-31,VEDL,132.8,0.415024
1382,2021-01-31,VEDL,133.55,0.005648
1383,2021-02-28,VEDL,175.9,0.31711
1384,2021-03-31,VEDL,197.8,0.124503
1385,2021-04-30,VEDL,223.8,0.131446
1386,2021-05-31,VEDL,241.05,0.077078
1387,2021-06-30,VEDL,231.25,-0.040655
1388,2021-07-31,VEDL,267.3,0.155892
1389,2021-08-31,VEDL,268.95,0.006173
1390,2021-09-30,VEDL,253.8,-0.05633
1391,2021-10-31,VEDL,269.65,0.062451
1392,2021-11-30,VEDL,302.95,0.123493
1393,2021-12-31,VEDL,305.1,0.007097
1394,2022-01-31,VEDL,286.8,-0.05998
1395,2022-02-28,VEDL,343.4,0.19735
1396,2022-03-31,VEDL,365.15,0.063337
1397,2022-04-30,VEDL,370.55,0.014788
1398,2022-05-31,VEDL,287.95,-0.222912
1399,2022-06-30,VEDL,192.35,-0.332002
1400,2022-07-31,VEDL,222.2,0.155186
1401,2022-08-31,VEDL,236.65,0.065032
1402,2022-09-30,VEDL,237.75,0.004648
1403,2022-10-31,VEDL,247.8,0.042271
1404,2022-11-30,VEDL,270.2,0.090395
1405,2022-12-31,VEDL,274.1,0.014434
1406,2023-01-31,VEDL,297.15,0.084093
1407,2023-02-28,VEDL,235.4,-0.207808
1408,2023-03-31,VEDL,242.3,0.029312
1409,2023-04-30,VEDL,246.0,0.01527
1410,2023-05-31,VEDL,245.15,-0.003455
1411,2023-06-30,VEDL,244.85,-0.001224
1412,2023-07-31,VEDL,243.35,-0.006126
1413,2023-08-31,VEDL,201.25,-0.173002
1414,2023-09-30,VEDL,191.95,-0.046211
1415,2023-10-31,VEDL,186.15,-0.030216
1416,2023-11-30,VEDL,201.95,0.084878
1417,2023-12-31,VEDL,236.25,0.169844
1418,2024-01-31,VEDL,252.7,0.06963
1419,2024-02-29,VEDL,246.3,-0.025326
1420,2024-03-31,VEDL,250.15,0.015631
1421,2024-04-30,VEDL,371.45,0.484909
1422,2024-05-31,VEDL,429.95,0.157491
1423,2024-06-30,VEDL,434.25,0.010001
1424,2024-07-31,VEDL,432.05,-0.005066
1425,2024-08-31,VEDL,447.65,0.036107
1426,2024-09-30,VEDL,512.5,0.144868
1427,2024-10-31,VEDL,463.8,-0.095024
1428,2024-11-30,VEDL,453.15,-0.022962
1429,2024-12-31,VEDL,444.55,-0.018978
1430,2025-01-31,VEDL,440.2,-0.009785
1431,2025-02-28,VEDL,394.7,-0.103362
1432,2025-03-31,VEDL,462.9,0.172789
1433,2025-04-30,VEDL,417.15,-0.098833
1434,2025-05-31,VEDL,436.5,0.046386
1435,2025-06-30,VEDL,461.0,0.056128
1436,2025-07-31,VEDL,424.65,-0.07885
1437,2025-08-31,VEDL,440.55,0.037443
-1,2006-01-31,WIPRO,46.7244,
-1,2006-02-28,WIPRO,45.9085,-0.017462
-1,2006-03-31,WIPRO,49.3707,0.075415
-1,2006-04-30,WIPRO,253.3604,4.131797
-1,2006-05-31,WIPRO,39.6677,-0.843434
-1,2006-06-30,WIPRO,45.2822,0.141538
-1,2006-07-31,WIPRO,43.7449,-0.033949
-1,2006-08-31,WIPRO,46.2271,0.056743
-1,2006-09-30,WIPRO,46.7842,0.012051
-1,2006-10-31,WIPRO,47.9785,0.025528
-1,2006-11-30,WIPRO,53.4689,0.114435
-1,2006-12-31,WIPRO,54.0037,0.010002
-1,2007-01-31,WIPRO,54.6588,0.012131
-1,2007-02-28,WIPRO,50.1266,-0.082918
-1,2007-03-31,WIPRO,49.8592,-0.005334
-1,2007-04-30,WIPRO,51.3766,0.030434
-1,2007-05-31,WIPRO,48.8689,-0.04881
-1,2007-06-30,WIPRO,46.5994,-0.046441
-1,2007-07-31,WIPRO,44.7907,-0.038814
-1,2007-08-31,WIPRO,43.4398,-0.03016
-1,2007-09-30,WIPRO,41.4495,-0.045817
-1,2007-10-31,WIPRO,45.6733,0.101902
-1,2007-11-30,WIPRO,41.6569,-0.087938
-1,2007-12-31,WIPRO,47.5349,0.141105
-1,2008-01-31,WIPRO,38.2296,-0.195757
-1,2008-02-29,WIPRO,39.5227,0.033825
-1,2008-03-31,WIPRO,39.0751,-0.011325
-1,2008-04-30,WIPRO,44.198,0.131104
-1,2008-05-31,WIPRO,46.0518,0.041943
-1,2008-06-30,WIPRO,39.785,-0.136082
-1,2008-07-31,WIPRO,37.8788,-0.047913
-1,2008-08-31,WIPRO,39.429,0.040925
-1,2008-09-30,WIPRO,30.9942,-0.213924
-1,2008-10-31,WIPRO,24.862,-0.19785
-1,2008-11-30,WIPRO,22.1264,-0.110031
-1,2008-12-31,WIPRO,21.2829,-0.038122
-1,2009-01-31,WIPRO,21.1142,-0.007927
-1,2009-02-28,WIPRO,18.9212,-0.103864
-1,2009-03-31,WIPRO,22.4227,0.185057
-1,2009-04-30,WIPRO,30.169,0.345467
-1,2009-05-31,WIPRO,34.856,0.155358
-1,2009-06-30,WIPRO,34.4639,-0.011249
-1,2009-07-31,WIPRO,45.1651,0.310505
-1,2009-08-31,WIPRO,50.6754,0.122003
-1,2009-09-30,WIPRO,55.4808,0.094827
-1,2009-10-31,WIPRO,55.8309,0.00631
-1,2009-11-30,WIPRO,57.9641,0.038208
-1,2009-12-31,WIPRO,62.6589,0.080995
-1,2010-01-31,WIPRO,59.7057,-0.047131
-1,2010-02-28,WIPRO,62.4286,0.045605
-1,2010-03-31,WIPRO,65.1422,0.043467
-1,2010-04-30,WIPRO,61.8757,-0.050144
-1,2010-05-31,WIPRO,61.7052,-0.002756
-1,2010-06-30,WIPRO,59.0499,-0.043032
-1,2010-07-31,WIPRO,63.8879,0.081931
-1,2010-08-31,WIPRO,62.0207,-0.029226
-1,2010-09-30,WIPRO,69.6444,0.122922
-1,2010-10-31,WIPRO,65.0423,-0.06608
-1,2010-11-30,WIPRO,65.019,-0.000358
-1,2010-12-31,WIPRO,76.1216,0.170759
-1,2011-01-31,WIPRO,67.8857,-0.108194
-1,2011-02-28,WIPRO,68.2064,0.004724
-1,2011-03-31,WIPRO,74.7438,0.095847
-1,2011-04-30,WIPRO,70.0898,-0.062266
-1,2011-05-31,WIPRO,69.4828,-0.00866
-1,2011-06-30,WIPRO,65.0,-0.064517
-1,2011-07-31,WIPRO,61.179,-0.058785
-1,2011-08-31,WIPRO,52.685,-0.138838
-1,2011-09-30,WIPRO,53.5572,0.016555
-1,2011-10-31,WIPRO,57.6117,0.075704
-1,2011-11-30,WIPRO,59.2775,0.028914
-1,2011-12-31,WIPRO,62.6562,0.056998
-1,2012-01-31,WIPRO,65.0449,0.038124
-1,2012-02-29,WIPRO,68.2728,0.049626
-1,2012-03-31,WIPRO,69.4966,0.017925
-1,2012-04-30,WIPRO,63.9618,-0.079641
-1,2012-05-31,WIPRO,64.7435,0.012221
-1,2012-06-30,WIPRO,63.1486,-0.024634
-1,2012-07-31,WIPRO,54.2411,-0.141056
-1,2012-08-31,WIPRO,57.838,0.066313
-1,2012-09-30,WIPRO,60.781,0.050884
-1,2012-10-31,WIPRO,55.9319,-0.07978
-1,2012-11-30,WIPRO,62.727,0.121489
-1,2012-12-31,WIPRO,62.9264,0.003179
-1,2013-01-31,WIPRO,65.646,0.043219
-1,2013-02-28,WIPRO,66.7544,0.016885
-1,2013-03-31,WIPRO,70.0809,0.049832
-1,2013-04-30,WIPRO,55.8451,-0.203134
-1,2013-05-31,WIPRO,52.5266,-0.059423
-1,2013-06-30,WIPRO,55.9493,0.065161
-1,2013-07-31,WIPRO,71.2405,0.273305
-1,2013-08-31,WIPRO,78.6573,0.104109
-1,2013-09-30,WIPRO,76.9413,-0.021816
-1,2013-10-31,WIPRO,77.6976,0.00983
-1,2013-11-30,WIPRO,76.5754,-0.014443
-1,2013-12-31,WIPRO,90.9536,0.187765
-1,2014-01-31,WIPRO,93.5316,0.028344
-1,2014-02-28,WIPRO,97.655,0.044086
-1,2014-03-31,WIPRO,88.8174,-0.090498
-1,2014-04-30,WIPRO,85.4082,-0.038384
-1,2014-05-31,WIPRO,82.7676,-0.030917
-1,2014-06-30,WIPRO,89.3406,0.079415
-1,2014-07-31,WIPRO,89.0136,-0.00366
-1,2014-08-31,WIPRO,93.2753,0.047877
-1,2014-09-30,WIPRO,98.4815,0.055815
-1,2014-10-31,WIPRO,93.0195,-0.055462
-1,2014-11-30,WIPRO,96.6663,0.039205
-1,2014-12-31,WIPRO,91.6168,-0.052236
-1,2015-01-31,WIPRO,100.0904,0.09249
-1,2015-02-28,WIPRO,108.8948,0.087964
4246,2015-03-31,WIPRO,115.6,0.061575
4247,2015-04-30,WIPRO,99.35,-0.140571
4248,2015-05-31,WIPRO,103.85,0.045294
4249,2015-06-30,WIPRO,100.5,-0.032258
4250,2015-07-31,WIPRO,105.25,0.047264
4251,2015-08-31,WIPRO,105.15,-0.00095
4252,2015-09-30,WIPRO,110.15,0.047551
4253,2015-10-31,WIPRO,104.9,-0.047662
4254,2015-11-30,WIPRO,105.05,0.00143
4255,2015-12-31,WIPRO,103.85,-0.011423
4256,2016-01-31,WIPRO,103.95,0.000963
4257,2016-02-29,WIPRO,96.05,-0.075998
4258,2016-03-31,WIPRO,104.5,0.087975
4259,2016-04-30,WIPRO,101.85,-0.025359
4260,2016-05-31,WIPRO,100.55,-0.012764
4261,2016-06-30,WIPRO,103.2,0.026355
4262,2016-07-31,WIPRO,100.6,-0.025194
4263,2016-08-31,WIPRO,89.9,-0.106362
4264,2016-09-30,WIPRO,88.3,-0.017798
4265,2016-10-31,WIPRO,85.5,-0.03171
4266,2016-11-30,WIPRO,85.7,0.002339
4267,2016-12-31,WIPRO,87.7,0.023337
4268,2017-01-31,WIPRO,84.8,-0.033067
4269,2017-02-28,WIPRO,89.75,0.058373
4270,2017-03-31,WIPRO,94.95,0.057939
4271,2017-04-30,WIPRO,91.35,-0.037915
4272,2017-05-31,WIPRO,98.8,0.081554
4273,2017-06-30,WIPRO,95.6,-0.032389
4274,2017-07-31,WIPRO,106.45,0.113494
4275,2017-08-31,WIPRO,109.8,0.03147
4276,2017-09-30,WIPRO,103.3,-0.059199
4277,2017-10-31,WIPRO,108.65,0.051791
4278,2017-11-30,WIPRO,107.45,-0.011045
4279,2017-12-31,WIPRO,115.0,0.070265
4280,2018-01-31,WIPRO,112.45,-0.022174
4281,2018-02-28,WIPRO,107.95,-0.040018
4282,2018-03-31,WIPRO,104.45,-0.032422
4283,2018-04-30,WIPRO,102.75,-0.016276
4284,2018-05-31,WIPRO,97.15,-0.054501
4285,2018-06-30,WIPRO,96.15,-0.010293
4286,2018-07-31,WIPRO,102.2,0.062923
4287,2018-08-31,WIPRO,110.8,0.084149
4288,2018-09-30,WIPRO,119.05,0.074458
4289,2018-10-31,WIPRO,122.35,0.027719
4290,2018-11-30,WIPRO,119.7,-0.021659
4291,2018-12-31,WIPRO,121.9,0.018379
4292,2019-01-31,WIPRO,135.65,0.112797
4293,2019-02-28,WIPRO,135.65,0.0
4294,2019-03-31,WIPRO,124.9,-0.079248
4295,2019-04-30,WIPRO,146.3,0.171337
4296,2019-05-31,WIPRO,140.5,-0.039645
4297,2019-06-30,WIPRO,137.7,-0.019929
4298,2019-07-31,WIPRO,130.5,-0.052288
4299,2019-08-31,WIPRO,124.55,-0.045594
4300,2019-09-30,WIPRO,117.6,-0.055801
4301,2019-10-31,WIPRO,127.4,0.083333
4302,2019-11-30,WIPRO,116.8,-0.083203
4303,2019-12-31,WIPRO,120.65,0.032962
4304,2020-01-31,WIPRO,115.95,-0.038956
4305,2020-02-29,WIPRO,109.05,-0.059508
4306,2020-03-31,WIPRO,96.15,-0.118294
4307,2020-04-30,WIPRO,93.65,-0.026001
4308,2020-05-31,WIPRO,104.35,0.114255
4309,2020-06-30,WIPRO,107.7,0.032103
4310,2020-07-31,WIPRO,137.3,0.274838
4311,2020-08-31,WIPRO,131.8,-0.040058
4312,2020-09-30,WIPRO,153.55,0.165023
4313,2020-10-31,WIPRO,167.2,0.088896
4314,2020-11-30,WIPRO,172.05,0.029007
4315,2020-12-31,WIPRO,189.25,0.099971
4316,2021-01-31,WIPRO,205.9,0.087979
4317,2021-02-28,WIPRO,200.5,-0.026226
4318,2021-03-31,WIPRO,203.05,0.012718
4319,2021-04-30,WIPRO,241.2,0.187885
4320,2021-05-31,WIPRO,264.55,0.096808
4321,2021-06-30,WIPRO,267.75,0.012096
4322,2021-07-31,WIPRO,287.35,0.073203
4323,2021-08-31,WIPRO,314.25,0.093614
4324,2021-09-30,WIPRO,311.6,-0.008433
4325,2021-10-31,WIPRO,317.45,0.018774
4326,2021-11-30,WIPRO,312.8,-0.014648
4327,2021-12-31,WIPRO,350.85,0.121643
4328,2022-01-31,WIPRO,280.9,-0.199373
4329,2022-02-28,WIPRO,272.75,-0.029014
4330,2022-03-31,WIPRO,290.95,0.066728
4331,2022-04-30,WIPRO,249.05,-0.144011
4332,2022-05-31,WIPRO,235.1,-0.056013
4333,2022-06-30,WIPRO,203.55,-0.134198
4334,2022-07-31,WIPRO,207.85,0.021125
4335,2022-08-31,WIPRO,203.15,-0.022612
4336,2022-09-30,WIPRO,193.5,-0.047502
4337,2022-10-31,WIPRO,189.55,-0.020413
4338,2022-11-30,WIPRO,199.9,0.054603
4339,2022-12-31,WIPRO,192.55,-0.036768
4340,2023-01-31,WIPRO,195.5,0.015321
4341,2023-02-28,WIPRO,189.9,-0.028645
4342,2023-03-31,WIPRO,179.1,-0.056872
4343,2023-04-30,WIPRO,188.6,0.053043
4344,2023-05-31,WIPRO,197.85,0.049046
4345,2023-06-30,WIPRO,190.8,-0.035633
4346,2023-07-31,WIPRO,198.7,0.041405
4347,2023-08-31,WIPRO,200.55,0.009311
4348,2023-09-30,WIPRO,199.3,-0.006233
4349,2023-10-31,WIPRO,187.7,-0.058204
4350,2023-11-30,WIPRO,201.9,0.075653
4351,2023-12-31,WIPRO,230.8,0.14314
4352,2024-01-31,WIPRO,234.0,0.013865
4353,2024-02-29,WIPRO,255.4,0.091453
4354,2024-03-31,WIPRO,235.6,-0.077525
4355,2024-04-30,WIPRO,226.7,-0.037776
4356,2024-05-31,WIPRO,215.2,-0.050728
4357,2024-06-30,WIPRO,251.8,0.170074
4358,2024-07-31,WIPRO,255.4,0.014297
4359,2024-08-31,WIPRO,264.25,0.034652
4360,2024-09-30,WIPRO,264.95,0.002649
4361,2024-10-31,WIPRO,271.15,0.023401
4362,2024-11-30,WIPRO,283.85,0.046838
4363,2024-12-31,WIPRO,296.1,0.043157
4364,2025-01-31,WIPRO,312.2,0.054374
4365,2025-02-28,WIPRO,278.4,-0.108264
4366,2025-03-31,WIPRO,262.45,-0.057292
4367,2025-04-30,WIPRO,240.8,-0.082492
4368,2025-05-31,WIPRO,249.72,0.037043
4369,2025-06-30,WIPRO,266.01,0.065233
4370,2025-07-31,WIPRO,248.0,-0.067704
4371,2025-08-31,WIPRO,239.96,-0.032419
13256,2015-04-30,YESBANK,167.89,
13257,2015-05-31,YESBANK,176.46,0.051045
13258,2015-06-30,YESBANK,168.77,-0.043579
13259,2015-07-31,YESBANK,165.79,-0.017657
13260,2015-08-31,YESBANK,137.89,-0.168285
13261,2015-09-30,YESBANK,145.94,0.05838
13262,2015-10-31,YESBANK,151.73,0.039674
13263,2015-11-30,YESBANK,153.64,0.012588
13264,2015-12-31,YESBANK,145.16,-0.055194
13265,2016-01-31,YESBANK,149.36,0.028934
13266,2016-02-29,YESBANK,137.8,-0.077397
13267,2016-03-31,YESBANK,173.01,0.255515
13268,2016-04-30,YESBANK,188.59,0.090053
13269,2016-05-31,YESBANK,206.6,0.095498
13270,2016-06-30,YESBANK,221.42,0.071733
13271,2016-07-31,YESBANK,243.39,0.099223
13272,2016-08-31,YESBANK,273.22,0.12256
13273,2016-09-30,YESBANK,250.94,-0.081546
13274,2016-10-31,YESBANK,253.27,0.009285
13275,2016-11-30,YESBANK,234.77,-0.073045
13276,2016-12-31,YESBANK,231.29,-0.014823
13277,2017-01-31,YESBANK,279.2,0.207143
13278,2017-02-28,YESBANK,290.54,0.040616
13279,2017-03-31,YESBANK,309.35,0.064742
13280,2017-04-30,YESBANK,326.05,0.053984
13281,2017-05-31,YESBANK,286.27,-0.122006
13282,2017-06-30,YESBANK,292.7,0.022461
13283,2017-07-31,YESBANK,361.9,0.23642
13284,2017-08-31,YESBANK,350.61,-0.031196
13285,2017-09-30,YESBANK,350.0,-0.00174
13286,2017-10-31,YESBANK,314.25,-0.102143
13287,2017-11-30,YESBANK,306.9,-0.023389
13288,2017-12-31,YESBANK,315.15,0.026882
13289,2018-01-31,YESBANK,354.4,0.124544
13290,2018-02-28,YESBANK,322.3,-0.090576
13291,2018-03-31,YESBANK,304.85,-0.054142
13292,2018-04-30,YESBANK,362.0,0.187469
13293,2018-05-31,YESBANK,346.2,-0.043646
13294,2018-06-30,YESBANK,339.65,-0.01892
13295,2018-07-31,YESBANK,367.95,0.083321
13296,2018-08-31,YESBANK,343.5,-0.066449
13297,2018-09-30,YESBANK,183.65,-0.465357
13298,2018-10-31,YESBANK,188.1,0.024231
13299,2018-11-30,YESBANK,169.8,-0.097289
13300,2018-12-31,YESBANK,181.8,0.070671
13301,2019-01-31,YESBANK,194.1,0.067657
13302,2019-02-28,YESBANK,231.15,0.190881
13303,2019-03-31,YESBANK,275.1,0.190136
13304,2019-04-30,YESBANK,168.0,-0.389313
13305,2019-05-31,YESBANK,147.8,-0.120238
13306,2019-06-30,YESBANK,108.75,-0.264208
13307,2019-07-31,YESBANK,91.2,-0.161379
13308,2019-08-31,YESBANK,59.95,-0.342654
13309,2019-09-30,YESBANK,41.4,-0.309425
13310,2019-10-31,YESBANK,70.4,0.700483
13311,2019-11-30,YESBANK,68.3,-0.02983
13312,2019-12-31,YESBANK,46.95,-0.312592
13313,2020-01-31,YESBANK,39.25,-0.164004
13314,2020-02-29,YESBANK,34.6,-0.118471
13315,2020-03-31,YESBANK,22.45,-0.351156
13316,2020-04-30,YESBANK,27.9,0.242762
13317,2020-05-31,YESBANK,26.85,-0.037634
13318,2020-06-30,YESBANK,25.6,-0.046555
13319,2020-07-31,YESBANK,11.95,-0.533203
13320,2020-08-31,YESBANK,14.35,0.200837
13321,2020-09-30,YESBANK,13.15,-0.083624
13322,2020-10-31,YESBANK,12.4,-0.057034
13323,2020-11-30,YESBANK,14.7,0.185484
13324,2020-12-31,YESBANK,17.85,0.214286
13325,2021-01-31,YESBANK,15.75,-0.117647
13326,2021-02-28,YESBANK,15.75,0.0
13327,2021-03-31,YESBANK,15.6,-0.009524
13328,2021-04-30,YESBANK,14.55,-0.067308
13329,2021-05-31,YESBANK,13.5,-0.072165
13330,2021-06-30,YESBANK,13.55,0.003704
13331,2021-07-31,YESBANK,12.75,-0.059041
13332,2021-08-31,YESBANK,10.8,-0.152941
13333,2021-09-30,YESBANK,12.55,0.162037
13334,2021-10-31,YESBANK,12.8,0.01992
13335,2021-11-30,YESBANK,12.4,-0.03125
13336,2021-12-31,YESBANK,13.7,0.104839
13337,2022-01-31,YESBANK,13.9,0.014599
-1,2006-01-31,ZEEL,42.2567,
-1,2006-02-28,ZEEL,45.3099,0.072254
-1,2006-03-31,ZEEL,61.3197,0.35334
-1,2006-04-30,ZEEL,67.9905,0.108787
-1,2006-05-31,ZEEL,59.5366,-0.124339
-1,2006-06-30,ZEEL,61.7174,0.03663
-1,2006-07-31,ZEEL,67.5158,0.093951
-1,2006-08-31,ZEEL,70.8384,0.049212
-1,2006-09-30,ZEEL,78.5098,0.108294
-1,2006-10-31,ZEEL,77.4193,-0.01389
-1,2006-11-30,ZEEL,95.7639,0.236951
-1,2006-12-31,ZEEL,96.7391,0.010183
-1,2007-01-31,ZEEL,103.7609,0.072585
-1,2007-02-28,ZEEL,93.1196,-0.102556
-1,2007-03-31,ZEEL,99.193,0.065222
-1,2007-04-30,ZEEL,116.2659,0.172118
-1,2007-05-31,ZEEL,124.1001,0.067382
-1,2007-06-30,ZEEL,117.631,-0.052128
-1,2007-07-31,ZEEL,129.8965,0.104271
-1,2007-08-31,ZEEL,122.557,-0.056503
-1,2007-09-30,ZEEL,135.9613,0.109372
-1,2007-10-31,ZEEL,131.4869,-0.032909
-1,2007-11-30,ZEEL,114.5041,-0.12916
-1,2007-12-31,ZEEL,130.075,0.135986
-1,2008-01-31,ZEEL,113.1519,-0.130103
-1,2008-02-29,ZEEL,96.3084,-0.148857
-1,2008-03-31,ZEEL,97.8595,0.016106
-1,2008-04-30,ZEEL,85.0131,-0.131274
-1,2008-05-31,ZEEL,90.7999,0.06807
-1,2008-06-30,ZEEL,79.5444,-0.123959
-1,2008-07-31,ZEEL,77.1183,-0.0305
-1,2008-08-31,ZEEL,87.7088,0.137328
-1,2008-09-30,ZEEL,79.0768,-0.098417
-1,2008-10-31,ZEEL,61.9334,-0.216794
-1,2008-11-30,ZEEL,43.8645,-0.291747
-1,2008-12-31,ZEEL,56.2793,0.283026
-1,2009-01-31,ZEEL,44.4078,-0.210939
-1,2009-02-28,ZEEL,42.9993,-0.031717
-1,2009-03-31,ZEEL,42.7981,-0.004679
-1,2009-04-30,ZEEL,46.1181,0.077574
-1,2009-05-31,ZEEL,67.7283,0.468584
-1,2009-06-30,ZEEL,71.3301,0.05318
-1,2009-07-31,ZEEL,74.8312,0.049083
-1,2009-08-31,ZEEL,84.751,0.132562
-1,2009-09-30,ZEEL,97.1179,0.14592
-1,2009-10-31,ZEEL,94.1891,-0.030157
-1,2009-11-30,ZEEL,103.4229,0.098035
-1,2009-12-31,ZEEL,104.5822,0.011209
-1,2010-01-31,ZEEL,106.6161,0.019448
-1,2010-02-28,ZEEL,100.4738,-0.057611
-1,2010-03-31,ZEEL,109.1178,0.086032
-1,2010-04-30,ZEEL,123.7007,0.133644
-1,2010-05-31,ZEEL,115.8503,-0.063463
-1,2010-06-30,ZEEL,124.8832,0.07797
-1,2010-07-31,ZEEL,121.3806,-0.028047
-1,2010-08-31,ZEEL,117.6323,-0.030881
-1,2010-09-30,ZEEL,122.9783,0.045447
-1,2010-10-31,ZEEL,120.6952,-0.018565
-1,2010-11-30,ZEEL,126.6755,0.049549
-1,2010-12-31,ZEEL,129.6245,0.02328
-1,2011-01-31,ZEEL,101.3668,-0.217997
-1,2011-02-28,ZEEL,104.5359,0.031264
-1,2011-03-31,ZEEL,108.8054,0.040842
-1,2011-04-30,ZEEL,118.6208,0.090211
-1,2011-05-31,ZEEL,120.6895,0.01744
-1,2011-06-30,ZEEL,118.7528,-0.016047
-1,2011-07-31,ZEEL,115.8918,-0.024092
-1,2011-08-31,ZEEL,103.1586,-0.109871
-1,2011-09-30,ZEEL,105.0351,0.01819
-1,2011-10-31,ZEEL,108.9219,0.037005
-1,2011-11-30,ZEEL,111.4238,0.02297
-1,2011-12-31,ZEEL,105.3031,-0.054932
-1,2012-01-31,ZEEL,114.2831,0.085278
-1,2012-02-29,ZEEL,113.613,-0.005864
-1,2012-03-31,ZEEL,113.2556,-0.003146
-1,2012-04-30,ZEEL,112.8535,-0.00355
-1,2012-05-31,ZEEL,118.0807,0.046318
-1,2012-06-30,ZEEL,131.1709,0.110858
-1,2012-07-31,ZEEL,150.4713,0.147139
-1,2012-08-31,ZEEL,147.5341,-0.01952
-1,2012-09-30,ZEEL,176.3278,0.195166
-1,2012-10-31,ZEEL,170.8669,-0.03097
-1,2012-11-30,ZEEL,176.1924,0.031168
-1,2012-12-31,ZEEL,199.2093,0.130635
-1,2013-01-31,ZEEL,207.694,0.042592
-1,2013-02-28,ZEEL,196.7722,-0.052586
-1,2013-03-31,ZEEL,189.9574,-0.034633
-1,2013-04-30,ZEEL,211.124,0.111428
-1,2013-05-31,ZEEL,204.0835,-0.033348
-1,2013-06-30,ZEEL,213.0646,0.044007
-1,2013-07-31,ZEEL,223.0387,0.046813
-1,2013-08-31,ZEEL,210.6972,-0.055333
-1,2013-09-30,ZEEL,207.9668,-0.012959
-1,2013-10-31,ZEEL,242.1425,0.164332
-1,2013-11-30,ZEEL,235.9081,-0.025747
-1,2013-12-31,ZEEL,251.7445,0.06713
-1,2014-01-31,ZEEL,242.5066,-0.036696
-1,2014-02-28,ZEEL,244.5544,0.008444
-1,2014-03-31,ZEEL,246.9662,0.009862
-1,2014-04-30,ZEEL,239.0025,-0.032246
-1,2014-05-31,ZEEL,242.7796,0.015804
-1,2014-06-30,ZEEL,267.0803,0.100094
-1,2014-07-31,ZEEL,264.5774,-0.009371
-1,2014-08-31,ZEEL,250.8529,-0.051873
-1,2014-09-30,ZEEL,287.9263,0.147789
-1,2014-10-31,ZEEL,315.5137,0.095814
-1,2014-11-30,ZEEL,350.0667,0.109513
-1,2014-12-31,ZEEL,348.9668,-0.003142
-1,2015-01-31,ZEEL,345.3008,-0.010505
-1,2015-02-28,ZEEL,319.8214,-0.073789
-1,2015-03-31,ZEEL,313.2224,-0.020633
12026,2015-04-30,ZEEL,312.05,-0.003743
12027,2015-05-31,ZEEL,323.75,0.037494
12028,2015-06-30,ZEEL,367.9,0.136371
12029,2015-07-31,ZEEL,398.8,0.08399
12030,2015-08-31,ZEEL,384.8,-0.035105
12031,2015-09-30,ZEEL,392.45,0.01988
12032,2015-10-31,ZEEL,408.65,0.041279
12033,2015-11-30,ZEEL,408.15,-0.001224
12034,2015-12-31,ZEEL,437.25,0.071297
12035,2016-01-31,ZEEL,420.05,-0.039337
12036,2016-02-29,ZEEL,372.35,-0.113558
12037,2016-03-31,ZEEL,386.95,0.03921
12038,2016-04-30,ZEEL,414.9,0.072232
12039,2016-05-31,ZEEL,443.35,0.068571
12040,2016-06-30,ZEEL,456.5,0.029661
12041,2016-07-31,ZEEL,497.3,0.089376
12042,2016-08-31,ZEEL,539.5,0.084858
12043,2016-09-30,ZEEL,546.75,0.013438
12044,2016-10-31,ZEEL,518.45,-0.05176
12045,2016-11-30,ZEEL,455.65,-0.12113
12046,2016-12-31,ZEEL,453.05,-0.005706
12047,2017-01-31,ZEEL,489.15,0.079682
12048,2017-02-28,ZEEL,509.45,0.041501
12049,2017-03-31,ZEEL,535.55,0.051232
12050,2017-04-30,ZEEL,526.85,-0.016245
12051,2017-05-31,ZEEL,514.85,-0.022777
12052,2017-06-30,ZEEL,491.35,-0.045644
12053,2017-07-31,ZEEL,541.75,0.102575
12054,2017-08-31,ZEEL,519.5,-0.041071
12055,2017-09-30,ZEEL,520.1,0.001155
12056,2017-10-31,ZEEL,541.9,0.041915
12057,2017-11-30,ZEEL,568.15,0.048441
12058,2017-12-31,ZEEL,581.8,0.024025
12059,2018-01-31,ZEEL,593.7,0.020454
12060,2018-02-28,ZEEL,565.35,-0.047751
12061,2018-03-31,ZEEL,575.5,0.017953
12062,2018-04-30,ZEEL,588.05,0.021807
12063,2018-05-31,ZEEL,556.05,-0.054417
12064,2018-06-30,ZEEL,543.95,-0.021761
12065,2018-07-31,ZEEL,527.15,-0.030885
12066,2018-08-31,ZEEL,499.95,-0.051598
12067,2018-09-30,ZEEL,438.6,-0.122712
12068,2018-10-31,ZEEL,451.1,0.0285
12069,2018-11-30,ZEEL,488.6,0.08313
12070,2018-12-31,ZEEL,476.45,-0.024867
12071,2019-01-31,ZEEL,380.2,-0.202015
12072,2019-02-28,ZEEL,466.7,0.227512
12073,2019-03-31,ZEEL,445.5,-0.045425
12074,2019-04-30,ZEEL,432.6,-0.028956
12075,2019-05-31,ZEEL,357.45,-0.173717
12076,2019-06-30,ZEEL,338.65,-0.052595
12077,2019-07-31,ZEEL,361.6,0.067769
12078,2019-08-31,ZEEL,373.1,0.031803
12079,2019-09-30,ZEEL,265.5,-0.288395
12080,2019-10-31,ZEEL,260.6,-0.018456
12081,2019-11-30,ZEEL,293.05,0.12452
12082,2019-12-31,ZEEL,292.2,-0.002901
12083,2020-01-31,ZEEL,269.15,-0.078884
12084,2020-02-29,ZEEL,239.3,-0.110905
12085,2020-03-31,ZEEL,123.95,-0.482031
12086,2020-04-30,ZEEL,159.35,0.285599
12087,2020-05-31,ZEEL,183.55,0.151867
12088,2020-06-30,ZEEL,171.1,-0.067829
12089,2020-07-31,ZEEL,138.75,-0.189071
12090,2020-08-31,ZEEL,203.55,0.467027
12091,2020-09-30,ZEEL,208.9,0.026283
12092,2020-10-31,ZEEL,187.9,-0.100527
12093,2020-11-30,ZEEL,192.75,0.025812
12094,2020-12-31,ZEEL,223.5,0.159533
12095,2021-01-31,ZEEL,220.0,-0.01566
12096,2021-02-28,ZEEL,201.0,-0.086364
12097,2021-03-31,ZEEL,203.2,0.010945
12098,2021-04-30,ZEEL,185.6,-0.086614
12099,2021-05-31,ZEEL,209.35,0.127963
12100,2021-06-30,ZEEL,214.75,0.025794
12101,2021-07-31,ZEEL,202.75,-0.055879
12102,2021-08-31,ZEEL,171.65,-0.153391
12103,2021-09-30,ZEEL,303.2,0.766385
12104,2021-10-31,ZEEL,300.95,-0.007421
12105,2021-11-30,ZEEL,324.3,0.077588
12106,2021-12-31,ZEEL,320.8,-0.010792
12107,2022-01-31,ZEEL,329.0,0.025561
8619,2015-03-31,ZYDUSLIFE,347.4,
8620,2015-04-30,ZYDUSLIFE,339.4,-0.023028
8621,2015-05-31,ZYDUSLIFE,374.0,0.101945
8622,2015-06-30,ZYDUSLIFE,360.2,-0.036898
8623,2015-07-31,ZYDUSLIFE,378.5,0.050805
8624,2015-08-31,ZYDUSLIFE,379.94,0.003804
8625,2015-09-30,ZYDUSLIFE,417.0,0.097542
8626,2015-10-31,ZYDUSLIFE,419.6,0.006235
8627,2015-11-30,ZYDUSLIFE,397.95,-0.051597
8628,2015-12-31,ZYDUSLIFE,327.0,-0.178289
8629,2016-01-31,ZYDUSLIFE,306.0,-0.06422
8630,2016-02-29,ZYDUSLIFE,314.0,0.026144
8631,2016-03-31,ZYDUSLIFE,317.0,0.009554
8632,2016-04-30,ZYDUSLIFE,326.35,0.029495
8633,2016-05-31,ZYDUSLIFE,337.0,0.032634
8634,2016-06-30,ZYDUSLIFE,329.0,-0.023739
8635,2016-07-31,ZYDUSLIFE,367.0,0.115502
8636,2016-08-31,ZYDUSLIFE,384.15,0.04673
8637,2016-09-30,ZYDUSLIFE,389.75,0.014578
8638,2016-10-31,ZYDUSLIFE,417.15,0.070301
8639,2016-11-30,ZYDUSLIFE,400.45,-0.040034
8640,2016-12-31,ZYDUSLIFE,355.1,-0.113248
8641,2017-01-31,ZYDUSLIFE,352.95,-0.006055
8642,2017-02-28,ZYDUSLIFE,441.15,0.249894
8643,2017-03-31,ZYDUSLIFE,442.5,0.00306
8644,2017-04-30,ZYDUSLIFE,438.45,-0.009153
8645,2017-05-31,ZYDUSLIFE,466.0,0.062835
8646,2017-06-30,ZYDUSLIFE,524.6,0.125751
8647,2017-07-31,ZYDUSLIFE,544.5,0.037934
8648,2017-08-31,ZYDUSLIFE,500.5,-0.080808
8649,2017-09-30,ZYDUSLIFE,470.0,-0.060939
8650,2017-10-31,ZYDUSLIFE,502.05,0.068191
8651,2017-11-30,ZYDUSLIFE,431.0,-0.14152
8652,2017-12-31,ZYDUSLIFE,434.8,0.008817
8653,2018-01-31,ZYDUSLIFE,425.4,-0.021619
8654,2018-02-28,ZYDUSLIFE,405.0,-0.047955
8655,2018-03-31,ZYDUSLIFE,378.1,-0.06642
8656,2018-04-30,ZYDUSLIFE,413.0,0.092304
8657,2018-05-31,ZYDUSLIFE,360.8,-0.126392
8658,2018-06-30,ZYDUSLIFE,377.9,0.047395
8659,2018-07-31,ZYDUSLIFE,380.0,0.005557
8660,2018-08-31,ZYDUSLIFE,403.75,0.0625
8661,2018-09-30,ZYDUSLIFE,387.0,-0.041486
8662,2018-10-31,ZYDUSLIFE,359.95,-0.069897
8663,2018-11-30,ZYDUSLIFE,363.9,0.010974
8664,2018-12-31,ZYDUSLIFE,348.6,-0.042045
8665,2019-01-31,ZYDUSLIFE,318.35,-0.086776
8666,2019-02-28,ZYDUSLIFE,318.05,-0.000942
8667,2019-03-31,ZYDUSLIFE,345.2,0.085364
8668,2019-04-30,ZYDUSLIFE,327.9,-0.050116
8669,2019-05-31,ZYDUSLIFE,247.5,-0.245197
8670,2019-06-30,ZYDUSLIFE,240.8,-0.027071
8671,2019-07-31,ZYDUSLIFE,228.5,-0.05108
8672,2019-08-31,ZYDUSLIFE,225.8,-0.011816
8673,2019-09-30,ZYDUSLIFE,233.45,0.03388
8674,2019-10-31,ZYDUSLIFE,251.7,0.078175
8675,2019-11-30,ZYDUSLIFE,253.85,0.008542
8676,2019-12-31,ZYDUSLIFE,253.85,0.0
8677,2020-01-31,ZYDUSLIFE,264.95,0.043727
8678,2020-02-29,ZYDUSLIFE,259.0,-0.022457
8679,2020-03-31,ZYDUSLIFE,267.95,0.034556
8680,2020-04-30,ZYDUSLIFE,323.95,0.208994
8681,2020-05-31,ZYDUSLIFE,343.75,0.061121
8682,2020-06-30,ZYDUSLIFE,353.5,0.028364
8683,2020-07-31,ZYDUSLIFE,390.0,0.103253
8684,2020-08-31,ZYDUSLIFE,372.0,-0.046154
8685,2020-09-30,ZYDUSLIFE,395.8,0.063978
8686,2020-10-31,ZYDUSLIFE,418.0,0.056089
8687,2020-11-30,ZYDUSLIFE,448.25,0.072368
8688,2020-12-31,ZYDUSLIFE,476.9,0.063915
8689,2021-01-31,ZYDUSLIFE,450.95,-0.054414
8690,2021-02-28,ZYDUSLIFE,434.0,-0.037587
8691,2021-03-31,ZYDUSLIFE,440.6,0.015207
8692,2021-04-30,ZYDUSLIFE,570.7,0.295279
8693,2021-05-31,ZYDUSLIFE,618.9,0.084458
8694,2021-06-30,ZYDUSLIFE,645.45,0.042899
8695,2021-07-31,ZYDUSLIFE,586.75,-0.090944
8696,2021-08-31,ZYDUSLIFE,553.0,-0.05752
8697,2021-09-30,ZYDUSLIFE,552.8,-0.000362
8698,2021-10-31,ZYDUSLIFE,503.9,-0.088459
8699,2021-11-30,ZYDUSLIFE,465.85,-0.075511
8700,2021-12-31,ZYDUSLIFE,483.2,0.037244
8701,2022-01-31,ZYDUSLIFE,407.0,-0.157699
8702,2022-02-28,ZYDUSLIFE,360.6,-0.114005
8703,2022-03-31,ZYDUSLIFE,348.0,-0.034942
8704,2022-04-30,ZYDUSLIFE,351.45,0.009914
8705,2022-05-31,ZYDUSLIFE,377.15,0.073126
8706,2022-06-30,ZYDUSLIFE,355.0,-0.05873
8707,2022-07-31,ZYDUSLIFE,346.45,-0.024085
8708,2022-08-31,ZYDUSLIFE,378.4,0.092221
8709,2022-09-30,ZYDUSLIFE,387.0,0.022727
8710,2022-10-31,ZYDUSLIFE,432.9,0.118605
8711,2022-11-30,ZYDUSLIFE,408.7,-0.055902
8712,2022-12-31,ZYDUSLIFE,420.0,0.027649
8713,2023-01-31,ZYDUSLIFE,430.2,0.024286
8714,2023-02-28,ZYDUSLIFE,464.0,0.078568
8715,2023-03-31,ZYDUSLIFE,490.5,0.057112
8716,2023-04-30,ZYDUSLIFE,520.55,0.061264
8717,2023-05-31,ZYDUSLIFE,501.95,-0.035731
8718,2023-06-30,ZYDUSLIFE,582.4,0.160275
8719,2023-07-31,ZYDUSLIFE,630.5,0.082589
8720,2023-08-31,ZYDUSLIFE,625.55,-0.007851
8721,2023-09-30,ZYDUSLIFE,616.5,-0.014467
8722,2023-10-31,ZYDUSLIFE,575.1,-0.067153
8723,2023-11-30,ZYDUSLIFE,636.0,0.105895
8724,2023-12-31,ZYDUSLIFE,688.75,0.08294
8725,2024-01-31,ZYDUSLIFE,761.0,0.1049
8726,2024-02-29,ZYDUSLIFE,946.0,0.243101
8727,2024-03-31,ZYDUSLIFE,1014.0,0.071882
8728,2024-04-30,ZYDUSLIFE,956.0,-0.057199
8729,2024-05-31,ZYDUSLIFE,1000.0,0.046025
8730,2024-06-30,ZYDUSLIFE,1078.6,0.0786
8731,2024-07-31,ZYDUSLIFE,1249.5,0.158446
8732,2024-08-31,ZYDUSLIFE,1116.0,-0.106843
8733,2024-09-30,ZYDUSLIFE,1071.15,-0.040188
8734,2024-10-31,ZYDUSLIFE,1003.9,-0.062783
8735,2024-11-30,ZYDUSLIFE,965.2,-0.03855
8736,2024-12-31,ZYDUSLIFE,971.0,0.006009
8737,2025-01-31,ZYDUSLIFE,970.0,-0.00103
8738,2025-02-28,ZYDUSLIFE,876.0,-0.096907
8739,2025-03-31,ZYDUSLIFE,885.9,0.011301
8740,2025-04-30,ZYDUSLIFE,884.3,-0.001806
8741,2025-05-31,ZYDUSLIFE,926.05,0.047212
8742,2025-06-30,ZYDUSLIFE,989.55,0.068571
8743,2025-07-31,ZYDUSLIFE,964.0,-0.02582
8744,2025-08-31,ZYDUSLIFE,932.7,-0.032469
13986,2025-09-30,ABB,5284.91,0.0368673650067099
13987,2025-10-31,ABB,5322.33,0.007080482263289
13988,2025-11-30,ABB,5276.45,-0.0086207224237042
13989,2025-12-31,ABB,5271.35,-0.0009662192311176
13990,2025-09-30,ADANIENSOL,907.41,0.1414643357092433
13991,2025-10-31,ADANIENSOL,1025.95,0.130639165614252
13992,2025-11-30,ADANIENSOL,1034.64,0.0084668175649795
13993,2025-12-31,ADANIENSOL,1068.76,0.0329797277115815
13994,2025-09-30,ADANIENT,2567.97,0.1163629838886759
13995,2025-10-31,ADANIENT,2542.45,-0.0099365675726069
13996,2025-11-30,ADANIENT,2336.68,-0.0809350878363996
13997,2025-12-31,ADANIENT,2295.18,-0.0177616149064996
13998,2025-09-30,ADANIGREEN,1076.37,0.1240831697711413
13999,2025-10-31,ADANIGREEN,1194.97,0.1101913883276837
14000,2025-11-30,ADANIGREEN,1098.75,-0.0805263586211623
14001,2025-12-31,ADANIGREEN,1064.05,-0.0315779213201946
14002,2025-09-30,ADANIPORTS,1461.55,0.0690889546342981
14003,2025-10-31,ADANIPORTS,1511.54,0.0342002337277125
14004,2025-11-30,ADANIPORTS,1579.64,0.0450568061951293
14005,2025-12-31,ADANIPORTS,1530.59,-0.0310501754685964
14006,2025-09-30,ADANIPOWER,683.27,0.2041121884931098
14007,2025-10-31,ADANIPOWER,745.63,0.0912548410923372
14008,2025-11-30,ADANIPOWER,696.69,-0.065631930375458
14009,2025-12-31,ADANIPOWER,675.43,-0.0305105419513227
14010,2025-09-30,AMBUJACEM,596.06,0.0119850547031103
14011,2025-10-31,AMBUJACEM,591.3,-0.0079830470424984
14012,2025-11-30,AMBUJACEM,575.4,-0.0268837099001104
14013,2025-12-31,AMBUJACEM,581.84,0.0111777202333624
14014,2025-09-30,APOLLOHOSP,6990.84,-0.0264126015058772
14015,2025-10-31,APOLLOHOSP,7247.49,0.0367121447870111
14016,2025-11-30,APOLLOHOSP,6921.49,-0.0449811302883442
14017,2025-12-31,APOLLOHOSP,6645.03,-0.0399427828195957
14018,2025-09-30,ASIANPAINT,2324.43,-0.0669419702226388
14019,2025-10-31,ASIANPAINT,2483.48,0.0684254104534907
14020,2025-11-30,ASIANPAINT,2847.57,0.1466010929391181
14021,2025-12-31,ASIANPAINT,2743.65,-0.0364945199619645
14022,2025-09-30,AXISBANK,1159.53,0.0826635638546555
14023,2025-10-31,AXISBANK,1263.23,0.0894309496041367
14024,2025-11-30,AXISBANK,1311.29,0.0380434066323367
14025,2025-12-31,AXISBANK,1300.73,-0.008048706934449
14026,2025-09-30,BAJAJ-AUTO,8223.03,0.0054451627026317
14027,2025-10-31,BAJAJ-AUTO,8425.8,0.0246586590924833
14028,2025-11-30,BAJAJ-AUTO,8597.3,0.0203542539112213
14029,2025-12-31,BAJAJ-AUTO,8852.66,0.029701865902959
14030,2025-09-30,BAJAJFINSV,2019.51,0.0485498460703714
14031,2025-10-31,BAJAJFINSV,2101.94,0.04081932889777
14032,2025-11-30,BAJAJFINSV,2107.68,0.0027294584469876
14033,2025-12-31,BAJAJFINSV,2053.23,-0.0258356436990698
14034,2025-09-30,BAJAJHFL,112.05,-0.011057135483276
14035,2025-10-31,BAJAJHFL,112.25,0.0018179887679168
14036,2025-11-30,BAJAJHFL,107.02,-0.0466382309440795
14037,2025-12-31,BAJAJHFL,96.08,-0.1022175492049478
14038,2025-09-30,BAJAJHLDNG,13114.27,-0.0362115630573369
14039,2025-10-31,BAJAJHLDNG,13174.23,0.0045725327698182
14040,2025-11-30,BAJAJHLDNG,12313.3,-0.0653498877499588
14041,2025-12-31,BAJAJHLDNG,12130.19,-0.0148708687887328
14042,2025-09-30,BAJFINANCE,997.53,0.1378937868476981
14043,2025-10-31,BAJFINANCE,1041.37,0.0439483909615572
14044,2025-11-30,BAJFINANCE,1036.08,-0.0050825482726072
14045,2025-12-31,BAJFINANCE,985.45,-0.0488674865841319
14046,2025-09-30,BANKBARODA,268.44,0.1104239378415647
14047,2025-10-31,BANKBARODA,289.07,0.0768159186762642
14048,2025-11-30,BANKBARODA,300.9,0.0409482217193248
14049,2025-12-31,BANKBARODA,307.24,0.021048969712387
14050,2025-09-30,BEL,426.15,0.0935301255618226
14051,2025-10-31,BEL,449.52,0.0548334883853611
14052,2025-11-30,BEL,434.38,-0.0336775069091729
14053,2025-12-31,BEL,421.56,-0.0295082355237193
14054,2025-09-30,BHARTIARTL,1919.07,-0.0055061476742811
14055,2025-10-31,BHARTIARTL,2098.99,0.0937499835489517
14056,2025-11-30,BHARTIARTL,2147.11,0.0229253689893096
14057,2025-12-31,BHARTIARTL,2151.19,0.0019032685520161
14058,2025-09-30,BOSCHLTD,36436.3,-0.045420383706118
14059,2025-10-31,BOSCHLTD,35576.62,-0.0235942061253772
14060,2025-11-30,BOSCHLTD,34492.46,-0.0304738425988975
14061,2025-12-31,BOSCHLTD,34425.6,-0.0019385378004527
14062,2025-09-30,BPCL,347.97,0.1020440296837597
14063,2025-10-31,BPCL,365.54,0.0504931449722581
14064,2025-11-30,BPCL,375.55,0.0273876950451068
14065,2025-12-31,BPCL,401.59,0.069339971010552
14066,2025-09-30,BRITANNIA,5557.41,0.0286744299429944
14067,2025-10-31,BRITANNIA,5414.1,-0.0257886330057414
14068,2025-11-30,BRITANNIA,5422.91,0.0016276639420427
14069,2025-12-31,BRITANNIA,5594.52,0.0316455395237862
14070,2025-09-30,CANBK,129.6,0.1914668409413413
14071,2025-10-31,CANBK,143.51,0.1073478835747099
14072,2025-11-30,CANBK,158.79,0.1065040493250664
14073,2025-12-31,CANBK,162.28,0.0219686289899678
14074,2025-09-30,CGPOWER,726.06,0.0671900333725126
14075,2025-10-31,CGPOWER,721.85,-0.0058033565618398
14076,2025-11-30,CGPOWER,659.38,-0.0865404368823121
14077,2025-12-31,CGPOWER,634.88,-0.0371526275954015
14078,2025-09-30,CHOLAFIN,1649.58,0.1338074220372969
14079,2025-10-31,CHOLAFIN,1737.65,0.0533896088170555
14080,2025-11-30,CHOLAFIN,1777.79,0.0231022781413168
14081,2025-12-31,CHOLAFIN,1743.18,-0.0194701130333073
14082,2025-09-30,CIPLA,1404.56,-0.0541713384140548
14083,2025-10-31,CIPLA,1402.69,-0.001330429207675
14084,2025-11-30,CIPLA,1430.72,0.0199826958238695
14085,2025-12-31,CIPLA,1412.03,-0.0130607802592538
14086,2025-09-30,COALINDIA,392.08,0.0404216258639329
14087,2025-10-31,COALINDIA,390.78,-0.0033338519050081
14088,2025-11-30,COALINDIA,388.45,-0.0059391100857717
14089,2025-12-31,COALINDIA,412.05,0.0607469800069939
14090,2025-09-30,DABUR,484.61,-0.05718675144777
14091,2025-10-31,DABUR,480.91,-0.0076327939730093
14092,2025-11-30,DABUR,513.04,0.0668266170612648
14093,2025-12-31,DABUR,499.36,-0.0266718750774853
14094,2025-09-30,DIVISLAB,5691.36,-0.0720867262414337
14095,2025-10-31,DIVISLAB,6740.2,0.1842868005877849
14096,2025-11-30,DIVISLAB,6479.11,-0.0387355430167448
14097,2025-12-31,DIVISLAB,6394.59,-0.0130461408494203
14098,2025-09-30,DLF,737.55,-0.0352479421049053
14099,2025-10-31,DLF,782.29,0.0606592073846925
14100,2025-11-30,DLF,748.52,-0.0431735732834029
14101,2025-12-31,DLF,711.07,-0.0500275740718487
14102,2025-09-30,DMART,3992.06,-0.058920049953442
14103,2025-10-31,DMART,3704.93,-0.0719265114554729
14104,2025-11-30,DMART,3564.88,-0.0377994462501505
14105,2025-12-31,DMART,3373.73,-0.0536219313970036
14106,2025-09-30,DRREDDY,1162.13,-0.0288866263040949
14107,2025-10-31,DRREDDY,1137.34,-0.0213286756109445
14108,2025-11-30,DRREDDY,1195.47,0.0511021995781069
14109,2025-12-31,DRREDDY,1207.43,0.0100095578205201
14110,2025-09-30,EICHERMOT,6506.17,0.1478780763484897
14111,2025-10-31,EICHERMOT,6507.57,0.0002141763773808
14112,2025-11-30,EICHERMOT,6550.75,0.0066362152089842
14113,2025-12-31,EICHERMOT,6791.29,0.0367193616279506
14114,2025-09-30,ETERNAL,309.84,0.0367892573463326
14115,2025-10-31,ETERNAL,302.47,-0.0238095238095238
14116,2025-11-30,ETERNAL,285.67,-0.055546794324105
14117,2025-12-31,ETERNAL,264.68,-0.0734755676843972
14118,2025-09-30,GAIL,173.07,0.0186050917763069
14119,2025-10-31,GAIL,179.42,0.0367009136291796
14120,2025-11-30,GAIL,172.87,-0.0364959726857029
14121,2025-12-31,GAIL,169.02,-0.0223181252528169
14122,2025-09-30,GODREJCP,1129.34,-0.0609205560455372
14123,2025-10-31,GODREJCP,1082.59,-0.0413919032837134
14124,2025-11-30,GODREJCP,1113.58,0.0286252956990644
14125,2025-12-31,GODREJCP,1188.04,0.0668645101561402
14126,2025-09-30,GRASIM,2745.38,-0.006737341191653
14127,2025-10-31,GRASIM,2879.61,0.0488954928639848
14128,2025-11-30,GRASIM,2727.95,-0.0526679426224711
14129,2025-12-31,GRASIM,2817.18,0.0327079058543846
14130,2025-09-30,HAL,4972.18,0.0955314918061269
14131,2025-10-31,HAL,4902.31,-0.0140524584593308
14132,2025-11-30,HAL,4758.37,-0.0293602792644113
14133,2025-12-31,HAL,4597.37,-0.0338366474532254
14134,2025-09-30,HAVELLS,1467.94,-0.0154692668252323
14135,2025-10-31,HAVELLS,1460.02,-0.0053928294252763
14136,2025-11-30,HAVELLS,1409.2,-0.0348082461258045
14137,2025-12-31,HAVELLS,1392.58,-0.0117899378704837
14138,2025-09-30,HCLTECH,1393.1,-0.047910415780261
14139,2025-10-31,HCLTECH,1562.78,0.1218016758515645
14140,2025-11-30,HCLTECH,1646.62,0.0536490319045779
14141,2025-12-31,HCLTECH,1645.71,-0.0005540654994425
14142,2025-09-30,HDFCBANK,1984.05,-0.0006304873014837
14143,2025-10-31,HDFCBANK,2059.78,0.0381703080434976
14144,2025-11-30,HDFCBANK,2102.13,0.0205611417521878
14145,2025-12-31,HDFCBANK,2067.92,-0.0162762511315482
14146,2025-09-30,HDFCLIFE,737.2,-0.0202058925245052
14147,2025-10-31,HDFCLIFE,713.22,-0.0325204068354588
14148,2025-11-30,HDFCLIFE,744.85,0.044339722523643
14149,2025-12-31,HDFCLIFE,730.77,-0.0189061901688259
14150,2025-09-30,HEROMOTOCO,4808.19,0.075633394107609
14151,2025-10-31,HEROMOTOCO,4871.01,0.0130652991745832
14152,2025-11-30,HEROMOTOCO,5424.97,0.1137265306509207
14153,2025-12-31,HEROMOTOCO,5070.45,-0.0653494393891003
14154,2025-09-30,HINDALCO,741.28,0.0823921778417386
14155,2025-10-31,HINDALCO,824.85,0.1127370782289913
14156,2025-11-30,HINDALCO,786.47,-0.0465294226448005
14157,2025-12-31,HINDALCO,862.64,0.0968579449593922
14158,2025-09-30,HINDUNILVR,2396.99,-0.0546658338258233
14159,2025-10-31,HINDUNILVR,2350.37,-0.0194479702958552
14160,2025-11-30,HINDUNILVR,2369.91,0.0083107933246289
14161,2025-12-31,HINDUNILVR,2225.11,-0.0610963554935557
14162,2025-09-30,HYUNDAI,2276.53,0.0503982582263224
14163,2025-10-31,HYUNDAI,2148.18,-0.0563767319401993
14164,2025-11-30,HYUNDAI,2048.91,-0.0462130947477998
14165,2025-12-31,HYUNDAI,2024.25,-0.0120378210720519
14166,2025-09-30,ICICIBANK,1392.17,-0.0356274112071203
14167,2025-10-31,ICICIBANK,1389.38,-0.0020029226068074
14168,2025-11-30,ICICIBANK,1434.31,0.0323348033341981
14169,2025-12-31,ICICIBANK,1386.9,-0.033050172762871
14170,2025-09-30,ICICIGI,1935.41,0.0272885381537408
14171,2025-10-31,ICICIGI,2048.45,0.0584071772789407
14172,2025-11-30,ICICIGI,2024.62,-0.0116366858234957
14173,2025-12-31,ICICIGI,2015.99,-0.0042628458090017
14174,2025-09-30,ICICIPRULI,614.6,-0.0077518240081405
14175,2025-10-31,ICICIPRULI,610.42,-0.0068044641137218
14176,2025-11-30,ICICIPRULI,639.95,0.0483802888258546
14177,2025-12-31,ICICIPRULI,690.03,0.0782573702908269
14178,2025-09-30,INDHOTEL,709.05,-0.0502999349787913
14179,2025-10-31,INDHOTEL,730.21,0.0298486603620542
14180,2025-11-30,INDHOTEL,732.67,0.0033701483764476
14181,2025-12-31,INDHOTEL,727.31,-0.0073223254777258
14182,2025-09-30,INDIGO,5817.45,-0.0091215019482819
14183,2025-10-31,INDIGO,5849.16,0.0054517830011617
14184,2025-11-30,INDIGO,6136.68,0.0491555555555556
14185,2025-12-31,INDIGO,5261.13,-0.142675590951453
14186,2025-09-30,INDUSINDBK,799.06,-0.0053415171618342
14187,2025-10-31,INDUSINDBK,863.42,0.0805519523614286
14188,2025-11-30,INDUSINDBK,932.68,0.080208861740435
14189,2025-12-31,INDUSINDBK,938.82,0.0065809411398789
14190,2025-09-30,INFY,1409.52,-0.0189166456866562
14191,2025-10-31,INFY,1471.3,0.0438288099116042
14192,2025-11-30,INFY,1548.52,0.0524859031377018
14193,2025-12-31,INFY,1603.41,0.0354465093234512
14194,2025-09-30,IOC,155.98,0.0963988119556491
14195,2025-10-31,IOC,172.76,0.1075506901860057
14196,2025-11-30,IOC,168.44,-0.0250150727615304
14197,2025-12-31,IOC,178.66,0.060656202690565
14198,2025-09-30,IRFC,133.35,0.0457201415725012
14199,2025-10-31,IRFC,134.26,0.0068306469337007
14200,2025-11-30,IRFC,128.01,-0.0465493327370594
14201,2025-12-31,IRFC,135.69,0.05996426200891
14202,2025-09-30,ITC,403.75,-0.0200122696741271
14203,2025-10-31,ITC,422.66,0.0468187187836086
14204,2025-11-30,ITC,406.47,-0.0383014866198879
14205,2025-12-31,ITC,405.21,-0.0030921297913858
14206,2025-09-30,JINDALSTEL,1108.85,0.1247092553704387
14207,2025-10-31,JINDALSTEL,1112.03,0.0028672609430082
14208,2025-11-30,JINDALSTEL,1088.68,-0.0209973972523425
14209,2025-12-31,JINDALSTEL,1098.48,0.0090004061607871
14210,2025-09-30,JIOFIN,307.17,-0.0593519754125694
14211,2025-10-31,JIOFIN,321.42,0.0463846604062752
14212,2025-11-30,JIOFIN,320.79,-0.0019555854577584
14213,2025-12-31,JIOFIN,309.0,-0.0367407220633441
14214,2025-09-30,JSWENERGY,580.41,0.0868051395753282
14215,2025-10-31,JSWENERGY,576.69,-0.0064048474578696
14216,2025-11-30,JSWENERGY,534.27,-0.0735614805962856
14217,2025-12-31,JSWENERGY,527.49,-0.012687957350536
14218,2025-09-30,JSWSTEEL,1171.64,0.1130917667712783
14219,2025-10-31,JSWSTEEL,1236.54,0.0553951061381758
14220,2025-11-30,JSWSTEEL,1189.69,-0.0378938319958945
14221,2025-12-31,JSWSTEEL,1194.3,0.0038783636636241
14222,2025-09-30,KOTAKBANK,2035.5,0.0165281065765834
14223,2025-10-31,KOTAKBANK,2147.35,0.0549505356047612
14224,2025-11-30,KOTAKBANK,2170.02,0.0105603525687121
14225,2025-12-31,KOTAKBANK,2248.37,0.0361043259932223
14226,2025-09-30,LICI,943.25,0.0565627303344964
14227,2025-10-31,LICI,937.33,-0.0062752433228234
14228,2025-11-30,LICI,937.07,-0.0002794802240336
14229,2025-12-31,LICI,895.63,-0.0442170808688364
14230,2025-09-30,LODHA,1169.33,-0.0473873352944705
14231,2025-10-31,LODHA,1233.27,0.0546750876654096
14232,2025-11-30,LODHA,1182.1,-0.0414893663800512
14233,2025-12-31,LODHA,1092.63,-0.0756836167233446
14234,2025-09-30,LT,3686.84,0.0161066347258689
14235,2025-10-31,LT,4061.57,0.1016397465243579
14236,2025-11-30,LT,4100.57,0.0096009011390898
14237,2025-12-31,LT,4114.57,0.0034155277939385
14238,2025-09-30,LTIM,5061.55,0.0046751690384434
14239,2025-10-31,LTIM,5600.69,0.1065151257130572
14240,2025-11-30,LTIM,6006.61,0.0724778118754843
14241,2025-12-31,LTIM,5974.1,-0.0054130020486148
14242,2025-09-30,M&M,3456.99,0.0711048644000542
14243,2025-10-31,M&M,3517.72,0.0175664097206313
14244,2025-11-30,M&M,3790.18,0.0774546765785191
14245,2025-12-31,M&M,3741.66,-0.01280173825767
14246,2025-09-30,MARUTI,13572.25,0.0836995515620306
14247,2025-10-31,MARUTI,13705.19,0.0097947188306668
14248,2025-11-30,MARUTI,13463.02,-0.0176695911024609
14249,2025-12-31,MARUTI,14137.87,0.0501257808065889
14250,2025-09-30,MOTHERSON,108.61,0.1390835973859105
14251,2025-10-31,MOTHERSON,108.34,-0.0024609319613339
14252,2025-11-30,MOTHERSON,119.57,0.1036150753572913
14253,2025-12-31,MOTHERSON,123.3,0.031209749631627
14254,2025-09-30,NAUKRI,1274.88,-0.0359325080821123
14255,2025-10-31,NAUKRI,1342.07,0.0526999518054369
14256,2025-11-30,NAUKRI,1297.51,-0.033198672406301
14257,2025-12-31,NAUKRI,1300.83,0.0025559877652818
14258,2025-09-30,NESTLEIND,2229.62,-0.0028541999776655
14259,2025-10-31,NESTLEIND,2459.17,0.1029578141678104
14260,2025-11-30,NESTLEIND,2438.87,-0.0082573344030838
14261,2025-12-31,NESTLEIND,2490.89,0.0213306012911422
14262,2025-09-30,NTPC,348.67,0.0499060884573003
14263,2025-10-31,NTPC,345.09,-0.0102805723405414
14264,2025-11-30,NTPC,337.17,-0.0229361964781208
14265,2025-12-31,NTPC,340.38,0.0094960345515167
14266,2025-09-30,ONGC,240.82,0.0301605892585734
14267,2025-10-31,ONGC,256.78,0.0662629847595113
14268,2025-11-30,ONGC,250.58,-0.0241187063206528
14269,2025-12-31,ONGC,247.63,-0.0117985577514503
14270,2025-09-30,PFC,449.58,0.080458237921321
14271,2025-10-31,PFC,441.91,-0.0170627204988585
14272,2025-11-30,PFC,401.53,-0.0913812290263382
14273,2025-12-31,PFC,393.44,-0.0201269377868952
14274,2025-09-30,PIDILITIND,2928.01,-0.0374717405681778
14275,2025-10-31,PIDILITIND,2881.34,-0.0159401072807922
14276,2025-11-30,PIDILITIND,2931.6,0.0174443994025648
14277,2025-12-31,PIDILITIND,2956.73,0.0085725712351718
14278,2025-09-30,PNB,116.13,0.1184575916464256
14279,2025-10-31,PNB,126.48,0.089160711548301
14280,2025-11-30,PNB,128.14,0.0131011441962798
14281,2025-12-31,PNB,127.19,-0.0073895654762204
14282,2025-09-30,POWERGRID,289.97,0.0181652338582904
14283,2025-10-31,POWERGRID,298.15,0.0281892110897261
14284,2025-11-30,POWERGRID,284.01,-0.0474016639804852
14285,2025-12-31,POWERGRID,278.39,-0.0198184171056484
14286,2025-09-30,RECLTD,414.82,0.0652857068154899
14287,2025-10-31,RECLTD,422.26,0.0179311954175969
14288,2025-11-30,RECLTD,406.55,-0.037214927174355
14289,2025-12-31,RECLTD,401.93,-0.0113604697226047
14290,2025-09-30,RELIANCE,1399.78,0.005010295009141
14291,2025-10-31,RELIANCE,1525.39,0.0897361573363884
14292,2025-11-30,RELIANCE,1608.62,0.0545613074127253
14293,2025-12-31,RELIANCE,1611.59,0.0018501216802371
14294,2025-09-30,SBILIFE,1840.48,-0.00825260505599
14295,2025-10-31,SBILIFE,2010.18,0.0922037553747101
14296,2025-11-30,SBILIFE,2020.77,0.0052666897266515
14297,2025-12-31,SBILIFE,2091.59,0.0350457607248348
14298,2025-09-30,SBIN,875.33,0.0871651274141798
14299,2025-10-31,SBIN,940.09,0.0739869991935835
14300,2025-11-30,SBIN,982.23,0.0448239024031182
14301,2025-12-31,SBIN,985.44,0.0032686732503448
14302,2025-09-30,SHREECEM,30479.59,-0.0003415685886763
14303,2025-10-31,SHREECEM,29484.95,-0.0326328247912679
14304,2025-11-30,SHREECEM,27573.6,-0.0648246622154052
14305,2025-12-31,SHREECEM,27756.38,0.0066288095832018
14306,2025-09-30,SHRIRAMFIN,668.92,0.0617837109817547
14307,2025-10-31,SHRIRAMFIN,813.11,0.2155493699763746
14308,2025-11-30,SHRIRAMFIN,930.3,0.1441310352004468
14309,2025-12-31,SHRIRAMFIN,1088.2,0.1697293568235356
14310,2025-09-30,SIEMENS,3149.83,0.0213793721443058
14311,2025-10-31,SIEMENS,3116.72,-0.0105138355973529
14312,2025-11-30,SIEMENS,3318.74,0.0648192755427945
14313,2025-12-31,SIEMENS,3083.5,-0.0708825964255617
14314,2025-09-30,SUNPHARMA,1595.0,-0.0001253870639951
14315,2025-10-31,SUNPHARMA,1691.44,0.060465314655143
14316,2025-11-30,SUNPHARMA,1832.4,0.0833382878479744
14317,2025-12-31,SUNPHARMA,1720.45,-0.0610941320745606
14318,2025-09-30,SWIGGY,405.35,0.0322147948920836
14319,2025-10-31,SWIGGY,392.89,-0.0307364927882697
14320,2025-11-30,SWIGGY,362.56,-0.0772045943935202
14321,2025-12-31,SWIGGY,370.18,0.0210151003530616
14322,2025-09-30,TATACONSUM,1115.94,0.0599775262073887
14323,2025-10-31,TATACONSUM,1151.22,0.0316124462343145
14324,2025-11-30,TATACONSUM,1158.53,0.0063520211437462
14325,2025-12-31,TATACONSUM,1177.9,0.0167177409235785
14326,2025-09-30,TATAMOTORS,663.78,0.0167413933943658
14327,2025-09-30,TATAPOWER,400.49,0.0387545175714614
14328,2025-10-31,TATAPOWER,417.24,0.0418114169603283
14329,2025-11-30,TATAPOWER,401.99,-0.0365522516021661
14330,2025-12-31,TATAPOWER,391.17,-0.0269161666630587
14331,2025-09-30,TATASTEEL,173.38,0.0925039674642727
14332,2025-10-31,TATASTEEL,187.83,0.0833678369729098
14333,2025-11-30,TATASTEEL,172.55,-0.0813825329117718
14334,2025-12-31,TATASTEEL,185.0,0.0721599701808344
14335,2025-09-30,TCS,2839.33,-0.0636366596394045
14336,2025-10-31,TCS,3017.27,0.0626662950484395
14337,2025-11-30,TCS,3095.71,0.0259973863356302
14338,2025-12-31,TCS,3163.49,0.0218964175517566
14339,2025-09-30,TECHM,1379.13,-0.054745464638455
14340,2025-10-31,TECHM,1417.55,0.0278612930009256
14341,2025-11-30,TECHM,1510.0,0.0652203922754772
14342,2025-12-31,TECHM,1583.25,0.0485072501690069
14343,2025-09-30,TITAN,3171.13,-0.0721450820667469
14344,2025-10-31,TITAN,3528.74,0.1127709645051293
14345,2025-11-30,TITAN,3680.38,0.0429712013193264
14346,2025-12-31,TITAN,3815.81,0.0367991131275711
14347,2025-09-30,TORNTPHARM,3567.06,0.0121916523177805
14348,2025-10-31,TORNTPHARM,3524.4,-0.0119616160280787
14349,2025-11-30,TORNTPHARM,3683.29,0.0450830727447688
14350,2025-12-31,TORNTPHARM,3811.39,0.0347792791313732
14351,2025-09-30,TRENT,4729.15,-0.1171196757259863
14352,2025-10-31,TRENT,4746.13,0.0035917006999717
14353,2025-11-30,TRENT,4297.33,-0.094561509524059
14354,2025-12-31,TRENT,4326.25,0.0067288504626394
14355,2025-09-30,TVSMOTOR,3103.29,0.0494720172941842
14356,2025-10-31,TVSMOTOR,3166.46,0.0203565069348103
14357,2025-11-30,TVSMOTOR,3187.04,0.0064981670663781
14358,2025-12-31,TVSMOTOR,3356.97,0.0533200930914616
14359,2025-09-30,ULTRACEMCO,11821.69,-0.0330696246191202
14360,2025-10-31,ULTRACEMCO,11555.7,-0.022500403588102
14361,2025-11-30,ULTRACEMCO,11220.06,-0.0290449263838482
14362,2025-12-31,ULTRACEMCO,11398.04,0.0158620636927397
14363,2025-09-30,UNITDSPR,1321.47,0.0101449932405983
14364,2025-10-31,UNITDSPR,1428.34,0.0808728726688863
14365,2025-11-30,UNITDSPR,1448.5,0.0141120011574544
14366,2025-12-31,UNITDSPR,1440.62,-0.0054423424869004
14367,2025-09-30,VBL,454.68,-0.0891921351269404
14368,2025-10-31,VBL,481.27,0.0584853699969989
14369,2025-11-30,VBL,493.46,0.0253380476292708
14370,2025-12-31,VBL,501.97,0.017235951654082
14371,2025-09-30,VEDL,487.84,0.1073339225302008
14372,2025-10-31,VEDL,516.9,0.0595749133844873
14373,2025-11-30,VEDL,550.88,0.0657482190529368
14374,2025-12-31,VEDL,632.99,0.1490494632109471
14375,2025-09-30,WIPRO,230.3,-0.0402550178252734
14376,2025-10-31,WIPRO,231.55,0.0054309376074124
14377,2025-11-30,WIPRO,240.08,0.0368138423094057
14378,2025-12-31,WIPRO,253.3,0.0551036172371928
14379,2025-09-30,ZYDUSLIFE,933.51,0.0008664250755896
14380,2025-10-31,ZYDUSLIFE,926.43,-0.0075873175185775
14381,2025-11-30,ZYDUSLIFE,896.05,-0.0327877372374428
14382,2025-12-31,ZYDUSLIFE,869.29,-0.0298674051999811
